DBRep_DrawableShape

CASCADE Topology V1, (c) Matra-Datavision
Locations 69
1
              1               0               0              -0 
              0               1               0              -0 
              0               0               1            -241 
1
              1               0               0               3 
              0               1               0               0 
              0               0               1               0 
2  2 -1 0
1
1.11022302462516e-16               0               1               0 
              0               1               0               0 
             -1               0 1.11022302462516e-16               0 
1
              1               0               0               0 
              0               1               0               0 
              0               0               1               0 
1
              1               0               0               0 
              0 1.11022302462516e-16              -1               0 
              0               1 1.11022302462516e-16               0 
1
              1               0               0               0 
              0               1               0               0 
              0               0               1               0 
1
              1               0               0               0 
              0               1               0              30 
              0               0               1             190 
2  4 1 5 1 6 1 7 1 8 1 0
1
1.11022302462516e-16               0               1               0 
              0               1               0               0 
             -1               0 1.11022302462516e-16               0 
1
              1               0               0               0 
              0               1               0               0 
              0               0               1               0 
1
              1               0               0               0 
              0 1.11022302462516e-16              -1               0 
              0               1 1.11022302462516e-16               0 
1
              1               0               0               0 
              0               1               0               0 
              0               0               1               0 
1
              1               0               0               0 
              0               1               0              30 
              0               0               1             190 
2  10 1 11 1 12 1 13 1 14 1 0
1
1.11022302462516e-16               0               1               0 
              0               1               0               0 
             -1               0 1.11022302462516e-16               0 
1
              1               0               0               0 
              0               1               0               0 
              0               0               1               0 
1
              1               0               0               0 
              0 1.11022302462516e-16              -1               0 
              0               1 1.11022302462516e-16               0 
1
              1               0               0               0 
              0               1               0               0 
              0               0               1               0 
1
              1               0               0               0 
              0               1               0              30 
              0               0               1             190 
2  16 1 17 1 18 1 19 1 20 1 0
1
1.11022302462516e-16               0               1               0 
              0               1               0               0 
             -1               0 1.11022302462516e-16               0 
1
              1               0               0               0 
              0               1               0               0 
              0               0               1               0 
1
              1               0               0               0 
              0 1.11022302462516e-16              -1               0 
              0               1 1.11022302462516e-16               0 
1
              1               0               0               0 
              0               1               0               0 
              0               0               1               0 
1
              1               0               0               0 
              0               1               0              30 
              0               0               1             190 
2  22 1 23 1 24 1 25 1 26 1 0
1
1.11022302462516e-16               0               1               0 
              0               1               0               0 
             -1               0 1.11022302462516e-16               0 
1
              1               0               0               0 
              0               1               0               0 
              0               0               1               0 
1
              1               0               0               0 
              0 1.11022302462516e-16              -1               0 
              0               1 1.11022302462516e-16               0 
1
              1               0               0               0 
              0               1               0               0 
              0               0               1               0 
1
              1               0               0               0 
              0               1               0              30 
              0               0               1             190 
2  28 1 29 1 30 1 31 1 32 1 0
1
1.11022302462516e-16               0               1               0 
              0               1               0               0 
             -1               0 1.11022302462516e-16               0 
1
              1               0               0               0 
              0               1               0               0 
              0               0               1               0 
1
              1               0               0               0 
              0 1.11022302462516e-16               1               0 
              0              -1 1.11022302462516e-16               0 
1
              1               0               0               0 
              0               1               0               0 
              0               0               1               0 
1
              1               0               0               0 
              0               1               0             -30 
              0               0               1             190 
2  34 1 35 1 36 1 37 1 38 1 0
1
1.11022302462516e-16               0               1               0 
              0               1               0               0 
             -1               0 1.11022302462516e-16               0 
1
              1               0               0               0 
              0               1               0               0 
              0               0               1               0 
1
              1               0               0               0 
              0 1.11022302462516e-16               1               0 
              0              -1 1.11022302462516e-16               0 
1
              1               0               0               0 
              0               1               0               0 
              0               0               1               0 
1
              1               0               0               0 
              0               1               0             -30 
              0               0               1             190 
2  40 1 41 1 42 1 43 1 44 1 0
1
              1               0               0               0 
              0 1.11022302462516e-16               1               0 
              0              -1 1.11022302462516e-16               0 
1
              1               0               0               0 
              0               1               0               0 
              0               0               1               0 
1
              1               0               0               0 
              0               1               0             -30 
              0               0               1             190 
2  16 1 17 1 46 1 47 1 48 1 0
1
              1               0               0               0 
              0 1.11022302462516e-16               1               0 
              0              -1 1.11022302462516e-16               0 
1
              1               0               0               0 
              0               1               0               0 
              0               0               1               0 
1
              1               0               0               0 
              0               1               0             -30 
              0               0               1             190 
2  10 1 11 1 50 1 51 1 52 1 0
1
1.11022302462516e-16               0               1               0 
              0               1               0               0 
             -1               0 1.11022302462516e-16               0 
1
              1               0               0               0 
              0               1               0               0 
              0               0               1               0 
1
              1               0               0               0 
              0 1.11022302462516e-16               1               0 
              0              -1 1.11022302462516e-16               0 
1
              1               0               0               0 
              0               1               0               0 
              0               0               1               0 
1
              1               0               0               0 
              0               1               0             -30 
              0               0               1             190 
2  54 1 55 1 56 1 57 1 58 1 0
2  8 -1 7 -1 6 -1 5 -1 4 -1 0
2  14 -1 13 -1 12 -1 11 -1 10 -1 0
2  20 -1 19 -1 18 -1 17 -1 16 -1 0
2  26 -1 25 -1 24 -1 23 -1 22 -1 0
2  32 -1 31 -1 30 -1 29 -1 28 -1 0
2  38 -1 37 -1 36 -1 35 -1 34 -1 0
2  44 -1 43 -1 42 -1 41 -1 40 -1 0
2  48 -1 47 -1 46 -1 17 -1 16 -1 0
2  52 -1 51 -1 50 -1 11 -1 10 -1 0
2  58 -1 57 -1 56 -1 55 -1 54 -1 0
Curve2ds 427
8 2.02491028474497 2.1708180198249205
5 15.766590178401241 -24.999999999999996 0 1 -1 0 5.6309250637147548 3.3785550382288534
8 2.02491028474497 2.1708180198249205
7 0 0  5 6 2  2.1413428052527705 3.8484282505972534  2.1337704962900839 3.1352462570587813  2.1264649406037699 2.3951268621816535  2.1194145124002062 1.6268047659603846  2.1126081545212694 0.8289193197729251  2.1060353903416571 7.0067817473033203e-15 
 2.02491028474497 6 2.1708180198249205 6
3 2.7199602779411229 -2 -1 -0 -0 1 2.71996027794113 2
7 0 0  5 6 2  -1.1102230246251565e-16 1.4035854405574071  0.20655066132467997 1.4035854405574033  0.41309997236709756 1.3053401651087186  0.61965240255450293 1.1084418297256455  0.82620264529871879 0.83180241735537386  1.0327533066234023 0.50483975239347956 
 0 6 1.0327533066234018 6
7 0 0  4 5 2  3.0062858774192946 -3.0000000000000036  3.1570019534055862 -3.2428261354334964  3.3078443653284579 -3.4856052793577792  3.4588218678568974 -3.7283340895128698  3.6099450786807097 -3.971008489144948 
 0 5 1 5
7 0 0  4 5 2  2.1376805967650219 3.4985711372737835  2.1406030173222184 3.7817526401784933  2.1436139092665143 4.064879341226515  2.1467193023050224 4.3479473447722814  2.1499264781935472 4.6309518948453032 
 0 5 1 5
1 0 0 0 -1 
1 33.105890714493697 0 0 -1 
7 0 0  5 18 5  3.6099450786807026 -3.971008489144948  3.5483099020314484 -3.8720344175378218  3.4794050890957671 -3.7775258280977497  3.4037346986414923 -3.6881513799982346  3.3218848315979521 -3.6044773918851796  3.1803090809846672 -3.4789329759414818  3.1239932599334859 -3.4332585110751799  3.0656985791596951 -3.3900720929159101  3.0055826195320288 -3.3494732963281435  2.7980443419838918 -3.2220585687734102  2.6430451860284458 -3.1474552647963705  2.4809579399206285 -3.0888704773845466  2.3140435670776505 -3.0470308195528273  2.0837591169708025 -3.0133862909013742  2.0225603065968349 -3.0066988188758867  1.9611469572063089 -3.0022337044133072  1.8996277379966777 -3  1.8381120115599874 -3 
 0 6 0.27709817211076987 4 0.44890804496545139 4 0.85431740303416304 4 1 6
7 0 0  5 18 5  0.22711500502044402 3.6820121538603772  0.22580696735133365 3.7397234588981898  0.22436004000650822 3.797328917983529  0.22279184374713168 3.8548207135163257  0.22112189917357306 3.9122046580331  0.21828265800803859 4.00500420482763  0.21716421379075079 4.0404826047499078  0.21601855581060914 4.0759246312406834  0.21485011748094252 4.1113332108834006  0.21086248081384884 4.2301930026424879  0.20795873145686716 4.3135089748837316  0.20500835319208566 4.3967035309146176  0.20206028021479394 4.4798448424950008  0.19811034032343144 4.5928600137258542  0.19707162228833219 4.6227358597634911  0.19604021822959972 4.6526143248330092  0.1950178442134014 4.6824979083059572  0.19400607728239727 4.7123889803846932 
 0 6 0.27709817211076987 4 0.44890804496545139 4 0.85431740303416304 4 1 6
1 0 -3 1 0 
1 -15.737661989205748 44 0.30320365727694698 -0.95292578001326189 
1 6.2831853071795862 -0 0 1 
1 0 -0 0 1 
1 4.7616102724689346 4.6309518948453032 1 0 
1 0 3.6820121538603772 1 0 
1 0 4.6985711369071836 1 0 
1 0 0.54041950027058538 1 0 
7 0 0  6 7 2  4.6928350300050479 2.2204460492503131e-15  4.6839798537781148 0.8465377837181608  4.6748798138798353 1.6604958482136907  4.6655224600780238 2.4440586367818598  4.6558931775939651 3.1992148866869901  4.6459777552119892 3.9276268604017082  4.635756929872346 4.6309519156278043 
 0.20312925702856302 7 5.0515715186820591 7
1 0 0 0 1 
1 0 0 1 0 
2 4.3469403767134907 30.000000000000004 -1 0 0 1 15
1 0 4.6309518948453041 1 0 
1 0 3.6820121538603785 1 0 
7 0 0  7 14 3  2.1086790582173669 0.32953463884274847  2.1147391019558301 0.28644560828958526  2.1209238297881168 0.2455417973789123  2.1272373440916836 0.20703216658094151  2.1336830377136562 0.17117614350409283  2.1402638144807598 0.13828700372266262  2.1469825777050708 0.10874038371413161  2.1596545702337124 0.061207509486207401  2.1655631204283088 0.042160559625639291  2.1715708095320179 0.026144788607722652  2.1776737694573396 0.013506187065055316  2.1838626832797954 0.0046462943128179699  2.1901221948561056 8.3494226794354358e-14  2.1964298873157886 8.2253524859647678e-14 
 0.63638342855069774 8 0.83326102127606461 6 1 8
7 0 0  7 14 3  1.0327533101390962 0.50483975078268106  1.0688037068406333 0.57365350592740694  1.1055665504489687 0.64222570155630998  1.143124361641507 0.71044672001965259  1.1815632577062938 0.77817256193501139  1.220977804165619 0.84522428933553873  1.2614784410841118 0.911387210420049  1.3385560776400232 1.0314724099691275  1.3747577378773297 1.0856761485698789  1.4118974183880748 1.1388551781682918  1.4500367673741015 1.1907722331557726  1.489220836649489 1.2411201291791987  1.5294750219561561 1.2895325270237155  1.5707963267948966 1.335600634245883 
 0.63638342855069774 8 0.83326102127606461 6 1 8
7 0 0  7 8 2  0.47195797391786654 4.630951921466071  0.44638764268181186 4.0755058587236501  0.4214861229158493 3.4875104194499422  0.39721402901946773 2.865394291147441  0.37354706710501112 2.2074881233293611  0.35047249284385523 1.5121731068713757  0.32796640263564697 0.77719250438571563  0.30600927465018357 -1.4312351082068631e-07 
 -2.0772269997248265 8 3.4413440183688273 8
1 0 0 0 1 
1 0 0 1 0 
2 4.3469403767134907 30.000000000000004 -1 0 0 1 15
7 0 0  7 8 2  1.9623290642551843 0  1.9403719954117593 0.7771903804987389  1.917865957458412 1.512168378291695  1.8947912441462136 2.2074882287448307  1.8711243532619215 2.8653945863942019  1.8468524315462451 3.4875055380759918  1.821950693076827 4.0755046898150882  1.7963803979143065 4.6309518758018928 
 0.4023088764512977 8 5.920876447540798 8
1 0 0 0 1 
1 1.9228114731731027 4.6309518948453032 1 0 
1 0 3.6820121538603772 1 0 
1 0 0 0 1 
1 31.702305273936332 -2 1 0 
7 0 0  5 6 2  1.5707963267948966 -0.25687333561660708  1.2566370614358826 -0.25687333561660564  0.94247779956942479 -0.25687333561660874  0.62831852722520043 -0.25687333561660608  0.31415926535899064 -0.25687333561660736  1.1102230246251565e-16 -0.25687333561660708 
 0 6 1 6
1 0 0 1 0 
1 1.5707963267948966 0 0 1 
1 11.920805845599801 41.594077837847372 0.90618313999526545 0.42288546533112387 
1 0 -3 1 0 
1 14.262338010794252 30 -0.90618313999526545 0.42288546533112387 
7 0 0  7 8 2  33.074767181143947 1.0022362129715381e-16  32.2310576276763 -1.0658901556139606  31.428639030459117 -2.0456410360374515  30.662374765448924 -2.9464983368381548  29.92567801878128 -3.7768483129697006  29.215582203718341 -4.5399114441453774  28.527395881462134 -5.2405423660244628  27.856653770436139 -5.8818940245580036 
 -0.73773616420194876 8 7.5274117522030766 8
1 8.2651479164050254 0 0 1 
7 0 0  4 5 2  30.579671789010007 -3.0096111078961494  30.644259832769382 -3.0048263984589978  30.708955902371919 -3.0016163968670702  30.773701015597503 -3  30.838432194116457 -3 
 0 5 1 5
7 0 0  4 5 2  0.063840792447456496 4.6143134199280116  0.06684763768321185 4.6387455443584704  0.069831929385671301 4.6632258585523285  0.072791138117876422 4.6877690161864445  0.075722856694973473 4.7123889803846932 
 0 5 1 5
7 0 0  10 56 7  -0.12643106887455599 3.6820121538603772  -0.12642508075222914 3.6820776994058932  -0.12624441279044918 3.683587136881322  -0.12232438353018661 3.695583980414396  -0.12793600381119377 3.6793630762609526  -0.11970549636884997 3.7045688504197014  -0.1250701605664041 3.6890117204666577  -0.12112999507756179 3.7013371698181987  -0.12152232562988738 3.7007025736798598  -0.1206616625272879 3.7038111533700331  -0.1192882276071271 3.7089959310017373  -0.11860141789428534 3.7115909007133121  -0.11791449227259802 3.7141886058683342  -0.11722742708592053 3.7167892010115566  -0.11654019867823803 3.7193928406933683  -0.11585278339333724 3.7219996794562333  -0.11516515757523633 3.7246098718511949  -0.11447729756774255 3.7272235724220408  -0.11378917971481292 3.7298409357173443  -0.11172398165134745 3.7377044774151416  -0.11034719941599065 3.7429574005926947  -0.10897044559225154 3.7482210919100569  -0.10759373211814786 3.7534957574637851  -0.10621707093167955 3.7587816033462169  -0.10484047397084635 3.764078835655289  -0.10346395317367446 3.7693876604830749  -0.1020875204781465 3.7747082839265644  -0.100711187822286 3.7800409120794427  -0.096582525787704529 3.7960754289525522  -0.093831071493844981 3.8068118461182308  -0.091081213909141395 3.8175947975781583  -0.088333562680138214 3.8284240783714827  -0.085588727453547842 3.8392994835465344  -0.082847317875828816 3.8502208081382525  -0.080109943593736493 3.8611878471969199  -0.077377214253756155 3.8722003957589441  -0.074649739502562332 3.8832582488705092  -0.066484907955067826 3.9165671069768817  -0.061064711056872077 3.9389561406779414  -0.055673164034174688 3.9615238579978769  -0.050315892629028594 3.9842658142592016  -0.044998522583455491 4.0071775647846772  -0.039726679639515219 4.0302546648955193  -0.03450598953922808 4.0534926699157046  -0.029342078024648558 4.0768871351661646  -0.024240570837807361 4.1004336159700872  -0.0091401394866278581 4.1715157710085906  0.00066155563276557592 4.2195520379695663  0.010129784172816875 4.2679996756496195  0.019225979351934434 4.3168653486119242  0.027916670166944227 4.3661772702187092  0.036160505919593015 4.4158601864254372  0.043906850174823653 4.4657072521072152  0.051105944150014175 4.5154487998091515  0.057730639535972177 4.5649180010247292  0.063809700749061449 4.6143134199210971 
 0 11 0.03125 9 0.0625 9 0.125 9 0.25 9 0.5 9 1 11
7 0 0  11 82 9  -6.9388939039072284e-18 5.9208764475407971  -1.1878623380052745e-06 5.9207920482157927  0.001173271698129019 5.9183065411109892  -0.0026626805862923005 5.9246307785224159  0.084268013502016861 5.8794511905114435  -0.029033476259582396 5.9371442049023209  0.10927579484370527 5.8698514162508042  0.033550049430563916 5.907162637290079  0.085656559710700408 5.8825931535360336  0.085339416632909088 5.8832445094836618  0.098540696414372603 5.8774209409564317  0.12157507910868907 5.8673819332455306  0.13308536037531371 5.8623657364563728  0.14458849731949122 5.8573529555743846  0.15608425569901704 5.8523436994369824  0.16757240127229975 5.8473380768873611  0.17905269979674263 5.8423361967618099  0.19052491703106669 5.8373381679024234  0.20198881873260419 5.8323440991483331  0.21344417065985435 5.8273540993387405  0.22489073857055328 5.8223682773142693  0.25920338752730482 5.8074236711139555  0.28207065730856784 5.7974654361496727  0.30493215809864554 5.787511242911596  0.32778995043038783 5.7775602972920215  0.35064609483493386 5.7676118051801444  0.37350265184623471 5.7576649724685538  0.39636168199456806 5.7477190050474301  0.41922524581406795 5.7377731088075503  0.44209540383563023 5.7278264896406341  0.46497421659228172 5.7178783534369053  0.53364280066343739 5.6880270113896714  0.57940637470692802 5.6681422271810824  0.62515681426833425 5.6482733988665554  0.67089646686922833 5.6284203718371826  0.71662768003173272 5.6085829915105574  0.76235280127729055 5.5887611032640159  0.80807417812789017 5.56895455252348  0.85379415810530912 5.5491631846675906  0.89951508873121877 5.529386845112124  0.94523931752752222 5.5096253792496643  1.082428940992807 5.4503851389522167  1.1738899345633063 5.4109594384123119  1.2653563037026732 5.3716071975992676  1.3568321793848273 5.3323340832475328  1.4483216925866593 5.2931457620919282  1.5398289742798668 5.2540479008674765  1.6313581554433012 5.2150461663083441  1.7229133670480108 5.1761462251500205  1.8144987400717394 5.1373537441266368  1.9061184054877924 5.0986743899732643  2.1810926718393659 4.9829927083273651  2.3645634843442327 4.9063437261952281  2.5482237528196143 4.8302175052216905  2.7321082983016747 4.754664667590192  2.9162519418200059 4.679735835503485  3.1006895044159011 4.6054816311361124  3.2854558071141624 4.5319526766950053  3.4705856709582714 4.4591995943574094  3.6561139169746903 4.3872730063223475  3.8420753662022062 4.316223534776193  4.2149343131432122 4.1759800690456581  4.4018455520817463 4.1067918588101593  4.5892626364562501 4.0385891674006302  4.7772096462433264 3.9714239910169047  4.9657106614027757 3.905348325851786  5.1547897619200294 3.8404141681079254  5.3444710277487451 3.776673513977419  5.5347785388750008 3.7141783596612394  5.7257363752577097 3.6529807013544313  5.9173686168741657 3.5931325352551822  6.3020300705098 3.4762391798656163  6.4965249872337774 3.4188667699747404  6.6827101799241042 3.3648558948204008  6.8950678663349034 3.3069159626189295  7.0683644632550457 3.2589821052112073  7.2722242008774485 3.206217257892344  7.4866816238808047 3.1529916023983526  7.6506445166913011 3.1123571808229262  7.8762902887335295 3.0602577416426224  8.0639366254511682 3.0182292726287128  8.2634042223947297 2.9754650382318308 
 0 12 0.015625 10 0.03125 10 0.0625 10 0.125 10 0.25 10 0.5 10 0.75 10 1 12
1 0 4.7123889803846932 1 0 
2 -7.7376619892057477 30 -0.34479008347233114 0.93867981673153222 -0.93867981673153222 -0.34479008347233114 14.332380757938118
7 0 0  9 50 7  -0.12585336052650578 3.6820121538603772  -0.12574971513691269 3.6820120814548467  -0.12555100798275254 3.6840684227246538  -0.12552377408071677 3.6836539847289225  -0.12558987418897374 3.6829616968094858  -0.12538715698233424 3.6845104102392954  -0.12471137728242024 3.6884460729705961  -0.12385776086798728 3.6927497118628816  -0.12338060639229981 3.6955636548320836  -0.12219802347354126 3.7021311957804546  -0.12160677400422715 3.7054170622328497  -0.12101545929631204 3.7087056848290505  -0.12042397212107579 3.7119977237360708  -0.11983220524989428 3.7152938391184414  -0.1192400514540172 3.7185946911439069  -0.11864740350482234 3.7219009399771172  -0.1180541541735865 3.7252132457849139  -0.11627228034776556 3.7351703146292436  -0.11508469933803296 3.7418175536846841  -0.11389742934464993 3.7484746550330867  -0.11271044650979463 3.7551422878088063  -0.11152372697567593 3.7618211211453763  -0.11033724688446984 3.7685118241770934  -0.10915098237838244 3.7752150660378176  -0.10796490959959634 3.7819315158614861  -0.10440719487173239 3.8021224966234022  -0.10203705934330899 3.815632978330656  -0.099669416360021856 3.8291932110633509  -0.097305084176870643 3.8428031179806617  -0.094944881048824481 3.8564626222423875  -0.092589625230894354 3.8701716470072269  -0.090240134978048378 3.883930115435394  -0.087897228545287712 3.8977379506855501  -0.080890715472209163 3.9393093263813483  -0.076249280944881703 3.9672216948782069  -0.071644366922344438 3.9953300627808024  -0.067082919721316719 4.0236323114598287  -0.062571885658539828 4.052126322289344  -0.058118211050727848 4.0808099766391628  -0.053728842214620792 4.1096811558833348  -0.049410725466939288 4.138737741392565  -0.036690970439366276 4.2264573608335674  -0.028557154713623235 4.2852218908002122  -0.020630455627318717 4.3471612327555009  -0.013614485330453332 4.4023463751894614  -0.0062133655136369205 4.4712889359035728  -0.0004195062046805834 4.5247276405265477  0.0056664866128938313 4.5911090615244667  0.010670179065294477 4.6509722160401221  0.015156755609472047 4.7122029168016821 
 0 10 0.03125 8 0.0625 8 0.125 8 0.25 8 0.5 8 1 10
7 0 0  9 58 8  0 5.0515715186820582  0.0040666043891624945 5.0512782679043466  0.0071039290973752816 5.0457863791941087  0.013534434184591647 5.050270818637502  0.017019540888795141 5.0396551251040203  -0.0045653143399585943 5.0570661536726265  0.055328816925176175 5.0254161621205951  0.059471331201163491 5.0249409355912951  0.081392194114967786 5.0146369819458601  0.12026461799014865 4.996772586192491  0.13968933607879624 4.9878419033578911  0.15910580313059344 4.9789114606675007  0.17851726195756115 4.9699799832210649  0.19792695537185465 4.9610461961224432  0.21733812618543971 4.9521088244702902  0.23675401721048775 4.9431665933683382  0.2561778712589991 4.9342182279164666  0.31448305091124135 4.9073509038173189  0.35332189597124553 4.889444684427672  0.39213349421215171 4.8715436365841001  0.43092187352287475 4.8536476018227077  0.46969106179257386 4.8357564216794815  0.5084450869100865 4.8178699376909089  0.54718797676458419 4.7999879913928138  0.58592375924496876 4.7821104243215435  0.70212186823097178 4.7284903853964151  0.77954863750708592 4.6927722714704325  0.85694512723494798 4.6570931906761999  0.93431969458078912 4.6214635974553202  1.011680696710983 4.5858939462483654  1.0890364907916537 4.5503946914971216  1.1663954339892773 4.5149762876423969  1.2437658834699554 4.4796491891254719  1.4759368222603142 4.373973172911759  1.6307993157168401 4.3039237509537491  1.7858128479418669 4.2343683619941608  1.9410465901068956 4.1653997835112184  2.0965697133846031 4.0971107929873662  2.2524513889461799 4.029594167899524  2.4087607879642801 3.9629426857301437  2.5655670816104559 3.897249123957427  2.8803118005032418 3.767963396166611  3.0382720789051065 3.7043746921723173  3.1968687460104253 3.6419420017353339  3.3561502715682496 3.5807671785108304  3.5161651253259625 3.5209520761559148  3.676961777032715 3.4625985483248303  3.8385886964363873 3.4058084486750713  4.0010943532854313 3.3506836308613512  4.3279600813709367 3.2439682662188578  4.4931945830076714 3.1921766652442725  4.6555211517150585 3.1430501975643659  4.8261210422970526 3.0943551281977406  4.9921370907339497 3.0488729370492087  5.1563969224473558 3.0060688836433909  5.3317300525475897 2.9633312231082907  5.4987621269496776 2.9248397429082345  5.6700113626207482 2.8879308709639058 
 0 10 0.03125 8 0.0625 8 0.125 8 0.25 8 0.5 8 0.75 8 1 10
1 0 4.7123889803846906 1 0 
2 -7.7376619892057477 30 0.049201419462313073 -0.99878887675168537 0.99878887675168548 0.04920141946231308 14.332380757938118
8 3.6820121538603772 4.7123889803846906
1 1.5215750347106516 0 0 1 
8 3.6820121538603772 4.7123889803846906
1 0 1.3322676295501878e-15 0 1 
8 0.54041950027058538 1.5707963267948903
1 6.2831853071795862 0 0 1 
8 0.54041950027058538 1.5707963267948903
1 0 0 0 1 
1 0 1.5707963267948903 1 0 
2 0 0 1 0 -0 1 10.867619242061879
7 0 0  5 6 2  5.6700113580616369 2.8875033170945934  6.0066477076679767 2.8149490200156233  6.343679133400828 2.7418888738371714  6.6816627916964864 2.6690227444238546  7.0211225469686562 2.596996271299234  7.3624626927831898 2.5263512981161593 
 0 6 1 6
7 0 0  5 6 2  -6.8155311736111148 15.697314484704433  -6.7447151449351495 15.581264774125614  -6.6814588249437596 15.461334797597658  -6.6260953682014732 15.338737917858701  -6.5787045843373715 15.214705298985017  -6.5391430037498424 15.090368902852768 
 0 6 1 6
7 0 0  11 22 3  7.3624626927831889 1.33351753612728  7.0039621488572603 1.2784755169261013  6.6519667890696166 1.224432264606145  6.3057493028153297 1.1712761122685522  5.9645450628211902 1.1188896636346135  5.6276829609773316 1.0671698808015571  5.2944072469822068 1.0160007304045693  4.9640918084232579 0.96528608291184947  4.6360370759850191 0.91491853064961193  4.309619347684432 0.86480231416685038  3.984195777185231 0.81483873469820434  3.3340834934350365 0.71502440132719325  3.0093946129496869 0.6651736217484856  2.6844439810940255 0.61528265443729491  2.358609006200246 0.56525591041034617  2.0312679275594059 0.51499792826440582  1.7017949931582721 0.46441263379611497  1.369556934334748 0.41340279874001712  1.0339112663245442 0.36186977984672408  0.69420694375965064 0.30971361952237253  0.349787900093812 0.25683358925209937  6.6613381477509392e-16 0.20312925702856294 
 0 12 0.5 10 1 12
8 0 1
1 1 0 0 1 
1 7.3624626927831898 0 0 1 
7 0 0  6 7 2  32.243159271338357 6.1131604062361206e-15  31.517023685256859 -1.1504414190219217  30.830438348338806 -2.2323541206442186  30.179195236961348 -3.2525561580666245  29.559252529302583 -4.217485682730759  28.967967819820366 -5.131313554922861  28.401955590820396 -5.9992132948513506 
 -0.89631840964056186 7 6.4661442831426275 7
7 0 0  5 22 6  -9.9562103746201842 34.518835053324828  -9.9839041444191299 34.431177872404795  -10.017059157214961 34.342881333284097  -10.055769560939705 34.254391225400177  -10.100025333388682 34.166204094203898  -10.199546731027734 33.991137490954422  -10.254852117438706 33.904263390856258  -10.315481056771469 33.818722167347865  -10.381182029646599 33.735037333205376  -10.522421721229835 33.571874167607213  -10.598015934227622 33.49242314415617  -10.67801433727948 33.415834285106911  -10.761943900019794 33.342559514419257  -10.937120610207824 33.202944351697504  -11.028409484349924 33.136649375484872  -11.122580989991421 33.074455351856656  -11.219016458041761 33.01664930750708  -11.352006764415872 32.944448813200978  -11.387131908264687 32.926070389956386  -11.422436248566076 32.908278229441507  -11.457891484893082 32.8910784645836  -11.493469374671747 32.874475449353554 
 0 6 0.22776383739531714 4 0.45635671193862626 4 0.68628826921352593 4 0.91763266349841122 4 1 6
7 0 0  5 22 6  0 3.4413438731874328  0.39090234762428017 3.4768361961358045  0.78101691951474161 3.5151832732724819  1.1703080855639489 3.5562857395778193  1.5587772181696486 3.5999738208814787  2.3355431613100417 3.6922267417448529  2.7238364691966108 3.7408090435718675  3.1113664022908889 3.7915308034732003  3.4982101080261914 3.8440997622683768  4.2729996024711561 3.9525985355404893  4.6609392488052164 4.0085463580540406  5.0484026869542609 4.0657039796742911  5.4355338771305668 4.1237089956131019  6.2118204037516707 4.2410545568934932  6.6009730460582388 4.3004010777509336  6.990105350551886 4.3598755973536081  7.3793838847995818 4.4191154559958079  7.9076619442952039 4.4986864254938155  8.046402759489137 4.5195072759629671  8.1851878321502891 4.5402422630511072  8.3240235563400056 4.5608772599899954  8.4629159639328275 4.5813987801968166 
 0 6 0.22776383739531714 4 0.45635671193862626 4 0.68628826921352593 4 0.91763266349841122 4 1 6
7 0 0  11 42 5  11.688031559749689 41.485449837783996  11.656362727642989 41.470671049467398  11.62300347640767 41.456938505771141  11.587048985500214 41.445398884373539  11.55193769653313 41.436934972573795  11.517329913902866 41.431846928728838  11.481307362624692 41.430729068680108  11.44402562456964 41.434794775947083  11.40817970034067 41.445066800354745  11.375871270039076 41.461014876830632  11.345694552103067 41.480387261425072  11.290477418859968 41.525907636420342  11.265510583665275 41.551885977396381  11.243004844802861 41.579987810080013  11.222651749545742 41.6095653171771  11.204103359490611 41.640237846133786  11.187035169924664 41.671759531143792  11.171183616010076 41.703934218234679  11.156358166576391 41.736577691672501  11.142428004652073 41.76952720360277  11.129283295526129 41.802698305194674  11.091746534186848 41.903170331354872  11.069227369305656 41.971217630158606  11.048529370550551 42.039752002406189  11.029069225680214 42.108545820150212  11.010381329044739 42.177539327629702  10.992118459866997 42.246711564706686  10.974036296562824 42.316005587350134  10.955961767069358 42.385307986408314  10.937745235184922 42.454482703182983  10.919196522949086 42.523459143260894  10.861621261150958 42.73020547581104  10.82115214735542 42.86728658169126  10.775638013194511 43.00470685432272  10.728061623541789 43.133951761424264  10.66755926288231 43.275346020474529  10.605460974211155 43.393594883130895  10.527630336711553 43.522049733963279  10.434822828370764 43.63507570245249  10.326809048821183 43.73364493837672  10.203415432259668 43.810221384592069  10.071024537907601 43.864878669341714 
 0 12 0.125 10 0.25 10 0.5 10 1 12
8 0 1
1 0 0 0 1 
1 -17.653059623286509 30.000000000000004 0.90618313999526545 0.42288546533112387 
1 0 0 1 0 
1 -15.653059623286509 18 0 -1 
8 -18.000000000000004 54
1 26 18.000000000000004 0 1 
1 12.346940376713491 -43.999999999999993 -0.90618313999526545 0.42288546533112387 
1 0 0 1 0 
7 0 0  10 47 6  1.0491288540179162 15.088818860451086  1.0638168319664432 15.134981076861063  1.0868227805900386 15.175643236059976  1.1152403694014326 15.209540592132308  1.1541668491756658 15.238227364402732  1.1995985226089176 15.260079467899276  1.2449213200749312 15.274589621879056  1.2886706994431303 15.284686389917603  1.3336368201617272 15.293282410367222  1.3797926732883745 15.298730783769956  1.4720564874957136 15.305953794546921  1.5181316285384947 15.307610593320707  1.564298273974116 15.307740782267416  1.6105728861906985 15.306670092114766  1.6568878722388292 15.304639541755  1.7031393365446998 15.301823092336971  1.7492348336440562 15.29834530155115  1.7951411208933781 15.294298977692598  1.8409319112008107 15.289762833927592  1.9786430548291261 15.274931759382257  2.0702813931804278 15.263433068493555  2.16182307203115 15.250825147828639  2.2532982921249824 15.237490108728597  2.3447112311619889 15.223711717884221  2.4360562512375763 15.209697019314147  2.5273341062927477 15.195597956518506  2.6185681495507365 15.181532994417385  2.7098205409667457 15.167608741499114  2.8925963683687317 15.140274402114589  2.9840827027340562 15.126874475325231  3.0764603521525609 15.113789200651986  3.162538712573526 15.101809568852087  3.26639177511412 15.088352312117651  3.3426921637576785 15.078672817846735  3.4460252917793208 15.066546744060727  3.5327981121846386 15.057070864063432  3.6256678467185512 15.047716999426392  3.8097770123596089 15.030969360628301  3.9017738924495129 15.023482288952659  3.99385207274476 15.016940442291501  4.0860580352490201 15.011405892685351  4.1783747424387006 15.006942667205854  4.2707506386095613 15.003615108086429  4.3631286513090508 15.001486233068317  4.4554751926677945 15.000616095500355  4.5478091608269304 15.001060144666635  4.640230941292133 15.002867585944003 
 0 11 0.125 9 0.25 9 0.5 9 0.75 9 1 11
8 0 1
1 0 0 0 1 
7 0 0  5 22 6  -9.9562103746200989 -34.518835053324793  -9.9839041444190713 -34.431177872404746  -10.017059157214916 -34.342881333284105  -10.055769560939737 -34.254391225400092  -10.100025333388658 -34.166204094203877  -10.199546731027739 -33.991137490954401  -10.254852117438817 -33.90426339085618  -10.315481056771519 -33.818722167347858  -10.381182029646684 -33.735037333205327  -10.522421721229913 -33.571874167607199  -10.598015934227798 -33.492423144156064  -10.678014337279576 -33.415834285106953  -10.761943900019952 -33.342559514419207  -10.93712061020803 -33.20294435169744  -11.028409484350014 -33.136649375484943  -11.1225809899917 -33.074455351856557  -11.219016458041867 -33.016649307507087  -11.352006764416023 -32.944448813200935  -11.387131908264795 -32.926070389956365  -11.422436248566161 -32.908278229441478  -11.457891484893176 -32.891078464583543  -11.493469374671804 -32.874475449353497 
 0 6 0.22776383739534289 4 0.45635671193857963 4 0.68628826921338393 4 0.91763266349838046 4 1 6
7 0 0  5 22 6  0 0.4023097958193439  0.39090234762449899 0.36681747287095778  0.78101691951491115 0.32847039573429859  1.1703080855645638 0.28736792942890499  1.5587772181702209 0.24367984812526655  2.3355431613108815 0.15142692726187257  2.7238364691979089 0.10284462543480755  3.111366402291869 0.052122865533513307  3.4982101080276311 -0.00044609326171174413  4.2729996024726695 -0.1089448665338234  4.6609392488072174 -0.1648926890474397  5.0484026869558489 -0.22205031066762948  5.4355338771326709 -0.28005532660650911  6.2118204037541398 -0.39740088788694328  6.6009730460600338 -0.45674740874427622  6.9901053505549315 -0.51622192834712188  7.3793838848019346 -0.57546178698921058  7.9076619442980585 -0.65503275648726711  8.0464027594919187 -0.67585360695639696  8.1851878321531206 -0.69658859404453533  8.3240235563430183 -0.71722359098344302  8.4629159639358278 -0.73774511119025166 
 0 6 0.22776383739534289 4 0.45635671193857963 4 0.68628826921338393 4 0.91763266349838046 4 1 6
1 1.2294129510205209 15.655426022459272 -0.30320365727694698 -0.95292578001326189 
1 1.5707963267948966 0 0 1 
2 4.3469403767134907 -29.999999999999996 -1 0 0 1 15
1 0 0 1 0 
2 0.44573971864352302 -1.8697040316834602e-14 -0.95292578001326145 -0.30320365727694842 -0.30320365727694842 0.95292578001326145 4
1 0 1.5707963267948966 1 0 
1 12.346940376713491 -43.999999999999993 -0.90618313999526545 0.42288546533112387 
1 0 0 1 0 
1 -3.5589111833130005 -0.60640731455388408 0.30320365727694698 -0.95292578001326189 
1 1.5707963267948966 0 0 1 
1 -1.6530596232865093 5.2762142769425233e-15 0.30320365727694698 -0.95292578001326189 
1 0 0 1 0 
7 0 0  10 47 6  1.0491288540103361 -15.088818860427223  1.0638168319477377 -15.134981076802124  1.0868227805641431 -15.175643235965161  1.1152403693839237 -15.209540592011102  1.1541668491677213 -15.238227364245258  1.1995985226013197 -15.260079467693112  1.2449213200562246 -15.274589621644669  1.2886706994039667 -15.28468638965677  1.3336368200984423 -15.293282410085755  1.3797926732041172 -15.298730783471804  1.4720564873643931 -15.305953794223528  1.5181316283799386 -15.307610592988864  1.5642982737876763 -15.307740781927428  1.6105728859774757 -15.306670091774839  1.6568878719987741 -15.304639541407749  1.7031393362776746 -15.301823091994855  1.7492348333481254 -15.298345301206512  1.7951411205666861 -15.294298977352295  1.840931910842291 -15.289762833590322  1.9786430543815519 -15.274931759057512  2.0702813926725034 -15.263433068180868  2.1618230714616549 -15.250825147528841  2.2532982914904642 -15.237490108447634  2.3447112304633695 -15.223711717615808  2.4360562504718888 -15.209697019068523  2.5273341054623373 -15.19559795628637  2.6185681486543864 -15.181532994205599  2.7098205400040056 -15.167608741304113  2.8925963672651309 -15.140274401955404  2.9840827015709586 -15.126874475185733  3.0764603509014932 -15.113789200537342  3.1625387112801038 -15.101809568755424  3.266391773717582 -15.088352312044295  3.342692162326474 -15.078672817784566  3.4460252902443735 -15.066546744014909  3.5327981105949346 -15.057070864023766  3.6256678450524831 -15.047716999392819  3.8097770105492033 -15.030969360600743  3.9017738902884727 -15.023482288924248  3.9938520704506169 -15.01694044226153  4.0860580331306107 -15.011405892653688  4.1783747406302343 -15.006942667175439  4.2707506369741548 -15.003615108055822  4.3631286494659207 -15.001486233039261  4.4554751901981788 -15.000616095467597  4.547809157605081 -15.001060144624079  4.6402309379835174 -15.002867585879292 
 0 11 0.125 9 0.25 9 0.5 9 0.75 9 1 11
8 0 1
1 0 0 0 1 
2 4.3469403767134907 -29.999999999999996 -1 0 0 1 15
1 0 0 1 0 
2 -2.1530596232865093 -29.999999999999996 1.1102230246251565e-16 -1 -1 -1.1102230246251565e-16 1.1499999999999999
1 0 3 1 0 
2 4.3469403767134907 -36.499999999999993 1.1102230246251565e-16 -1 -1 -1.1102230246251565e-16 1.1499999999999999
1 0 2.9999999999999991 1 0 
2 4.3469403767134907 -29.999999999999996 1.1102230246251565e-16 -1 -1 -1.1102230246251565e-16 3.2000000000000002
1 0 3 1 0 
2 4.3469403767134907 -23.499999999999996 1.1102230246251565e-16 -1 -1 -1.1102230246251565e-16 1.1499999999999999
1 0 3.0000000000000009 1 0 
2 10.846940376713491 -29.999999999999996 1.1102230246251565e-16 -1 -1 -1.1102230246251565e-16 1.1499999999999999
1 0 3 1 0 
2 -2.1530596232865093 30.000000000000004 1.1102230246251565e-16 1 1 -1.1102230246251565e-16 1.1499999999999999
1 0 3 1 0 
2 4.3469403767134907 23.500000000000004 1.1102230246251565e-16 1 1 -1.1102230246251565e-16 1.1499999999999999
1 0 3.0000000000000009 1 0 
2 4.3469403767134907 30.000000000000004 1.1102230246251565e-16 1 1 -1.1102230246251565e-16 3.2000000000000002
1 0 3 1 0 
2 4.3469403767134907 36.500000000000007 1.1102230246251565e-16 1 1 -1.1102230246251565e-16 1.1499999999999999
1 0 2.9999999999999991 1 0 
2 10.846940376713491 30.000000000000004 1.1102230246251565e-16 1 1 -1.1102230246251565e-16 1.1499999999999999
1 0 3 1 0 
7 0 0  9 50 7  0.47195798151701362 3.6820121538603785  0.4717644325170961 3.6820144045687035  0.47115939865419088 3.6856446011828101  0.4712665241849554 3.6844028722183189  0.47143403364504138 3.6833163112054796  0.471037672725162 3.6854398770062682  0.47010076980666515 3.6892277706731216  0.46911360356308346 3.6922963999244938  0.46843426203722444 3.6951000423785669  0.46687209516413852 3.7009805948670551  0.46609386047339807 3.7039132240079704  0.46531796197547182 3.7068401650809912  0.46454388711741862 3.7097633771225702  0.46377112334621884 3.7126848191674324  0.46299915810893461 3.7156064502524941  0.46222747885258519 3.7185302294125808  0.46145557302418233 3.7214581156840016  0.45913763816393383 3.7302599729389461  0.45759182885275795 3.7361430696215723  0.45604560606945188 3.7420413221563238  0.45449907574621856 3.7479546945484739  0.45295234381526667 3.7538831508048012  0.45140551620881103 3.7598266549300976  0.44985869885905194 3.7657851709312355  0.44831199769820079 3.7717586628133675  0.44367256057899912 3.7897239581213449  0.44058046270732965 3.8017606303079279  0.43749012405097454 3.8138567985716492  0.434402443617325 3.8260121503428994  0.43131832041401325 3.8382263730499626  0.42823865344832213 3.8504991541237743  0.42516434172792594 3.8628301809928347  0.42209628426016099 3.8752191410872556  0.41291357163741638 3.9125588833347602  0.40681953389850983 3.9376874146490661  0.4007617175463889 3.963043994835314  0.39474857329146884 3.9886213029480087  0.38878855184432365 4.0144120180444718  0.38289010391534789 4.0404088191780012  0.37706168021510572 4.0666043854062899  0.37131173145402763 4.0929913957833692  0.35432266211982771 4.1727047965298105  0.34337610702796045 4.2262657240107577  0.33257166637498298 4.2828235832651211  0.32314961180094037 4.3325093637828624  0.31257099852279768 4.3965454904530965  0.30473623888927814 4.4436874571305216  0.29581162920872595 4.5049516481768963  0.28851327306361474 4.5587856893604668  0.2817055446843475 4.6141018934170361 
 0 10 0.03125 8 0.0625 8 0.125 8 0.25 8 0.5 8 1 10
7 0 0  9 66 9  0 -2.0772269997248256  0.0055514294056402827 -2.076429325686759  0.0093125466903605531 -2.0727894293133944  0.01692105805162035 -2.0704447938844819  0.022949917921785044 -2.0686382611994882  0.024932324893700272 -2.0671873449374121  0.02547719501528407 -2.0665416730307276  0.028317787332342446 -2.0659518142710254  0.03413615655909686 -2.0632727444155843  0.049876058952229047 -2.0565776696119764  0.060441938549476083 -2.0520821627777721  0.073447123483780824 -2.0465478784418276  0.088150056112057687 -2.0402905938528324  0.1036037055302028 -2.0337136444937309  0.11893502889153122 -2.0271888970116128  0.13362443272524577 -2.0209377221301383  0.14778523425484369 -2.0149119675792844  0.1917588996401153 -1.9962008578769264  0.2209632009257658 -1.9837758264707734  0.25007521769124874 -1.9713919035674108  0.27911414105435139 -1.9590411559405048  0.30809916213268218 -1.9467156503645016  0.33704947204409763 -1.9344074536127347  0.36598426190620525 -1.9221086324597458  0.3949227228367948 -1.9098112536790584  0.48180669218708666 -1.8728996447763984  0.53970909452271776 -1.8483133138480348  0.59759499244997505 -1.8237485591133926  0.65546812545856248 -1.7992055484252663  0.71333223303787174 -1.7746844496378322  0.77119105467768145 -1.7501854306035471  0.82904832986742616 -1.7257086591765349  0.88690779809675102 -1.7012543032096696  1.0605040003721815 -1.6279589852502308  1.1762326602214901 -1.5791961142995146  1.2919674710798752 -1.5305454587765246  1.4077167256229133 -1.4820185597530058  1.5234887165282323 -1.4336269583012888  1.6392917364707102 -1.3853821954930614  1.7551340781280589 -1.3372958124005627  1.8710240341757558 -1.2893793500956567  2.2188616235202181 -1.1461743487599054  2.4509784669576695 -1.0514255448114511  2.6833899977511066 -0.95750112392874986  2.9161657860479591 -0.86450427223527193  3.1493754019969842 -0.77253817585489171  3.3830884157450263 -0.68170602091095034  3.6173743974410955 -0.59211099352733421  3.8523029172323562 -0.50385627982750647  4.3235841733017901 -0.33023385204282724  4.5599357114843739 -0.24488255138471635  4.7970557525447299 -0.1610933700958791  5.0350018892144126 -0.078968514311492877  5.2738317142224655 0.0013898098335097886  5.5136028203005356 0.079879396203868649  5.7543728001784284 0.15639803866465915  5.996199246586766 0.23084353108069228  6.4820802579252588 0.37538380355317391  6.7235486892908343 0.44494367172516291  6.9814732024366837 0.51539025177822595  7.1943059348572547 0.5740334268303855  7.4941016393297106 0.64785068534245849  7.6885792139562206 0.69718649420903511  7.9732955866082866 0.7625015308245241  8.2113188114580886 0.81516283448927285  8.4629159639328275 0.86784275687090762 
 0 10 0.015625 8 0.03125 8 0.0625 8 0.125 8 0.25 8 0.5 8 0.75 8 1 10
7 0 0  4 5 2  0.28168607399878004 4.6143133739650732  0.27867922731704842 4.6387455098182793  0.27569493418744284 4.6632258354664176  0.27273572405055629 4.6877690046073521  0.26980400409463468 4.7123889803846835 
 0 5 1 5
7 0 0  4 5 2  9.2923864922879407 -3.0096111168973878  9.2277984183044701 -3.0048264029880896  9.1631023183206306 -3.0016163983875184  9.0983571746380854 -3.0000000000000004  9.0336259656752347 -3 
 0 5 1 5
1 0 4.7123889803846835 1 0 
2 -7.7376619892057477 30 1 0 -0 1 14.332380757938109
1 8.4629159639328275 0 0 1 
7 0 0  7 8 2  12.127690563885629 -5.9887559801767321  11.443252289819554 -5.3405794751686049  10.741235053696423 -4.6307665207057029  10.016850640502376 -3.8561520232865583  9.2645442094450718 -3.010929344164802  8.4818506719240592 -2.0925492277600632  7.6611541485496364 -1.091349767191151  6.7972907205566555 -1.6875389974302379e-14 
 -3.8815171837360292 8 4.5813987801967988 8
7 0 0  8 23 4  8.2651479164050254 1.6363626629254968  7.7206970253759026 1.5550717180544307  7.1839966250903275 1.4749379844693029  6.6541036306203409 1.3958206519224321  6.130057030781801 1.3175762336299452  5.610893760760252 1.2400609361848791  5.0956601344935919 1.1631323665035336  4.5834188368107212 1.08665057580998  3.8181677945847285 0.97239237307558435  3.5636026889715184 0.93438373298063493  3.3094411805414259 0.89643535322670087  3.0555696228112459 0.8585302654698076  2.801875700759878 0.82065170016409295  2.5482484308289148 0.78278308656188234  2.2945781609219202 0.74490805271363436  1.786934979888253 0.66911279822229575  1.5329613474368509 0.63119246987959954  1.2787326055068908 0.59323405161740816  1.0241261998151663 0.55521924508502407  0.76906572549169339 0.51713664241377488  0.51341413625899179 0.47896578148047569  0.25709643246738473 0.44069546422737466  2.2204460492503131e-16 0.40230887645129798 
 0 9 0.5 7 0.75 7 1 9
8 0 1
1 1 0 0 1 
1 0 1 1 0 
1 14.262338010794252 30 -0.90618313999526545 0.42288546533112387 
1 0 -3 1 0 
8 -52.470740287757252 16.470740287756932
1 12.262338010794252 18 0 1 
8 -52.470740287757252 16.470740287756932
1 29 18 0 -1 
1 -15.737661989205748 -44 0.90618313999526545 0.42288546533112387 
1 0 -3 1 0 
2 -7.7376619892057477 -30 0.94089713943339237 -0.33869244604221593 0.33869244604221599 0.94089713943339248 14.332380757938122
1 0 4.7123889803846772 1 0 
1 -15.737661989205748 44 0.30320365727694698 -0.95292578001326189 
1 0 -3 1 0 
2 -7.7376619892057477 -30 1 0 -0 1 14.332380757938109
1 0 4.7123889803846835 1 0 
2 -3.83646133113578 -2.5013585693782628e-14 1 0 0 -1 2
1 -5.9751325261558081 3 1 0 
7 0 0  5 6 2  -6.8155311735362432 -15.69731448470927  -6.7447151450188141 -15.581264774376956  -6.6814588251032649 -15.461334798021422  -6.6260953683709207 -15.338737918353589  -6.5787045844876539 -15.21470529945765  -6.5391430038745852 -15.090368903245169 
 0 6 1 6
7 0 0  5 6 2  1.6924515285400876 0.63929099983998117  1.3558151408803412 0.71184532189385252  1.0187836767880272 0.78490549084328409  0.68079997974836282 0.85777164040591514  0.34134018532734856 0.92979813089059582  0 1.0004431187012721 
 0 6 1 6
1 -1.7376619892057477 -1.0403311000055026e-15 -0.30320365727694698 -0.95292578001326189 
1 0 -3 1 0 
2 0 -6.5 -1.1102230246251565e-16 1 -1 -1.1102230246251565e-16 1.1499999999999999
1 0 8 1 0 
2 -6.5 0 -1.1102230246251565e-16 1 -1 -1.1102230246251565e-16 1.1499999999999999
1 0 8 1 0 
2 0 0 -1.1102230246251565e-16 1 -1 -1.1102230246251565e-16 3.2000000000000002
1 0 8 1 0 
2 6.5 0 -1.1102230246251565e-16 1 -1 -1.1102230246251565e-16 1.1499999999999999
1 0 8 1 0 
2 0 6.5 -1.1102230246251565e-16 1 -1 -1.1102230246251565e-16 1.1499999999999999
1 0 7.9999999999999991 1 0 
1 0 0 1 0 
7 0 0  5 6 2  1.5707963267948968 0.59459736937781227  1.2566370614360165 0.5945973693778096  0.94247779956918443 0.59459736937781493  0.62831852722601367 0.59459736937781049  0.31415926535899907 0.59459736937781238  1.1102230246251565e-16 0.59459736937781227 
 0 6 1 6
1 0 1 1 0 
1 45.537221886097171 0 0 -1 
1 0 0 0 1 
1 30.381150242038483 -2 1 0 
1 0 0 0 1 
8 13 16.000000000000018
1 2.207059380966248 13 0 -1 
8 13 16.000000000000018
1 13 5.0666666666666629 1 0 
1 0 0 0 1 
1 0 0 0 -1 
1 0 72 1 0 
1 0 0 0 1 
1 0 0 1 0 
1 0 0 0 1 
1 40 0 0 1 
1 0 0 0 -1 
8 -16.000000000000249 -13
1 13 66.933333333333337 -1 0 
8 -16.000000000000249 -13
1 30.898831333527454 13 0 1 
7 0 0  7 8 2  26.308599993937069 -3.4386971680142645e-16  25.444736565943906 -1.0913497671916847  24.624040042569394 -2.092549227759033  23.841346505047959 -3.0109293441677862  23.089040073991328 -3.856152023284368  22.364655660797357 -4.6307665207067013  21.662638424673855 -5.3405794751687097  20.978200150608266 -5.9887559801765047 
 -0.73774511119025332 8 7.725170852745574 8
1 8.4629159639358278 0 0 1 
7 0 0  4 5 2  23.813504222205754 -3.0096111168973882  23.878092283603948 -3.0048264039204131  23.942788430653977 -3.0016163974851233  24.007533505411306 -3.0000000000000004  24.07226474881848 -3 
 0 5 1 5
7 0 0  4 5 2  0.063840786790854837 4.6143133739650732  0.066847632886688824 4.6387455050575674  0.069831928176375166 4.6632258487571994  0.072791135179072902 4.6877689915067347  0.075722856695001006 4.7123889803846772 
 0 5 1 5
1 0 0 0 1 
7 0 0  7 8 2  5.9771760325294014 -1.4312356633183754e-07  5.9552189045439423 0.77719250438588594  5.9327128143356331 1.5121731068715902  5.9096382400747514 2.2074881233292358  5.8859712781599693 2.8653942911477133  5.8616991842637756 3.4875104194505298  5.8367976644977579 4.0755058587237576  5.8112273332617228 4.6309519214660639 
 0.4023096506378892 8 5.9208806687334619 8
7 0 0  7 50 9  -4.2645066901860897e-06 5.9208812761458409  0.0034951549461072007 5.9192505666342132  0.0070786983393569926 5.9177355822244806  0.010690219296689936 5.9162590087941442  0.014294461586631115 5.914772314550965  0.017877059122599952 5.9132557500329472  0.0214445359629102 5.9117183481083515  0.031330996941307081 5.9075193039246452  0.037635878750567731 5.9048384650842314  0.043939785087292273 5.9021565715486419  0.050243274545325275 5.8994744033066322  0.056546630963615542 5.8967923562415203  0.062849863426216082 5.8941104421311943  0.094556989615675741 5.8806175816617188  0.11995773711754279 5.869806912594961  0.14535618809095294 5.858998016821289  0.17075270616107646 5.848191409471732  0.19614721558929718 5.837386993182462  0.22153963760732376 5.8265846658423399  0.51392408207321527 5.7022211547950112  0.78071754321935194 5.5889334401925703  1.0474151971105625 5.4760732734126174  1.3141143615957478 5.3637815846491925  1.5809301391840003 5.2522225754767726  1.8479751814531118 5.1415553078209548  2.4531523152492025 4.8934917534324729  2.7914875013362197 4.7567296032730981  3.1306242645913778 4.6219994577688466  3.4708089278007423 4.4896567671063465  3.8122853550423415 4.3600712910613355  4.1552902331072934 4.2336192862556397  4.7150531193914134 4.0339954783000334  4.9307397641054758 3.958682795795236  5.1471567244834144 3.8848246936587216  5.3643517125650408 3.8125117827633375  5.5823672376477296 3.7418332320515728  5.8012395940170665 3.6728752946413694  6.19359984755806 3.5529747537887224  6.36674831470373 3.501341583272811  6.540456962492927 3.4508600679003254  6.7147367956885207 3.4015681982747465  6.8895957618546451 3.3535017225971906  7.065038401773525 3.306693659176676  7.4139352593446199 3.2164704328838054  7.5873690944539218 3.173009363999078  7.7613674846665592 3.1308189392492913  7.9359281951039833 3.0899242470541091  8.1110460279746555 3.0503468356947296  8.2867125740159047 3.0121044217188335  8.4629159639358278 2.9752105983455119 
 0 8 0.0030371163044350391 6 0.0083877815929526145 6 0.029954211322219759 6 0.25673427347991917 6 0.54320837228763108 6 0.72186959855340049 6 0.86219326841317112 6 1 8
7 0 0  8 65 10  -0.12643112072737758 3.6820121538603763  -0.12632129814561022 3.6824601027590513  -0.12621495672415492 3.682849525622006  -0.12610853185946988 3.683240290048476  -0.12600445458375145 3.6835915691746286  -0.12589454583354198 3.6840407563837192  -0.12578848696323416 3.6844252245403459  -0.12568138194047421 3.6848272845057579  -0.12546733267016161 3.6856286793078801  -0.12536029267196297 3.6860296279924878  -0.12525323932744198 3.6864307947490071  -0.12514617465329922 3.686832146365659  -0.12503910066626966 3.6872336496310205  -0.12493201938304499 3.6876352713330993  -0.12482493282035628 3.6880369782605205  -0.12450366334401522 3.6892422550833395  -0.12428945956388179 3.6900461657868338  -0.12407523290639956 3.690850452086802  -0.12386098462346877 3.6916550967583714  -0.12364671596697401 3.6924600825762721  -0.12343242818882007 3.6932653923156975  -0.12321812254089239 3.6940710087514086  -0.12257515574348281 3.6964887264725936  -0.12214644041303091 3.6981017605017783  -0.1217176566853146 3.6997160114727903  -0.121288806961935 3.7013314741122527  -0.12085989364445991 3.7029481431470987  -0.12043091913449613 3.7045660133037837  -0.12000188583361712 3.7061850793092703  -0.11871461676301655 3.7110458490519309  -0.11785621501416364 3.7142911198793636  -0.11699760917734696 3.717541141514173  -0.11613881753304821 3.7207959070986019  -0.11527985836176037 3.7240554097742082  -0.11442074994396148 3.7273196426831494  -0.11356151056014475 3.730588598967246  -0.11098345435208792 3.7404096173707568  -0.10926428620657329 3.7469758717886616  -0.10754480371772356 3.7535610021061006  -0.10582515654902037 3.7601649754080131  -0.1041054943639368 3.7667877587776895  -0.10238596682595423 3.7734293193004342  -0.10066672359854795 3.7800896240597637  -0.095510295838493658 3.800126672301436  -0.092074431243221039 3.8135595255096968  -0.088641561516076772 3.8270668775118843  -0.085212957388673224 3.8406483398734474  -0.0817899193675104 3.8543034579792197  -0.078373777734018157 3.8680317110326192  -0.074965892544507196 3.8818325120563797  -0.064771175801615885 3.9234505995632678  -0.058013364425265238 3.9514831902687679  -0.051305265410473068 3.9797977139910636  -0.044658469548959835 4.0083873178648934  -0.038084992885125991 4.0372433640614283  -0.031597157086368552 4.0663552316774982  -0.025207469813345144 4.0957101186187455  -0.0063705756441673521 4.1844582932279515  0.0057448049899566679 4.2445367213834491  0.01731637166028353 4.3054018711948077  0.028244134050144049 4.366898530936612  0.038430645562334345 4.4288135356986755  0.047792624746599476 4.4908836507748413  0.056272676585675079 4.5528180839483952  0.063840860955176382 4.6143133739463371 
 0 9 0.00390625 7 0.0078125 7 0.015625 7 0.03125 7 0.0625 7 0.125 7 0.25 7 0.5 7 1 9
8 1.5707963267948966 3.1415926535897931
1 3.1415926535897931 15.156071644058688 -1 -0 
8 1.5707963267948966 3.1415926535897931
1 0.61610556204755396 0 0 1 
1 6.2831853071795862 -0 0 1 
1 0 -0 0 1 
1 5.9376584463899515 4.6309518948453006 1 0 
1 0 3.6820121538603754 1 0 
1 0 5.8309518948453007 1 0 
2 0 0 1 0 -0 1 12
1 0 4.6309518948453041 1 0 
1 0 3.6820121538603785 1 0 
8 0.86648001224490578 1.0567541949402068
7 0 0  5 6 2  4.3742047770993384 3.8484282505972929  4.3470125789676768 3.1747116650136356  4.3207252856705312 2.4551852626652328  4.295344627749957 1.6878161717714719  4.2708610906985678 0.87029623182333404  4.2472582627202851 3.1682839205197625e-14 
 0.86648001224490578 6 1.0567541949402068 6
8 0.86648001224490578 1.0567541949402068
5 13.169861634597847 -24.999999999999996 0 1 -1 0 15.505800395474525 9.3034802372847167
7 0 0  6 7 2  1.6474283772443692 4.6309519157086223  1.6372075535696362 3.9276269820423129  1.6272921372167428 3.1992154431514552  1.617662860707932 2.4440596790001954  1.6083055022545023 1.6604966442374893  1.5992054567058132 0.84653812368483328  1.5903502769539217 -4.4408920985006262e-16 
 -1.5247783091627898 7 3.3236648820319012 7
1 7.3624635388272228 0 0 1 
1 0 3.4985711369071804 1 0 
2 -7.7376619892057477 -30 1 0 -0 1 13.199999999999999
8 -2.1708180198249205 -2.02491028474497
7 0 0  5 6 2  4.1771499168379291 7.0067817473033203e-15  4.1705771526583169 0.82891931977292521  4.1637707947793992 1.6268047659603901  4.1567203665758203 2.3951268621816526  4.1494148108895024 3.1352462570587818  4.1418425019268152 3.8484282505972534 
 -2.1708180198249205 6 -2.02491028474497 6
8 -2.1708180198249205 -2.02491028474497
5 30.406995344059546 -24.999999999999996 0 1 -1 0 5.6309250637147548 3.3785550382288534
8 1.5707963267948966 3.1415926535897931
1 0 0 0 1 
8 1.5707963267948966 3.1415926535897931
1 3.1415926535897931 0.63636363636366156 -1 -0 
1 0 3.1415926535897931 1 0 
1 0.61610556204755307 2 -1 -0 
1 0 -3 1 0 
1 -15.737661989205748 -44 0.90618313999526545 0.42288546533112387 
1 0 0 0 -1 
1 46.17358552246079 0 0 -1 
1 0 0 0 1 
1 0 -2 1 0 
7 0 0  5 6 2  1.5707963267948966 15.197837911019461  1.2566370614357671 15.197837911019358  0.94247779956899147 15.197837911019615  0.62831852722607484 15.197837911019326  0.31415926535899075 15.197837911019509  -1.1102230246251565e-16 15.197837911019461 
 0 6 1 6
1 0 0 1 0 
1 0 -3 1 0 
1 -1.7376619892057477 -1.0403311000055026e-15 -0.30320365727694698 -0.95292578001326189 
1 0 1 1 0 
8 0 1
1 1 0 0 1 
7 0 0  11 22 3  2.2204460492503131e-16 2.1932768697339822  0.35850058827517056 2.2483188764279207  0.71049599113041473 2.3023621163941606  1.0567135139195223 2.3555182556870071  1.3979178112735007 2.4079046947422329  1.7347799114666242 2.4596244591727663  2.068055722584961 2.5107936065225944  2.3983711441645394 2.5615082336121167  2.7264259441736631 2.6118757785718407  3.0528436988885201 2.6619919815228563  3.3782673072171403 2.7119555492652889  4.0283796633502416 2.8117698587207829  4.3530685812174283 2.8616206265445161  4.678019247313264 2.9115115816033161  5.0038542573846163 2.9615383134763746  5.331195374155957 3.0117962838369472  5.6606683477016801 3.0623815665654477  5.9929064436995523 3.1133913894254182  6.3285521469968051 3.1649243956531929  6.6682565076085147 3.2170805435144922  7.0126755965703458 3.2699605621819101  7.3624635388272219 3.3236648820319017 
 0 12 0.5 10 1 12
1 0 8 1 0 
2 6.5 0 -1.1102230246251565e-16 -1 1 -1.1102230246251565e-16 1.1499999999999999
1 6.2831853071795862 -0 0 1 
1 0 -0 0 1 
1 0 7.9999999999999991 1 0 
2 0 -6.5 -1.1102230246251565e-16 -1 1 -1.1102230246251565e-16 1.1499999999999999
1 6.2831853071795862 -0 0 1 
1 0 -0 0 1 
1 0 8 1 0 
2 0 0 -1.1102230246251565e-16 -1 1 -1.1102230246251565e-16 3.2000000000000002
1 6.2831853071795862 -0 0 1 
1 0 -0 0 1 
1 0 8 1 0 
2 0 6.5 -1.1102230246251565e-16 -1 1 -1.1102230246251565e-16 1.1499999999999999
1 6.2831853071795862 -0 0 1 
1 0 -0 0 1 
1 0 8 1 0 
2 -6.5 0 -1.1102230246251565e-16 -1 1 -1.1102230246251565e-16 1.1499999999999999
1 6.2831853071795862 -0 0 1 
1 0 -0 0 1 
1 6.2831853071795862 -0 0 1 
1 0 -0 0 1 
1 6.2831853071795862 -0 0 1 
1 0 -0 0 1 
1 6.2831853071795862 -0 0 1 
1 0 -0 0 1 
1 6.2831853071795862 -0 0 1 
1 0 -0 0 1 
1 6.2831853071795862 -0 0 1 
1 0 -0 0 1 
8 3.6820121538603754 4.7123889803846772
1 0.34552686078963468 0 0 1 
8 3.6820121538603754 4.7123889803846772
1 0 3.1086244689504383e-15 0 1 
7 0 0  9 50 7  1.647428395242907 3.6820121538603789  1.6473261748450014 3.6820120826093707  1.6470833606931206 3.684295375905394  1.6471870793879213 3.6831659025210888  1.6472178686290759 3.6826740721224014  1.6468299795942904 3.6852399729361252  1.6460869193260976 3.6895458701555155  1.6453397448934672 3.6932694892476423  1.6448356210928328 3.69622950834952  1.6436526858249354 3.7027998594950344  1.6430612738247861 3.7060870657121687  1.6424698337140489 3.7093768310908151  1.6418782817476105 3.7126696841484081  1.641286534181627 3.7159661534018089  1.6406945072705788 3.7192667673686528  1.6401021172706478 3.7225720545658345  1.6395092804366949 3.7258825435107452  1.6377291781996206 3.735831201140158  1.6365426473379439 3.7424735870433774  1.6353563244423757 3.7491264333072771  1.6341702135155731 3.7557902528088642  1.6329843185608852 3.7624655584251867  1.6317986435807184 3.7691528630332893  1.6306131925785232 3.7758526795102592  1.6294279695568317 3.782565520733046  1.6258729964426908 3.8027446572701971  1.6235047174437125 3.8162471537467964  1.6211389577406692 3.8297993145631897  1.6187765335513356 3.8434010652736448  1.6164182610952262 3.8570523314330725  1.6140649565896186 3.8707530385954474  1.6117174362540523 3.8845031123158549  1.6093765163062814 3.8983024781483575  1.6023760062827876 3.9398482286463614  1.5977386362531887 3.9677432039611773  1.593137834383497 3.9958338673392975  1.5885805321800426 4.0241180985281018  1.5840736611505812 4.0525937772745335  1.5796241528010211 4.0812587833260645  1.5752389386391124 4.1101109964297819  1.5709249501712097 4.1391482963328796  1.558217456370915 4.226809095682114  1.5500917052033385 4.2855322981877819  1.5421724446090634 4.347433879343769  1.5351644304718692 4.4025658976876256  1.5277689888414701 4.4714795910058998  1.5219821810543406 4.5248581020280083  1.5159007137304339 4.59120319856551  1.510901531938825 4.651017358033223  1.5064182896124336 4.7122025549565043 
 0 10 0.03125 8 0.0625 8 0.125 8 0.25 8 0.5 8 1 10
7 0 0  8 51 8  7.3624635388272246 -1.52477830916279  7.3579515080082434 -1.5244529373405775  7.3567859637711654 -1.5193124706627785  7.3339499686359293 -1.5167190278894935  7.3853422762810563 -1.531723977665937  7.306364469357427 -1.5014870924468917  7.3044896932926875 -1.4981172455210217  7.2794803123617839 -1.4871141169282382  7.2357708185398621 -1.4670252018016476  7.2139309679693886 -1.4569828021069218  7.1921014796772242 -1.446940698062408  7.1702778196006101 -1.436897127449666  7.1484554536778688 -1.4268503280504001  7.1266298478459227 -1.4167985376461316  7.104796468042986 -1.4067399940185457  7.0392594045333912 -1.3765388168105934  6.9956064376319462 -1.3564109074691983  6.9519862345775998 -1.3362891469801454  6.9083931504452405 -1.3161734753983885  6.864821540310758 -1.2960638327790923  6.8212657592488206 -1.2759601591772234  6.7777201623352177 -1.255862394647874  6.6470969892645 -1.1955866484424973  6.5600641272436615 -1.1554399932483539  6.4730680005362311 -1.1153461627604753  6.3860960910971789 -1.0753208060758528  6.2991358808796871 -1.0353795722912038  6.2121748518389284 -0.99553811050357455  6.1252004859283966 -0.95581206980972133  5.8641998234511039 -0.83702715830029917  5.6900928646704925 -0.75835409587810909  5.5157758742358869 -0.68033680409311992  5.3411453376219731 -0.60311417499848796  5.1660977403038633 -0.52682510064727583  4.9905295677563695 -0.45160847309266478  4.8143373054544139 -0.37760318438773099  4.4604975722914482 -0.23229306878350209  4.2828220243041288 -0.16099267614246038  4.1043183298638155 -0.091199396281564718  3.9249140239233649 -0.023065676819889875  3.7445366414355932 0.043256034623493402  3.563113717353386 0.10761329042950971  3.3805727866295419 0.16985364297908837  3.0131099818043272 0.28979564632721899  2.8270615397322412 0.34775631034789578  2.6457742766987122 0.40205547695150973  2.4476678219248207 0.45705267966290936  2.2725169439311874 0.50429848035440161  2.0720476650624544 0.55385071810982933  1.8849637651617606 0.59737097852225318  1.6924515251168972 0.63886261631168351 
 0 9 0.03125 7 0.0625 7 0.125 7 0.25 7 0.5 7 0.75 7 1 9
1 0.61610556204755307 0 0 1 
1 0.63636363636366156 0 0 -1 
1 0 0 0 1 
7 0 0  6 7 2  17.77162993166451 -5.9992132948899055  17.205617447266803 -5.1313131634813463  16.614332666573798 -4.2174851725684883  15.994391520181345 -3.2525580672322354  15.343147523687497 -2.2323546868413344  14.656561846682637 -1.1504414340608244  13.93042625112038 2.6645352591003757e-15 
 -2.9393510643777057 7 4.4231124744495167 7
1 0 0 1 0 
1 0 0 1 0 
1 62 0 0 -1 
1 0 0 0 1 
1 0 -72 1 0 
1 0 0 1 0 
8 -55.5 -5.5
1 13 -5.5 0 1 
8 -55.5 -5.5
1 1 -5.5 0 -1 
8 6.5 42.5
1 6.5 -61 1 0 
8 6.5 42.5
1 -6.5 1 1 0 
8 -55.5 -5.5
1 49 -5.5 0 1 
8 -55.5 -5.5
1 1 -5.5 0 -1 
8 6.5 42.5
1 6.5 -11 1 0 
8 6.5 42.5
1 -6.5 1 1 0 
1 0 40 1 0 
1 0 -72 1 0 
1 62 0 0 1 
1 0 72 1 0 
1 0 40 1 0 
1 0 0 1 0 
1 62 0 0 1 
1 0 0 1 0 
1 62 0 0 -1 
1 40 0 0 1 
8 -32.5 -2.5
1 2.5 18 -1 0 
8 -32.5 -2.5
1 2 -2.5 0 -1 
8 9 45
1 35 9 0 1 
8 9 45
1 2 9 0 -1 
8 -32.5 -2.5
1 2.5 54 -1 0 
8 -32.5 -2.5
1 2 -2.5 0 -1 
8 9 45
1 5 9 0 1 
8 9 45
1 2 9 0 -1 
1 0 50 1 0 
1 0 0 0 1 
8 -54.25 -4.25
1 3.5 -4.25 0 -1 
8 -54.25 -4.25
1 10.5 -4.25 0 1 
1 0 0 1 0 
1 0 0 0 1 
8 5.25 41.25
1 -5.25 3.5 1 0 
8 5.25 41.25
1 5.25 -58.5 1 0 
1 36 0 0 1 
1 0 50 1 0 
8 -54.25 -4.25
1 3.5 -4.25 0 -1 
8 -54.25 -4.25
1 46.5 -4.25 0 1 
1 0 0 1 0 
1 36 0 0 1 
8 5.25 41.25
1 -5.25 3.5 1 0 
8 5.25 41.25
1 5.25 -8.5 1 0 
1 0 30 1 0 
1 0 0 1 0 
1 20 0 0 1 
1 0 0 1 0 
1 0 0 1 0 
1 0 0 1 0 
1 20 0 0 -1 
1 30 0 0 1 
1 0 -36 1 0 
1 0 30 1 0 
2 12 -27 1 0 -0 1 4
1 0 7 1 0 
2 12 -9 1 0 -0 1 4
1 0 7 1 0 
1 20 0 0 1 
1 0 36 1 0 
1 0 0 1 0 
1 0 -36 1 0 
1 20 0 0 -1 
1 0 0 0 1 
1 0 0 1 0 
1 0 0 1 0 
1 57 0 0 -1 
1 0 0 0 1 
1 0 0 0 -1 
1 0 0 0 1 
1 0 -67 1 0 
1 0 0 1 0 
1 6.2831853071795862 -0 0 1 
1 0 -0 0 1 
1 0 0 1 0 
2 0 0 1 0 -0 1 4
1 6.2831853071795862 -0 0 1 
1 0 -0 0 1 
1 0 0 1 0 
2 0 0 1 0 -0 1 4
1 0 0 0 1 
1 0 0 1 0 
1 0 35 1 0 
1 0 0 1 0 
1 57 0 0 1 
1 0 0 1 0 
1 0 67 1 0 
1 57 0 0 1 
1 35 0 0 1 
1 57 0 0 -1 
1 0 67 1 0 
1 0 0 0 1 
1 35 0 0 1 
1 0 0 0 -1 
1 0 35 1 0 
1 0 -67 1 0 
1 0 0 1 0 
1 0 0 1 0 
1 3 0 0 -1 
1 0 0 0 1 
1 0 -62.5 1 0 
1 0 0 1 0 
1 0 0 0 -1 
1 0 0 0 1 
1 0 0 1 0 
1 0 25.399999999999999 1 0 
1 3 0 0 -1 
1 25.399999999999999 0 0 1 
1 0 -62.5 1 0 
1 0 25.399999999999999 1 0 
1 0 0 0 -1 
1 25.399999999999999 0 0 1 
1 0 0 0 1 
1 0 0 1 0 
1 3 0 0 1 
1 0 0 1 0 
1 0 0 0 1 
1 0 62.5 1 0 
1 3 0 0 1 
1 0 62.5 1 0 
1 0 0 1 0 
1 0 0 1 0 
1 5 0 0 -1 
1 0 0 0 1 
1 0 -63 1 0 
1 0 0 1 0 
1 0 0 0 -1 
1 0 0 0 1 
1 0 0 1 0 
1 0 25.399999999999999 1 0 
1 5 0 0 -1 
1 25.399999999999999 0 0 1 
1 0 -63 1 0 
1 0 25.399999999999999 1 0 
1 0 0 0 -1 
1 25.399999999999999 0 0 1 
1 0 0 0 1 
1 0 0 1 0 
1 5 0 0 1 
1 0 0 1 0 
1 0 0 0 1 
1 0 63 1 0 
1 5 0 0 1 
1 0 63 1 0 
1 0 0 1 0 
1 0 0 1 0 
1 15 0 0 -1 
1 0 0 0 1 
1 0 -55 1 0 
1 0 0 1 0 
1 0 0 0 -1 
1 0 0 0 1 
1 0 0 1 0 
1 0 30 1 0 
1 15 0 0 -1 
1 30 0 0 1 
1 0 -55 1 0 
1 0 30 1 0 
1 0 0 0 -1 
1 30 0 0 1 
1 0 0 0 1 
1 0 0 1 0 
1 15 0 0 1 
1 0 0 1 0 
1 0 0 0 1 
1 0 55 1 0 
1 15 0 0 1 
1 0 55 1 0 
Curves 212
5 30.999999999999996 -28.975609756097555 186.78048780487802 0 -0.30320365727694704 0.952925780013262 -1 -0 0 0 -0.952925780013262 -0.30320365727694704 5.6309250637147548 3.3785550382288534
8 0 1.0327533066234018
3 8 -41.408079730537864 182.82470190391976 -0 0.30320365727694704 -0.952925780013262 0 -0.952925780013262 -0.30320365727694704 -1 -0 0 2.71996027794113 2
7 0 0  4 5 2  9.0000000001571827 -41.135232685213651 182.91151687286623  9.2428261355906756 -40.991611450943878 182.9572145383157  9.4856052791672649 -40.847869828132609 183.00295050925516  9.728334089512872 -40.703999473645545 183.04872744020369  9.9710084891449497 -40.559990270093152 183.09454855042492 
 0 5 1 5
1 6 -44 182 1 0 0 
8 0 1
7 0 0  5 18 5  9.971008489144948 -40.559990270093152 183.09454855042492  9.8720344175378223 -40.618724018877899 183.07586053944794  9.7775258280977493 -40.684385191491302 183.05496834816185  9.6881513799982351 -40.756493457338848 183.03202480902854  9.6044773918851796 -40.834490305735301 183.0072076299933  9.4789329759414827 -40.969401488319427 182.96428134462565  9.4332585110751808 -41.023066286021709 182.94720618172036  9.3900720929159096 -41.078616790168695 182.92953102130997  9.3494732963281439 -41.135902837888139 182.91130364249014  9.2220585687734093 -41.333671412903307 182.84837727771259  9.1474552647963705 -41.481374104493547 182.80138096675205  9.0888704773845461 -41.635831219921037 182.75223552093422  9.0470308195528268 -41.794888228857857 182.70162647263615  9.0133862909013747 -42.014332218100854 182.63180338514974  9.0066988188758863 -42.072650142212346 182.61324768202334  9.0022337044133067 -42.131172506083544 182.59462692988251  9 -42.189795756034684 182.57597407762532  9 -42.248415677632451 182.55732228438967 
 0 6 0.27709817211076987 4 0.44890804496545139 4 0.85431740303416304 4 1 6
1 6 -44 182 0 0.95292578001326189 0.30320365727694698 
1 6 -29.999999999999996 205 0.85749292571254421 -1.2601511601184397e-16 -0.51449575542752657 
2 9.971008489144948 -30 190 1 0 0 -0 0.99878887675168548 0.049201419462314044 0 -0.049201419462314044 0.99878887675168548 12.617394906513029
2 10.028991510855052 -30 190 1 0 0 0 0 1 0 -1 0 12.582605093486961
7 0 0  6 17 4  4.5537554857059979 -14.132129646091537 189.95504807474359  4.6266202899562936 -14.175946207781456 189.94251742066888  4.6994464385568557 -14.219739524261586 189.92999341425596  4.7722339315076843 -14.263509595531922 189.91747605550484  4.8449827688087792 -14.307256421592465 189.90496534441556  4.9176929504601388 -14.350980002443221 189.89246128098799  6.1422487680208988 -15.087355075085867 189.68187284253881  7.225689968679144 -15.742045753803252 189.49667965647384  8.2475714921768404 -16.362749115670034 189.32315178468545  9.2142584959120732 -16.953210278983075 189.16016311189316  10.129987010569613 -17.515912244858647 189.00695596915318  11.060853797142181 -18.091661714863161 188.8525231164048  11.126277693227921 -18.132126982332508 188.84166914776378  11.196271688257218 -18.175418897054268 188.8300569896295  11.270835782230071 -18.221537459028429 188.81768664200197  11.349969975146479 -18.270482668254999 188.80455810488118  11.433674267006444 -18.322254524733975 188.79067137826715 
 -1.3608107227446782 7 -0.89631840964056186 5 6.4661442831426275 5 6.981117986543139 7
2 6 -30 190 1 0 0 -0 0 1 0 -1 0 15
2 9.971008489144948 -30 190 1 0 0 0 0 1 0 -1 0 12.617394906513027
8 0.63638342855069774 1
7 0 0  7 26 5  7.4112593472515949 -42.893187277585746 184.16218802676516  7.3608842336272664 -42.901595121714294 184.10747936722913  7.3111625759585541 -42.908873579343371 184.05165662645251  7.2620951437385397 -42.915023565390129 183.99476852537916  7.2136853915563801 -42.920041899859598 183.93685794411499  7.1659393336454551 -42.9239213209067 183.87796223685291  7.1188654184315032 -42.926650497898343 183.81811354679778  6.9721089207615279 -42.931596727634329 183.62585558914711  6.8749696560220803 -42.929521964001026 183.49007733243283  6.7811251633317289 -42.921842171201725 183.35023721145657  6.690771414833435 -42.908294442328874 183.20652438174031  6.6042059614437472 -42.888530950601272 183.05911263576445  6.5218503283368205 -42.862084310716298 182.90814883772615  6.3768914723456485 -42.79885706099045 182.61937535824302  6.3131906253755128 -42.763905319412643 182.48256910470738  6.2535445695034566 -42.722950248413412 182.34320295138244  6.1985280212960525 -42.675427753769377 182.20137602036792  6.1489878042610728 -42.620662996747775 182.05737687598247  6.1060110556913871 -42.557921435327067 181.91169375510771  6.0524850063848685 -42.447689918089608 181.68622640591167  6.0361523816230784 -42.406637723478852 181.60725328021221  6.0224189712752771 -42.36287948025938 181.52814812863679  6.0115814598615724 -42.316289670749484 181.44911420591103  6.003984164504077 -42.266774216860391 181.37044659598104  6.0000000000000009 -42.214291740132353 181.29253025509894  6 -42.158883933556979 181.21583575459312 
 0 8 0.16516305578882201 6 0.52248805999972425 6 0.83326102127606461 6 1 8
7 0 0  7 20 4  11.341889030767337 -36.208383651190587 200.03209914522614  11.280786770782703 -36.186770798560858 200.08736321188758  11.223771500756408 -36.16660358004826 200.13893079194506  11.170843220688443 -36.147881995652831 200.18680188539864  11.122001930578817 -36.130606045374535 200.23097649224832  11.077247630427527 -36.114775729213406 200.2714546124941  11.036580320234576 -36.100391047169417 200.30823624613598  10.350424926182413 -35.85768684250538 200.92883092539242  9.6398901068509684 -35.620113417837459 201.53560846756997  8.8648228248233334 -35.372283458045764 202.16613024660526  8.0185615809174813 -35.111471646618973 202.82574888938089  7.0985587827123204 -34.83634675122272 203.5162936049505  6.096139431397062 -34.543962919069983 204.24375340507837  4.949678493520528 -34.216500577584057 205.05073664285803  4.8959643236354395 -34.201158259969539 205.08854554963932  4.841999832692724 -34.185744443434352 205.126530655095  4.7877850206923842 -34.170259127978476 205.16469195922517  4.7333198876344174 -34.154702313601931 205.20302946202978  4.6786044335188235 -34.13907400030471 205.24154316350885  4.6236386583456044 -34.123374188086807 205.28023306366237 
 -4.3580997814332312 8 -3.8815171837360292 6 4.5813987801967988 6 4.9953615109931571 8
2 6 -30 190 1 0 0 -0 0 1 0 -1 0 15
7 0 0  7 14 3  4.759843222081984 -44.311228164418978 183.43660948280291  4.7950836540090549 -44.29868227020652 183.46025748185465  4.8301632694244816 -44.286193628043286 183.48379756540959  4.8650820683282685 -44.273762237929255 183.50722973346794  4.8998400507204121 -44.26138809986444 183.53055398602959  4.9344372166009141 -44.249071213848829 183.55377032309457  4.9688735659697754 -44.236811579882406 183.57687874466288  6.0706163693587349 -43.844581748839744 184.31620035183579  7.0516439053101028 -43.483057665151271 184.99234377820963  7.9539520231970151 -43.137968300625865 185.63319277105748  8.7854839215615819 -42.806857199339525 186.24431483877152  9.5489264775639047 -42.489105496386571 186.82797112507316  10.250299601563894 -42.182603838765303 187.3891451774347  10.893033580237059 -41.885648904384809 187.93220271311063 
 -1.0031235505874847 8 -0.73773616420194876 6 7.5274117522030766 8
2 9.971008489144948 -30 190 1 0 0 0 -0.93867981673153245 -0.34479008347233064 0 0.34479008347233064 -0.93867981673153245 12.617394906513029
1 8 -43.406444117837893 183.27190546177593 0 -0.42288546533112387 -0.90618313999526545 
7 0 0  7 8 2  6 -41.485449837783996 182.65890881696387  6 -41.892143879986328 182.84869936999164  6.1174977731032101 -42.298835954811636 183.0384890049084  6.3524745555957232 -42.672091115258944 183.21267474645589  6.690506118353964 -42.978409618216162 183.3556233811627  7.1024042700332002 -43.191341616801516 183.45499164717484  7.55120104948716 -43.297816117774488 183.50467974762603  7.9999999999999991 -43.297816117774516 183.50467974762603 
 0 8 1 8
1 6 -41.594077837847365 182.42613453111369 0 -0.42288546533112387 -0.90618313999526545 
1 6 -30 212 0 -0.42288546533112387 -0.90618313999526545 
7 0 0  7 14 3  5.7604257494198006 -44.067032593792376 181.85635872758772  5.7946506423598274 -44.055576267552986 181.88090799810067  5.8288755352998551 -44.044119941313589 181.90545726861365  5.8631004282398829 -44.032663615074192 181.93000653912662  5.8973253211799115 -44.021207288834809 181.95455580963957  5.9315502141199383 -44.009750962595412 181.97910508015258  5.9657751070599687 -43.998294636356022 182.00365435066558  7.0658901556139817 -43.630045802994317 182.79275899358461  8.0456410360373489 -43.290714641118917 183.51989719759749  8.9464983368383528 -42.966672620845507 184.21427295534031  9.7768483129694985 -42.655134274320311 184.88185512644682  10.539911444145492 -42.354845075139977 185.52533198184869  11.240542366024426 -42.063821082017057 186.14895482424745  11.881894024558058 -41.780173992278911 186.75677001654518 
 -1.0031235505874847 8 -0.73773616420194876 6 7.5274117522030766 8
7 0 0  4 5 2  9.0096111078961485 -42.931698734168535 184.28921699821026  9.0048263984589969 -42.959012079108547 184.23068840191024  9.001616396867071 -42.9863711066075 184.1720619144125  9 -43.013750873941838 184.11339098441036  9 -43.041124748491256 184.05473268180447 
 0 5 1 5
8 0 1
7 0 0  7 62 11  9.971008489144948 -42.297628160029369 187.17741326713352  9.9709894078983599 -42.297636449559057 187.17739820583535  9.9708301191616009 -42.297707087689673 187.17727859543174  9.9706324796085966 -42.297761596997326 187.17698608347263  9.9703340630040973 -42.297804436206476 187.17637227052077  9.9698325990839489 -42.297872835026794 187.17532430629791  9.96911041243537 -42.297986628990195 187.17388048583001  9.967288125350338 -42.298256899080322 187.17015944112777  9.9662214470431962 -42.298414246759862 187.16797468122817  9.9651565342144099 -42.298571258806234 187.16579029987219  9.9640919191940132 -42.298728653576902 187.16360548628839  9.9630269588834732 -42.298886746306934 187.1614198849567  9.9619618347556944 -42.299045449109023 187.15923359560799  9.952387932415439 -42.300474154247318 187.13956531565097  9.9438939189051307 -42.301770361167854 187.1220539231476  9.9354055703116906 -42.303098263760035 187.10450764803784  9.9269338750021934 -42.304453014395207 187.08693273883469  9.9184710079007399 -42.305838961794727 187.06932503460575  9.9100221731875333 -42.307254095121834 187.05168759797925  9.8934411180260131 -42.310094941687694 187.01696074545325  9.8853082232084919 -42.311518509619077 186.99987348048825  9.8771883469998141 -42.312970303599364 186.98275880281471  9.8690820608294079 -42.314450531988619 186.96561720510954  9.8609899445093365 -42.315959403442307 186.94844919206341  9.8529125862343143 -42.317497126911277 186.93125528038044  9.8320097580986197 -42.321559421268752 186.88660984241531  9.8192078841375263 -42.324128656119221 186.85911932632371  9.806447367753595 -42.326772464582106 186.83156658270681  9.7937306584583261 -42.32949169947495 186.80395382148293  9.7810602482195446 -42.332287218044023 186.77628333028534  9.7684386714613982 -42.33515988196428 186.74855747446239  9.735770160105476 -42.342828370109537 186.67636341785376  9.7158032341242375 -42.347745606108923 186.63181286494441  9.6959782739413765 -42.352865820179694 186.58713700565923  9.6763060663123905 -42.358192564146364 186.54234637243681  9.6567976379275482 -42.363729386815855 186.49745206284487  9.6374642554118761 -42.369479833977429 186.45246573958008  9.5684588598785183 -42.390987184904439 186.29004696475729  9.5198659404907655 -42.40799936821486 186.17215483112449  9.4727397321155316 -42.426546096907792 186.05393659897609  9.4272937351702755 -42.446688607332412 185.93563747304873  9.3837476279659189 -42.468483565299401 185.81753299666894  9.3423210091364659 -42.491979357767214 185.69992755501281  9.272589463739191 -42.536987385702126 185.49163712840513  9.2433847738821964 -42.557829075868753 185.40063262360079  9.2157155014662937 -42.579754612850252 185.31029899054047  9.1896817565810931 -42.602775978254989 185.22080769358311  9.1653780686305772 -42.626898400369171 185.13233897616641  9.1428901265265718 -42.652118777048692 185.04507880211514  9.1097729530686298 -42.694410853876164 184.90703354756269  9.0979522083880369 -42.710798316001764 184.85536734924383  9.0868458242521672 -42.727583549151156 184.80425954731865  9.0764686432137456 -42.744762263731843 184.75375273082881  9.0668335648922671 -42.762328738127458 184.70388931448673  9.0579512998998162 -42.780275740430092 184.65471112063057  9.0418554237859521 -42.816582757757821 184.55868070050317  9.0346145891650558 -42.834929517064793 184.51180243025647  9.0281154987422791 -42.853626381464835 184.46566284420481  9.0223637170927393 -42.87266358482033 184.42029948959657  9.0173623969717234 -42.8920299633685 184.37574838187953  9.013112181757835 -42.91171297760517 184.33204361941804  9.0096111078961503 -42.931698734168542 184.28921699821032 
 0 8 0.0037132234318888457 6 0.0090034589539146337 6 0.051302305057661091 6 0.092145237696334537 6 0.15719816398938413 6 0.26121080088883852 6 0.53206090195748457 6 0.74432481771163683 6 0.87332576015815555 6 1 8
2 9 -30 190 1 0 0 0 -0.93867981673153245 -0.34479008347233064 0 0.34479008347233064 -0.93867981673153245 14.332380757938118
8 0 1
7 0 0  6 37 8  9.9706894105449404 -17.419438479078948 189.03410237108733  9.9706894534484132 -17.419403911614907 189.0345529395895  9.9702107241016193 -17.41907424283211 189.03509248617033  9.9696943957359867 -17.418724244191839 189.03560107739489  9.969339121581454 -17.418476316142613 189.03604173197678  9.9691010348664761 -17.41830048812017 189.03646042077813  9.9678727302481356 -17.417437751528443 189.03804567873317  9.96756653699215 -17.417222852207328 189.03843505852763  9.9666867493357572 -17.416603615671583 189.03957212009294  9.9646588513631791 -17.415181454595217 189.04216758276948  9.9614613180857638 -17.412926239634359 189.04626947439505  9.9465556227077219 -17.402353791958813 189.06542009240897  9.9355782146452061 -17.394466830371577 189.07957859790335  9.9246351791068008 -17.386501783304858 189.0937584794124  9.9137221036042451 -17.378455366833716 189.1079579188455  9.902843834551204 -17.370329758347609 189.12217657551642  9.8024844934748128 -17.294385828567229 189.25394086706009  9.715356066247498 -17.221214253417095 189.37269767745047  9.6313178859582393 -17.142643856640902 189.49216696232398  9.5511228477326036 -17.058758455429601 189.6117426460593  9.4755722786062861 -16.969710854437476 189.73071164390535  9.3595731215237468 -16.814241611460897 189.92520220580516  9.316013872125172 -16.750627177328294 190.00153795228587  9.2750172033165601 -16.684984032316358 190.07702526078083  9.2368138705040455 -16.617409048200276 190.15140432600333  9.2016283637144571 -16.548028746706407 190.22439273970966  9.1421166315708824 -16.415780780987316 190.35715083921323  9.1169620990419755 -16.353335880540318 190.41735440136401  9.0943364254070236 -16.289774526077466 190.47610894081296  9.0743623688975461 -16.22522254335199 190.53321108195587  9.0571441892697724 -16.159827988236874 190.5884543357671  9.0285976572074809 -16.028725219589145 190.69399111330662  9.017181478495397 -15.963037112056393 190.74434896289949  9.0085843005223953 -15.896861341395352 190.79251763432069  9.002852729588696 -15.830381454186835 190.83831138526679  9 -15.763796108119701 190.88156229951028  9 -15.697314484704433 190.92213081559464 
 0 7 0.0071990347097581958 5 0.021711049556273152 5 0.062634741919251016 5 0.40046948830263202 5 0.62164838679203582 5 0.81230982876632574 5 1 7
2 9 -30 190 1 0 0 -0 0.99878887675168548 0.049201419462314044 0 -0.049201419462314044 0.99878887675168548 14.332380757938118
2 11 -30.000000000000004 204.33238075793813 -0 1 3.1918911957973251e-16 0 -3.1918911957973251e-16 1 1 0 0 2
2 9 -30 200.86761924206189 0 1 0 0 -0 1 1 0 -0 2
2 11 -30 190 1 0 0 0 0 1 0 -1 0 10.867619242061879
7 0 0  5 6 2  9 -15.697314484704433 190.92213081559464  9 -15.581264774125614 190.99294684427062  9 -15.461334797597663 191.056203164262  9 -15.338737917858701 191.11156662100421  9 -15.214705298985018 191.1589574048684  9 -15.09036890285277 191.19851898545593 
 0 6 1 6
7 0 0  7 44 8  7.9999999999999991 -14.482411545897181 191.39195996266903  7.9787149388691123 -14.495318426043514 191.38785322807701  7.9574512021591648 -14.50816682086068 191.38344528422149  7.9362109355012418 -14.520951362861879 191.37873692096309  7.9149962737286037 -14.533666737901138 191.37372907117151  7.8938093408788506 -14.546307685405363 191.3684228126051  7.8726522501912681 -14.558868998325133 191.36281936746485  7.8304019580269113 -14.583822047949619 191.35102083746415  7.8093087485867683 -14.596213790367461 191.34482574810872  7.7882495995376138 -14.60851558668273 191.33833620218425  7.7672266221097148 -14.620722330933724 191.33155370592752  7.7462419200623875 -14.632828973875142 191.32447990329675  7.7252975947274072 -14.644830521936393 191.31711657519682  7.6625920607138669 -14.680505064701151 191.29416376584084  7.6209582698812515 -14.703847971942547 191.27771145163987  7.5795111234014749 -14.726711294040388 191.26012400005578  7.5382673255336403 -14.749056492460412 191.24141888263398  7.4972432479723468 -14.770846161814244 191.22161552555397  7.4564552400366031 -14.792043916979363 191.20073541552844  7.3348471026006781 -14.853756150696844 191.13493464474482  7.2547829701836468 -14.892389539747439 191.08685359765462  7.1758543817373903 -14.928233835076863 191.03474512432601  7.0981844432904397 -14.961027183046015 190.97882562014118  7.0218895570604891 -14.990529463950745 190.91933892131451  6.9470770581790102 -15.016524607853077 190.85655326428582  6.8372255407401337 -15.049971644521822 190.75785994627768  6.8010029068945466 -15.060196377162775 190.72420970166962  6.7651867825021972 -15.069473079220485 190.68984311303336  6.7297884133014678 -15.077779634208841 190.65479761158036  6.6948182483923313 -15.085095611156326 190.61911180887253  6.6602858686762474 -15.091402315606729 190.58282537381365  6.5921139619208953 -15.101963365629377 190.50913244558029  6.5584744322628712 -15.106217710759509 190.47172594843573  6.5252899755349336 -15.10942896554366 190.43380002697867  6.4925682908956448 -15.111582001470088 190.39539620355103  6.460316086255312 -15.112663511061188 190.35655681365162  6.4285390212188291 -15.112662040550058 190.31732487546549  6.3346468601093306 -15.109379967423209 190.19858203809852  6.2739708196529902 -15.10282170048305 190.11802414135539  6.2152499197395494 -15.091816649555572 190.03641870170136  6.1585028196511109 -15.076318253768251 189.95412273592149  6.1037293427017891 -15.056311085059027 189.87149835694422  6.0509087677544606 -15.031811198179575 189.7889077387826  6 -15.00286760134334 189.70670955703162 
 0 8 0.0625 6 0.125 6 0.25 6 0.5 6 0.625 6 0.75 6 1 8
7 0 0  6 17 4  5.5645170225424012 -13.012733369495164 191.8595848369788  5.6370975187853327 -13.056388191457311 191.84569466635446  5.7096780150282633 -13.100043013419457 191.8318044957301  5.7822585112711948 -13.143697835381607 191.81791432510582  5.854839007514129 -13.187352657343753 191.80402415448148  5.9274195037570614 -13.231007479305903 191.7901339838572  7.1504414190219423 -13.966615621030275 191.55607684785448  8.2323541206441639 -14.620880488758093 191.34790166266643  9.2525561580666977 -15.241466838646526 191.15044236952329  10.2174856827307 -15.832226226905027 190.96247347325627  11.131313554922881 -16.395676669898712 190.78319378685083  12.059919278963081 -16.972770842527662 190.59957291374113  12.125099506441233 -17.013277947399487 190.58668428946373  12.194753977285801 -17.056565629330915 190.57291093612193  12.268882691496794 -17.102633888321943 190.55825285371566  12.347485649074203 -17.151482724372585 190.54271004224495  12.430562850018033 -17.20311213748283 190.52628250170983 
 -1.3608107227446782 7 -0.89631840964056186 5 6.4661442831426275 5 6.981117986543139 7
8 0 1
7 0 0  5 22 6  6 -34.518835053324821 204.30315075133367  6 -34.431177872404788 204.33084452113263  6 -34.34288133328409 204.36399953392845  6 -34.25439122540017 204.40270993765319  6 -34.166204094203891 204.44696571010218  6 -33.991137490954415 204.54648710774123  6 -33.904263390856251 204.60179249415219  6 -33.818722167347858 204.66242143348495  6 -33.735037333205369 204.72812240636009  6 -33.571874167607206 204.86936209794334  6 -33.492423144156163 204.94495631094111  6 -33.415834285106904 205.02495471399297  6 -33.34255951441925 205.10888427673328  6 -33.202944351697496 205.2840609869213  6 -33.136649375484865 205.37534986106343  6 -33.074455351856649 205.46952136670492  6 -33.016649307507073 205.56595683475524  6 -32.944448813200971 205.69894714112937  6 -32.926070389956379 205.73407228497817  6 -32.9082782294415 205.76937662527956  6 -32.891078464583593 205.80483186160657  6 -32.874475449353547 205.84040975138524 
 0 6 0.22776383739531714 4 0.45635671193862626 4 0.68628826921352593 4 0.91763266349841122 4 1 6
7 0 0  8 37 6  6 -41.485449837783996 182.65890881696387  6 -41.465129001791901 182.70245346015048  5.9999999999999964 -41.446891898445934 182.74933566926177  6.0000000000000107 -41.433928622845357 182.80211077838237  5.9999999999999929 -41.428932843668221 182.84329561381739  6 -41.429188427615657 182.90102822354396  6.0000000000000071 -41.447279711654446 182.94794080201441  5.9999999999999964 -41.471838226648124 182.99087571992149  6.0000000000000036 -41.534456664519297 183.06683306371781  5.9999999999999902 -41.572016721064131 183.09964471097967  6.0000000000000382 -41.612763389953777 183.12767526596139  5.9999999999999289 -41.65550097694446 183.15222353755715  6.0000000000000657 -41.699659545406071 183.17437814605432  5.999999999999968 -41.744692824083884 183.19459232595077  6.0000000000000071 -41.790116796067259 183.21295659700135  5.9999999999999911 -41.928333314641421 183.26459471565673  6.0000000000000338 -42.022464984985831 183.29397200363553  5.9999999999999289 -42.117036761868597 183.3206549148033  6.0000000000000941 -42.211983803623838 183.3459624208449  5.9999999999999121 -42.307349613724675 183.37066605297088  6.0000000000000551 -42.402740916288082 183.39533595547954  5.9999999999999831 -42.497611438467999 183.4205456571683  6.0000000000000142 -42.687137760807154 183.47332546438378  5.999999999999952 -42.781608586567913 183.50087280083494  6.0000000000000941 -42.875533589511981 183.53008684776213  5.9999999999998828 -42.968740305563166 183.56152925347033  6.0000000000000977 -43.061023858932586 183.59581868320078  5.9999999999999547 -43.152033527042519 183.63363546555192  6.0000000000000036 -43.241159305485191 183.67572623872277  6.0000000000000053 -43.413677640419465 183.77009095509931  5.9999999999999556 -43.497023460686194 183.82234118749233  6.0000000000000897 -43.576954836892554 183.88061413829945  5.9999999999998872 -43.65193118723964 183.94578474196896  6.0000000000000764 -43.719904334970231 184.01839391957978  5.9999999999999689 -43.778850398387064 184.09839447506869  6.0000000000000044 -43.82730167743928 184.18489698818729  5.9999999999999991 -43.864878560704668 184.27591572805414 
 0 9 0.125 7 0.25 7 0.5 7 0.75 7 1 9
1 6 -30 212 0 -0.42288546533112387 -0.90618313999526545 
1 6.0000000000000009 -17.999999999999996 210 0 1 0 
1 6 44 182 0 -0.42288546533112387 0.90618313999526545 
7 0 0  7 44 8  6 -15.088818860451084 193.29781152269553  6 -15.121791872280987 193.28732011021708  5.9999999999999138 -15.151764600491752 193.27272138303783  6.0000000000000933 -15.178493137347125 193.2538867411686  5.9999999999998446 -15.201854598185758 193.23102307405679  6.0000000000000133 -15.221847121199211 193.20467275886696  5.9999999999999281 -15.238589867469553 193.17571366073182  5.9999999999999387 -15.266056174482577 193.11500460496472  5.9999999999998828 -15.276710971772445 193.08339993164509  5.9999999999999574 -15.284926050996212 193.05146994963306  5.999999999999865 -15.291247329549392 193.01936035455731  5.9999999999999245 -15.296100649987396 192.98688018208924  5.9999999999998845 -15.299764425936525 192.95394428904038  5.9999999999998881 -15.307498012149521 192.85515892545678  5.9999999999998144 -15.308407588663544 192.78870622777563  5.9999999999999369 -15.306806304606162 192.72432690057317  5.9999999999997762 -15.303104703670384 192.65603332326177  5.9999999999998765 -15.298037789124903 192.59125875445241  5.9999999999998286 -15.291880078941233 192.52566778387421  5.9999999999998455 -15.270697268919344 192.32897867278737  5.9999999999997478 -15.253043581695785 192.19790005491976  5.999999999999944 -15.233865548166284 192.06767935462079  5.9999999999997167 -15.213828550024084 191.937132663592  5.9999999999998881 -15.193471011094433 191.80630329042481  5.9999999999998304 -15.173467751980981 191.67629714528724  5.9999999999998632 -15.144178481037441 191.48044931168639  5.9999999999998419 -15.134542989019939 191.41506226486786  5.9999999999998979 -15.125115254006667 191.3498334671863  5.9999999999998499 -15.115918988380288 191.28464259041684  5.9999999999998934 -15.106960363463227 191.21926708816031  5.9999999999998836 -15.098266914778579 191.15366299065488  5.9999999999999059 -15.081585979849493 191.02282840848031  5.9999999999998872 -15.073600173055834 190.95765479840688  5.9999999999999529 -15.065876715271752 190.89163207812328  5.999999999999881 -15.058586328442566 190.82600376360588  5.9999999999999627 -15.051767275690917 190.76084791283563  5.9999999999999307 -15.04531375225714 190.69497386661575  5.999999999999968 -15.027416974992278 190.49770475371008  5.9999999999999316 -15.017417564746589 190.36666966258946  6.0000000000000515 -15.009376450910073 190.23390436813335  5.9999999999999156 -15.003818910509173 190.10308461276293  6.0000000000000391 -15.0006574183647 189.97045507547256  5.9999999999999876 -15.00028553210899 189.83874059090857  6 -15.002867591077109 189.70670947595806 
 0 8 0.0625 6 0.125 6 0.25 6 0.5 6 0.625 6 0.75 6 1 8
8 0 1
7 0 0  5 22 6  6 34.5188350533248 204.30315075133359  6 34.431177872404753 204.33084452113258  6 34.342881333284112 204.36399953392839  6 34.254391225400099 204.40270993765324  6 34.166204094203884 204.44696571010215  6 33.991137490954408 204.54648710774123  6 33.904263390856187 204.60179249415231  6 33.818722167347865 204.66242143348501  6 33.735037333205334 204.72812240636017  6 33.571874167607206 204.86936209794339  6 33.492423144156071 204.94495631094128  6 33.415834285106961 205.02495471399305  6 33.342559514419214 205.10888427673345  6 33.202944351697447 205.28406098692153  6 33.13664937548495 205.37534986106351  6 33.074455351856564 205.46952136670518  6 33.016649307507095 205.56595683475535  6 32.944448813200943 205.69894714112951  6 32.926070389956372 205.73407228497828  6 32.908278229441486 205.76937662527965  6 32.891078464583551 205.80483186160666  6 32.874475449353504 205.84040975138529 
 0 6 0.22776383739534289 4 0.45635671193857963 4 0.68628826921338393 4 0.91763266349838046 4 1 6
1 6 -15.655426022459267 193.11752742569297 0 0.95292578001326189 0.30320365727694698 
2 6 30 190 1 0 0 -0 0 1 0 -1 0 15
2 6 2.3973254593777126e-14 193.90120065806997 1 0 0 -0 0.30320365727694787 0.95292578001326167 0 -0.95292578001326167 0.30320365727694787 4
1 6 44 182 0 -0.42288546533112387 0.90618313999526545 
1 6 0.60640731455388941 197.90585156002649 0 0.95292578001326189 -0.30320365727694698 
1 6 0 196 0 0.95292578001326189 -0.30320365727694698 
7 0 0  7 44 8  6.0000000000000018 15.088818860427232 193.29781152270314  6.0000000000000018 15.12179187222978 193.28732011022527  5.9999999999999156 15.15176460040572 193.27272138302962  6.000000000000095 15.178493137225093 193.25388674115445  5.9999999999998463 15.201854598028294 193.23102307403946  6.0000000000000151 15.221847121008523 193.20467275884914  5.9999999999999281 15.238589867249267 193.17571366071974  5.9999999999999405 15.266056174210878 193.11500460496995  5.9999999999998863 15.276710971479032 193.08339993166157  5.9999999999999574 15.284926050685261 193.05146994966751  5.9999999999998668 15.29124732922433 193.01936035460704  5.9999999999999263 15.296100649651613 192.98688018215904  5.9999999999998845 15.29976442559227 192.95394428912681  5.9999999999998881 15.307498011786038 192.85515892559795  5.9999999999998144 15.308407588295012 192.78870622795489  5.9999999999999387 15.306806304238457 192.72432690080424  5.999999999999778 15.303104703305666 192.65603332351503  5.9999999999998765 15.298037788766417 192.59125875475428  5.9999999999998295 15.291880078591275 192.52566778422096  5.9999999999998455 15.270697268598111 192.32897867326093  5.9999999999997478 15.253043581398742 192.19790005547793  5.999999999999944 15.233865547897025 192.06767935527091  5.9999999999997184 15.213828549782063 191.93713266434037  5.9999999999998881 15.193471010878939 191.80630329125765  5.9999999999998304 15.173467751791126 191.67629714622126  5.9999999999998632 15.144178480882907 191.48044931276672  5.9999999999998446 15.134542988876444 191.41506226599964  5.9999999999998996 15.125115253873846 191.34983346836219  5.9999999999998499 15.115918988257295 191.2846425916504  5.9999999999998934 15.106960363349527 191.21926708943894  5.9999999999998836 15.098266914673028 191.15366299198661  5.9999999999999076 15.081585979758692 191.02282840991271  5.9999999999998872 15.073600172971542 190.95765479989228  5.9999999999999529 15.065876715192934 190.89163207965814  5.9999999999998828 15.058586328368238 190.82600376519511  5.9999999999999627 15.051767275619744 190.76084791447289  5.9999999999999307 15.045313752188122 190.69497386830596  5.999999999999968 15.027416974925933 190.49770475555457  5.9999999999999316 15.017417564676746 190.3666696645347  6.0000000000000515 15.009376450831896 190.23390437018369  5.9999999999999156 15.003818910415779 190.10308461490973  6.0000000000000391 15.000657418250318 189.97045507772046  5.9999999999999876 15.000285531962234 189.8387405932192  6 15.00286759089883 189.70670947839278 
 0 8 0.0625 6 0.125 6 0.25 6 0.5 6 0.625 6 0.75 6 1 8
2 6 30 190 1 0 0 -0 0 1 0 -1 0 15
2 6 30 196.5 1 -1.1102230246251565e-16 1.2325951644078309e-32 1.1102230246251565e-16 1 -1.1102230246251565e-16 0 1.1102230246251565e-16 1 1.1499999999999999
2 6 36.5 190 1 -1.1102230246251565e-16 1.2325951644078309e-32 1.1102230246251565e-16 1 -1.1102230246251565e-16 0 1.1102230246251565e-16 1 1.1499999999999999
2 6 30 190 1 -1.1102230246251565e-16 1.2325951644078309e-32 1.1102230246251565e-16 1 -1.1102230246251565e-16 0 1.1102230246251565e-16 1 3.2000000000000002
2 6 23.5 190 1 -1.1102230246251565e-16 1.2325951644078309e-32 1.1102230246251565e-16 1 -1.1102230246251565e-16 0 1.1102230246251565e-16 1 1.1499999999999999
2 6 30 183.5 1 -1.1102230246251565e-16 1.2325951644078309e-32 1.1102230246251565e-16 1 -1.1102230246251565e-16 0 1.1102230246251565e-16 1 1.1499999999999999
2 6 -30 196.5 1 1.1102230246251565e-16 1.2325951644078309e-32 1.1102230246251565e-16 -1 -1.1102230246251565e-16 0 1.1102230246251565e-16 -1 1.1499999999999999
2 6 -23.5 190 1 1.1102230246251565e-16 1.2325951644078309e-32 1.1102230246251565e-16 -1 -1.1102230246251565e-16 0 1.1102230246251565e-16 -1 1.1499999999999999
2 6 -30 190 1 1.1102230246251565e-16 1.2325951644078309e-32 1.1102230246251565e-16 -1 -1.1102230246251565e-16 0 1.1102230246251565e-16 -1 3.2000000000000002
2 6 -36.5 190 1 1.1102230246251565e-16 1.2325951644078309e-32 1.1102230246251565e-16 -1 -1.1102230246251565e-16 0 1.1102230246251565e-16 -1 1.1499999999999999
2 6 -30 183.5 1 1.1102230246251565e-16 1.2325951644078309e-32 1.1102230246251565e-16 -1 -1.1102230246251565e-16 0 1.1102230246251565e-16 -1 1.1499999999999999
8 0 1
7 0 0  8 58 9  9.970645826072781 -35.736140137045453 201.23836478116147  9.9706450228025272 -35.735687634756928 201.23859628287173  9.9703151406559236 -35.735140974357151 201.23909763980203  9.9698520285641496 -35.734563704556663 201.23970445822786  9.9693890823307107 -35.733996983798825 201.24030585426826  9.9689972446314439 -35.733459580259868 201.24084445388627  9.9686850050145157 -35.732947871848886 201.24131639288848  9.9683983999004262 -35.732435846207814 201.24177131692531  9.9668081725266244 -35.730072987694712 201.24405124431405  9.9665070426511253 -35.729633003360561 201.24448009708945  9.9661654506833735 -35.729119842166646 201.24497211505633  9.9651366079700452 -35.727600469587763 201.24644453650035  9.9631423365532505 -35.72464772322612 201.24929843695662  9.9602173471611941 -35.720322550299983 201.25348977717186  9.9567407244446269 -35.715175052391068 201.25848597683509  9.9501702608557281 -35.705441917855666 201.26794422798372  9.9469430247088138 -35.700658483069496 201.27259798395107  9.9437113920662359 -35.695865594613139 201.27726624486795  9.9404700447284551 -35.691055230085702 201.28195686603715  9.9372207181312078 -35.686229863906277 201.28666754193679  9.9339721929955154 -35.6814024854325 201.29138567190967  9.9307402869776951 -35.676596617079028 201.29608822585382  9.8866348160847863 -35.610968602817934 201.36037750077878  9.8459926770373301 -35.54997892882367 201.42099052233237  9.8056901442086239 -35.4889348815163 201.48256116551639  9.7657941220844453 -35.427898385163878 201.54507070991951  9.7263777729970808 -35.36693688718664 201.60849482688917  9.6875185347649424 -35.3061233020603 201.67280443298188  9.6492945577698563 -35.245535669855371 201.73796757953804  9.5851767521347568 -35.142489445703291 201.85075867230194  9.5589267019694848 -35.099877353574996 201.89798153260563  9.5330670500495902 -35.057450999544159 201.94560123106137  9.5076276964491004 -35.015241711558254 201.99360282527402  9.4826390995161862 -34.973282257609135 202.04196987788515  9.4581321029561725 -34.931606763666146 202.09068438998588  9.4341377629145615 -34.890250631609341 202.13972673453014  9.3750924517416401 -34.787017907834368 202.26398027266904  9.3407507972705268 -34.725606035623244 202.33959048533538  9.3077704453152261 -34.665141955935162 202.41583231369412  9.2762606538031438 -34.605760688983047 202.49262125435646  9.2463291760835844 -34.547602907821954 202.56986239873393  9.2180797320907768 -34.490812686384132 202.64745061717647  9.191609479506905 -34.435535247514125 202.72527074310946  9.1512709125786582 -34.347620112079802 202.85303828221117  9.1362991828046791 -34.314003338622378 202.90292241551663  9.122114353169346 -34.281102083093593 202.95281738702306  9.1087378858551471 -34.248953764227835 203.00268878175109  9.0961893542935961 -34.217595127210004 203.05250073461187  9.0844861497978791 -34.187061843853719 203.10221612521204  9.0736431881955681 -34.1573881127795 203.15179677265871  9.0539645917383673 -34.100582295696746 203.24930949719698  9.0450835823684148 -34.073403765292802 203.29725075190308  9.0370408867185805 -34.047100587021013 203.3449912961697  9.029845230299804 -34.021700823242128 203.39249446954716  9.0235026525473554 -33.997230376382888 203.43972332552033  9.0180163936013908 -33.973712685281129 203.48664090757947  9.0133867810875223 -33.951168421530966 203.53321052529108  9.009611116897382 -33.929615185827849 203.579396030369 
 0 9 0.0057815202966634083 7 0.024362058259333998 7 0.042385366130155165 7 0.27336480122974743 7 0.43724716919458961 7 0.68599775833364041 7 0.84509354964533168 7 1 9
7 0 0  4 5 2  9.0096111168973874 -33.929615185827835 203.57939603036891  9.0048264029880887 -33.902301828106495 203.63792465405749  9.001616398387517 -33.874942787759721 203.69655116908635  9 -33.847563007545595 203.75522212668798  9 -33.820189120121896 203.81388045688163 
 0 5 1 5
2 9 -30 190 1 0 0 0 0 1 0 -1 0 14.332380757938109
7 0 0  7 20 4  12.316459504993771 -35.274957942822311 200.6965186939521  12.25933148738336 -35.249447798520244 200.75118328888502  12.205641212556557 -35.225472755874989 200.80255838026773  12.155388680513367 -35.203032814886527 200.85064396810012  12.108573891253789 -35.182127975554856 200.8954400523823  12.065196844777827 -35.162758237879984 200.93694663311413  12.025257541085471 -35.144923601861919 200.97516371029573  11.340579475168617 -34.839185069481822 201.63031770825344  10.63076652070569 -34.542312183913396 202.2664738916144  9.8561520232865725 -34.235980544261217 202.92289883372592  9.0109293441647953 -33.917841089091979 203.60462623766028  8.092549227760065 -33.58685136826567 204.31388992514465  7.0913497671911516 -33.239790737082906 205.05759127767968  5.9466167297648189 -32.856606086742055 205.87870124269557  5.893233459529621 -32.838736724130563 205.9169927340059  5.8398501892944221 -32.820867361519063 205.95528422531626  5.7864669190592224 -32.802997998907571 205.99357571662662  5.7330836488240227 -32.785128636296072 206.03186720793698  5.6797003785888247 -32.76725927368458 206.07015869924732  5.626317108353625 -32.749389911073088 206.10845019055768 
 -4.3580997814332312 8 -3.8815171837360292 6 4.5813987801967988 6 4.9953615109931571 8
7 0 0  8 37 6  7.9999999999999991 -43.297816117774516 183.50467974762603  7.9657627436320011 -43.293756583510671 183.51337874961999  7.9315473543359456 -43.290110141706506 183.52236016122987  7.8973595499256737 -43.286883507110019 183.53161539170085  7.8632049576582395 -43.284083054943942 183.54113563822131  7.8290895003568846 -43.281714833065912 183.55091177869016  7.7950187920586043 -43.279784502895431 183.56093455120728  7.7609986191482925 -43.278297381651903 183.5711944369296  7.6930707395752966 -43.276219439139446 183.5921690451213  7.659163034859942 -43.275628618091389 183.60288376708215  7.6253172776420648 -43.27549088988853 183.61381620823536  7.5915391579356486 -43.27581082862158 183.62495647677517  7.5578343362686571 -43.276592634622872 183.6362945017456  7.5242084351847174 -43.277840130146707 183.64782004720621  7.4906670293159996 -43.279556756028363 183.65952272729339  7.3903128434636294 -43.286123195647249 183.6951306097256  7.3237701001825597 -43.292389571073151 183.71953565259443  7.2576315356379757 -43.300569150769299 183.74452298236869  7.1919403756834077 -43.310680246151279 183.77000626332529  7.1267386458666557 -43.322734942866418 183.79589745816327  7.0620668828174376 -43.336739071052271 183.82210729727325  6.9979638517433811 -43.352692227730394 183.84854575052969  6.8709686883037566 -43.388483475046662 183.90169925315672  6.808076550059079 -43.408321553390266 183.92841430343995  6.745826586444613 -43.430095565998414 183.95517733637044  6.684253452435521 -43.453792763683708 183.98189775301674  6.6233894750521323 -43.479394329769171 184.00848514886277  6.5632644015990813 -43.506875541306734 184.03484979086903  6.5039051478890011 -43.536205930371494 184.06090309449473  6.3867659450693193 -43.598492960191805 184.11221310700046  6.3289860111889951 -43.631449585426061 184.13746981104535  6.2720195625260624 -43.666183396074679 184.16224126569455  6.2158873856396912 -43.70265283259549 184.18644213367656  6.1606070388620555 -43.740811056335822 184.20998915493425  6.1061926551978969 -43.780606305038781 184.23280161373353  6.052654745226139 -43.82198225176603 184.25480180948597  5.9999999999999964 -43.864878343430576 184.27591550655058 
 0 9 0.125 7 0.25 7 0.5 7 0.75 7 1 9
1 6 -30 212 0 -0.42288546533112387 -0.90618313999526545 
1 9 -18 210 0 -1 0 
1 6 44 182 0 -0.42288546533112387 0.90618313999526545 
2 9 30 190 1 0 0 -0 0.3386924460422161 0.94089713943339237 0 -0.94089713943339237 0.3386924460422161 14.332380757938122
1 6 -44 182 0 0.95292578001326189 0.30320365727694698 
2 9 30 190 1 0 0 0 0 1 0 -1 0 14.332380757938109
8 5.9751325261558081 6.5912380882033634
2 9 2.3973254593777126e-14 193.90120065806997 -1 -0 -0 -0 0 1 0 1 -0 2
7 0 0  5 6 2  9 15.69731448470927 190.9221308156695  9 15.581264774376956 190.99294684418695  9 15.461334798021415 191.05620316410253  9 15.338737918353591 191.11156662083476  9 15.214705299457648 191.15895740471811  9 15.090368903245167 191.19851898533119 
 0 6 1 6
1 6 0 196 0 0.95292578001326189 -0.30320365727694698 
2 11 -23.5 190 1 1.1102230246251565e-16 1.2325951644078309e-32 1.1102230246251565e-16 -1 -1.1102230246251565e-16 0 1.1102230246251565e-16 -1 1.1499999999999999
2 11 -30 183.5 1 1.1102230246251565e-16 1.2325951644078309e-32 1.1102230246251565e-16 -1 -1.1102230246251565e-16 0 1.1102230246251565e-16 -1 1.1499999999999999
2 11 -30 190 1 1.1102230246251565e-16 1.2325951644078309e-32 1.1102230246251565e-16 -1 -1.1102230246251565e-16 0 1.1102230246251565e-16 -1 3.2000000000000002
2 11 -30 196.5 1 1.1102230246251565e-16 1.2325951644078309e-32 1.1102230246251565e-16 -1 -1.1102230246251565e-16 0 1.1102230246251565e-16 -1 1.1499999999999999
2 11 -36.5 190 1 1.1102230246251565e-16 1.2325951644078309e-32 1.1102230246251565e-16 -1 -1.1102230246251565e-16 0 1.1102230246251565e-16 -1 1.1499999999999999
7 0 0  7 8 2  6 -15.088818860451084 193.29781152269553  6 -14.952741377273583 192.8701394327091  6.1174977731032403 -14.816664552368481 192.44246941157814  6.3524745555957054 -14.691775526354878 192.04996104410972  6.690506118353956 -14.589283120250307 191.72784205349171  7.1024042700331815 -14.518037300424385 191.50392661975641  7.5512010494871467 -14.482411545897184 191.39195996266903  7.9999999999999991 -14.482411545897181 191.39195996266903 
 0 8 1 8
1 6 -0.60640731455387009 195.80705221809649 1 0 0 
1 8 -15.049018707905372 191.21167586566645 0 0.95292578001326189 0.30320365727694698 
1 -7 -30.933333333333337 210 1 -0 0 
1 -20 -36 210 -0 1 0 
1 -20 36 210 1 0 -0 
1 -20 -36 210 1 0 -0 
1 20 -36 210 -0 1 0 
1 -7 30.93333333333333 210 -1 -0 0 
7 0 0  7 20 4  5.6263171083534038 32.749389911073003 206.10845019055779  5.6797003785886284 32.767259273684495 206.07015869924734  5.7330836488238548 32.785128636295994 206.03186720793695  5.7864669190590812 32.802997998907486 205.99357571662657  5.8398501892943102 32.820867361518978 205.95528422531621  5.8932334595295401 32.838736724130491 205.91699273400585  5.9466167297647692 32.856606086741998 205.87870124269557  7.0913497671917263 33.23979073708329 205.05759127768073  8.0925492277588837 33.586851368264576 204.3138899251397  9.0109293441680176 33.917841089094175 203.60462623766736  9.856152023284162 34.235980544259455 202.92289883371893  10.630766520706796 34.542312183914241 202.26647389161766  11.340579475168688 34.839185069481715 201.63031770825231  12.025257541085242 35.144923601861848 200.97516371029613  12.065196844777606 35.162758237879935 200.93694663311456  12.108573891253609 35.18212797555482 200.89544005238272  12.155388680513241 35.203032814886527 200.85064396810063  12.205641212556504 35.225472755875039 200.80255838026818  12.259331487383403 35.249447798520357 200.75118328888544  12.316459504993933 35.274957942822482 200.69651869395244 
 -1.1517078419867677 8 -0.73774511119025332 6 7.725170852745574 6 8.2017534504430412 8
7 0 0  4 5 2  9.0096111168973891 33.929615185827842 203.57939603036891  9.0048264039204131 33.902301833428631 203.63792464265293  9.0016163974851207 33.87494277317824 203.69655120033238  9 33.847563022111586 203.75522209547512  9 33.820189120121881 203.81388045688163 
 0 5 1 5
7 0 0  7 20 4  4.6236386583453486 34.12337418808675 205.28023306366256  4.6786044335186121 34.139074000304632 205.24154316350891  4.7333198876342442 34.154702313601852 205.20302946202983  4.7877850206922465 34.170259127978404 205.16469195922514  4.8419998326926166 34.185744443434288 205.12653065509494  4.8959643236353552 34.201158259969489 205.08854554963924  4.9496784935204632 34.216500577584021 205.05073664285797  6.0961394313972574 34.543962919070275 204.24375340507964  7.0985587827128285 34.836346751221996 203.51629360494465  8.018561580917142 35.111471646620316 202.8257488893901  8.8648228248247172 35.37228345804489 202.16613024659586  9.6398901068506309 35.620113417837956 201.53560846757415  10.35042492618261 35.857686842505288 200.92883092539122  11.03658032023464 36.100391047169452 200.30823624613609  11.077247630427612 36.114775729213449 200.27145461249424  11.122001930578941 36.130606045374613 200.23097649224854  11.170843220688624 36.147881995652924 200.18680188539884  11.223771500756666 36.166603580048395 200.13893079194526  11.280786770783056 36.186770798561028 200.08736321188775  11.341889030767804 36.208383651190815 200.03209914522628 
 -1.1517078419867677 8 -0.73774511119025332 6 7.725170852745574 6 8.2017534504430412 8
8 0 1
7 0 0  7 50 9  9.9710084996755359 35.736260846485841 201.23805882799027  9.9703258860951838 35.735350382364679 201.23898341346006  9.969720496554384 35.734448916581542 201.23985160795843  9.9691407663397751 35.733550395006439 201.24070124707978  9.9685543260873892 35.732651019415137 201.24155608093562  9.9679480017826503 35.731749247489141 201.24242577415515  9.967327814760365 35.730845792815707 201.24330590588488  9.9656463649292757 35.728354222924885 201.24571433573348  9.9645723560422645 35.726764528663807 201.24725253112959  9.9634977303776253 35.725174636191731 201.24879198670604  9.9624230074567866 35.723584608808842 201.25033232123559  9.9613484509886856 35.721994479028368 201.25187334153466  9.9602740688697775 35.720404248576607 201.2534150424635  9.9548689044226339 35.712403771277266 201.2611750782672  9.950539614405006 35.70599186381444 201.26740465560448  9.94621289844312 35.699578364046388 201.27364552906965  9.9418890990916218 35.693163373350508 201.27989748591924  9.9375681510447524 35.68674694489232 201.28616061304092  9.9332499860332941 35.680329132078164 201.29243499945943  9.8835603932720755 35.606410557617757 201.36481447257336  9.8385234947999205 35.538768686979559 201.4321356853448  9.7939252593742943 35.471068517870719 201.50065512688545  9.749861734608686 35.403401624930204 201.57034655710709  9.7064464635889856 35.33587021771757 201.64116887423978  9.6637912118483467 35.268585233649972 201.71307875857943  9.5692435524450712 35.117135000554995 201.87816504574101  9.5178758576834728 35.03318983883095 201.97195547956878  9.4681510874025268 34.950073858356653 202.06728539090551  9.4203212177868458 34.868056168818619 202.16402165668995  9.3746464879809785 34.787432341432364 202.26200161206245  9.3313868547179002 34.708519340154126 202.36103082794708  9.2654715518272663 34.583703525364157 202.52315592192522  9.241189041425443 34.536554867059678 202.58574845426133  9.2180026950946861 34.49028004151338 202.64860496220527  9.195971138319079 34.44496143992766 202.71166448923958  9.1751500508402621 34.400682444312174 202.77486080465084  9.1555908126521377 34.357526026309401 202.83812273551527  9.1230039730881138 34.282622972949895 202.95105354611036  9.1094754092689332 34.250415153445779 203.00072632432048  9.0967756469080765 34.218989223154473 203.0503560888715  9.0849246669485098 34.188383747104183 203.09990439117766  9.0739398707911079 34.158635973075576 203.14933137761821  9.0638357081796723 34.129781284972637 203.1985960886459  9.0455761417551628 34.074424973796454 203.2958374424893  9.0373890098193179 34.047890358468088 203.34382145383978  9.0300725152394055 34.022280106233836 203.39156918948609  9.0236340938368134 33.997623090628295 203.4390405465299  9.0180778704402265 33.973945349564829 203.48619531305738  9.0134045180324751 33.951269672204965 203.53299355956233  9.0096111168973874 33.929615185827849 203.579396030369 
 0 8 0.0030371163044350391 6 0.0083877815929526145 6 0.029954211322219759 6 0.25673427347991917 6 0.54320837228763108 6 0.72186959855340049 6 0.86219326841317112 6 1 8
2 8 -1.2128146291077648 197.71290377812301 0 -0.95292578001326189 -0.3032036572769472 0 -0.3032036572769472 0.95292578001326189 -1 -0 0 2
1 6 30.000000000000004 205 0.85749292571254421 -1.2601511601184397e-16 -0.51449575542752657 
2 9.971008489144948 30 190 1 0 0 -0 0.3386924460422161 0.94089713943339237 0 -0.94089713943339237 0.3386924460422161 12.617394906513033
2 11 30 190 1 0 0 -0 0 1 0 -1 0 12
2 9.971008489144948 30 190 1 0 0 0 0 1 0 -1 0 12.617394906513027
5 30.999999999999996 38.430656934306562 193.93430656934305 0 -0.90618313999526545 -0.42288546533112387 -1 -0 0 -0 0.42288546533112387 -0.90618313999526545 15.505800395474525 9.3034802372847167
7 0 0  6 17 4  11.433674267008065 18.32225452473395 188.79067137827803  11.349969995840908 18.270482681053863 188.80455810145679  11.270835815340073 18.221537479506626 188.81768663651565  11.196271725505548 18.175418920092238 188.83005698345468  11.126277726337342 18.132127002810694 188.84166914227376  11.060853817835451 18.091661727662 188.85252311297302  10.129986614744581 17.515912000039517 189.00695603479971  9.2142579764734247 16.953209962694043 189.16016319976328  8.2475734155382092 16.362750297069454 189.32315146280376  7.2256905319410398 15.742046086066493 189.49667955729484  6.1422487822518104 15.087355083643249 189.68187284008883  4.9176929503790987 14.350980002394508 189.89246128100157  4.8449827687541154 14.307256421559629 189.90496534442468  4.772233931461825 14.26350959550439 189.91747605551268  4.6994464385022257 14.219739524228793 189.9299934142654  4.6266202898753184 14.175946207732835 189.94251742068295  4.5537554855811031 14.132129646016518 189.9550480747653 
 -3.4543247677781652 7 -2.9393510643777057 5 4.4231124744495167 5 4.8876048348600429 7
2 9 30 190 1 0 0 -0 0 1 0 -1 0 13.199999999999999
5 30.999999999999996 28.975609756097555 186.78048780487802 0 0.30320365727694704 0.952925780013262 -1 0 -0 -0 -0.952925780013262 0.30320365727694704 5.6309250637147548 3.3785550382288534
2 8 1.2128146291078155 197.71290377812301 0 -0.95292578001326167 0.30320365727694787 -0 0.30320365727694787 0.95292578001326167 -1 -0 0 2
2 8 2.3973254593777126e-14 193.90120065806997 1 0 0 -0 0.30320365727694787 0.95292578001326167 0 -0.95292578001326167 0.30320365727694787 2
1 6 44 182 0 -0.42288546533112387 0.90618313999526545 
1 6 44 182 1 0 0 
1 8 -4.6629367034256575e-15 195.99999999999997 0 0.95292578001326189 -0.30320365727694698 
7 0 0  7 8 2  6.0000000000000018 15.088818860427232 193.29781152270314  6.0000000000000018 14.952741377249627 192.87013943271637  6.117497773103211 14.816664552345069 192.4424694115846  6.3524745555957596 14.691775526330508 192.04996104411831  6.6905061183539383 14.589283120226854 191.72784205349734  7.1024042700332171 14.5180373004003 191.50392661976517  7.551201049487152 14.482411545873333 191.39195996267662  8 14.482411545873344 191.39195996267665 
 0 8 1 8
1 6 0 196 0 0.95292578001326189 -0.30320365727694698 
7 0 0  7 44 8  8 14.482411545873344 191.39195996267665  7.9787149391217413 14.495318426391179 191.38785322796642  7.9574512026496587 14.508166821557591 191.38344528400881  7.9362109362154971 14.520951363884466 191.37873692064679  7.9149962746529052 14.533666739225701 191.37372907074837  7.8938093420001048 14.546307687011263 191.36842281208422  7.8726522514966648 14.558869000190576 191.36281936684512  7.8304019596758145 14.583822050294206 191.35102083665791  7.8093087503949743 14.596213792931371 191.34482574720988  7.7882496014931881 14.608515589446323 191.33833620120362  7.7672266242009522 14.620722333878639 191.331553704859  7.7462419222781795 14.632828976982934 191.32447990215385  7.7252975970567919 14.644830525190121 191.31711657397824  7.6625920633526929 14.680505068342702 191.29416376441455  7.620958272684307 14.703847975776595 191.27771145009098  7.5795111263296651 14.72671129800643 191.26012399840783  7.5382673285505168 14.749056496503902 191.24141888090071  7.4972432510440736 14.770846165885541 191.22161552376065  7.4564552431318445 14.792043921034589 191.20073541369331  7.3348471056796969 14.853756154586115 191.13493464284525  7.2547829731362645 14.892389543369379 191.08685359579377  7.1758543844674083 14.928233838315091 191.03474512257858  7.0981844457201086 14.961027185819775 190.97882561858705  7.0218895591303339 14.990529466213104 190.91933892000657  6.9470770598479978 15.016524609585385 190.8565532632793  6.8372255417758367 15.04997164547038 190.75785994576665  6.8010029077137411 15.060196377851874 190.7242097013326  6.7651867831021306 15.069473079655282 190.68984311287434  6.7297884136815371 15.077779634397237 190.65479761160583  6.6948182485549186 15.085095611109237 190.61911180908123  6.660285868626092 15.091402315337364 190.58282537420567  6.5921139614606732 15.101963364946769 190.5091324463296  6.5584744316052754 15.106217709885909 190.47172594936126  6.525289974690466 15.109428964496926 190.43380002806953  6.4925682898777639 15.111582000270202 190.39539620480369  6.4603160850803825 15.112663509729963 190.35655681504866  6.4285390199066095 15.112662039110779 190.31732487699333  6.3346468584545752 15.109379965733869 190.19858203996102  6.2739708178622671 15.102821698725563 190.11802414336691  6.2152499179335701 15.09181664783948 190.03641870375793  6.1585028179779489 15.076318252207734 189.95412273789847  6.1037293413495082 15.056311083773206 189.87149835868445  6.05090876694344 15.031811197284611 189.78890774013163  6 15.002867600937897 189.70670955771837 
 0 8 0.0625 6 0.125 6 0.25 6 0.5 6 0.625 6 0.75 6 1 8
2 11 30 196.5 1 -1.1102230246251565e-16 1.2325951644078309e-32 1.1102230246251565e-16 1 -1.1102230246251565e-16 0 1.1102230246251565e-16 1 1.1499999999999999
1 1.1499999999999999 6.5 3 0 0 1 
2 11 36.5 190 1 -1.1102230246251565e-16 1.2325951644078309e-32 1.1102230246251565e-16 1 -1.1102230246251565e-16 0 1.1102230246251565e-16 1 1.1499999999999999
1 7.6500000000000004 -2.8166876380389135e-16 3 0 0 1 
2 11 30 190 1 -1.1102230246251565e-16 1.2325951644078309e-32 1.1102230246251565e-16 1 -1.1102230246251565e-16 0 1.1102230246251565e-16 1 3.2000000000000002
1 3.2000000000000002 -7.8377395145430609e-16 3 0 0 1 
2 11 23.5 190 1 -1.1102230246251565e-16 1.2325951644078309e-32 1.1102230246251565e-16 1 -1.1102230246251565e-16 0 1.1102230246251565e-16 1 1.1499999999999999
1 -5.3499999999999996 -2.8166876380389116e-16 3 0 0 1 
2 11 30 183.5 1 -1.1102230246251565e-16 1.2325951644078309e-32 1.1102230246251565e-16 1 -1.1102230246251565e-16 0 1.1102230246251565e-16 1 1.1499999999999999
1 1.1499999999999999 -6.5 3 0 0 1 
1 1.1499999999999999 -6.5 3 0 0 1 
1 -5.3499999999999996 -2.8166876380389116e-16 3 0 0 1 
1 3.2000000000000002 -7.8377395145430609e-16 3 0 0 1 
1 7.6500000000000004 -2.8166876380389135e-16 3 0 0 1 
1 1.1499999999999999 6.5 3 0 0 1 
2 11 30.000000000000004 204.33238075793813 0 1 -2.7755575615628914e-16 0 2.7755575615628914e-16 1 1 -0 0 2
8 0 1
7 0 0  6 37 8  9.970688790056137 17.419438097569138 189.03410247480633  9.9706888332715593 17.419403200997714 189.03455733235421  9.9702065790456675 17.419071324400242 189.03509800490951  9.9696858021977182 17.41871845791292 189.03560904126354  9.9693268512021866 17.418467926849999 189.03605469588206  9.969086648188787 17.418290391703817 189.03647892890555  9.9679123558338407 17.417465588947628 189.03799436998807  9.9676113549960554 17.417254342854047 189.03837780628427  9.9665914357123508 17.416536609742309 189.03969489858284  9.9643075169914752 17.414935239883384 189.04261732824449  9.9609114191030681 17.412537102827365 189.04697547553269  9.9461901924706879 17.402091752327348 189.06589110688336  9.9352143889411906 17.3942030933217 189.08004942461616  9.9242727146807628 17.386236201297386 189.0942290530088  9.913361237282059 17.378188075472391 189.10842825124382  9.9024844931371963 17.370060710677972 189.12264662868023  9.8022449499224145 17.294180426652389 189.25426991489033  9.7152307512413287 17.221087709221628 189.37288160786755  9.6313002908239209 17.14260961310039 189.49220309760543  9.5512037276196775 17.058829714038726 189.61163046259026  9.4757393664213581 16.969900232951957 189.73045330072551  9.3598381486501996 16.814619357947873 189.92474362523731  9.3163013058147399 16.751066796130146 190.00102171055403  9.2753219384299204 16.685488427122042 190.07645378115581  9.2371302427892932 16.61798079889444 190.15078074797023  9.2019501959641694 16.54866999403075 190.22372098473508  9.1424128887189529 16.416502227648504 190.35645053534279  9.1172330911068844 16.354065548186679 190.41667037198798  9.0945814111523244 16.290511389998457 190.47544260136803  9.0745807121695758 16.225965465166919 190.53256385853987  9.0573353895828692 16.16057571715676 190.58782763383502  9.0287076475081527 16.029357483978149 190.69350631209068  9.0172477449342008 15.963546686055778 190.74397799096232  9.0086174347969727 15.897245285136476 190.79225313074116  9.0028637233631859 15.830637825654014 190.83814484832575  9 15.763924091937243 190.8814842011154  9 15.697314484709281 190.92213081566948 
 0 7 0.0073688763657439142 5 0.021210979427760672 5 0.062162817777168693 5 0.39983226324990156 5 0.6209969795257293 5 0.81180864910501671 5 1 7
1 6 0.6064073145539185 195.80705221809649 1 0 0 
7 0 0  6 17 4  12.430562850036315 17.203112137535399 190.52628250169332  12.347485669505716 17.151482737103098 190.5427100381944  12.268882724177601 17.102633908657257 190.55825284724529  12.194754014051961 17.056565652197865 190.572910928846  12.125099539128799 17.013277967724935 190.58668428299646  12.059919299408113 16.972770855238455 190.59957290969678  11.131313163481382 16.395676426546498 190.78319386428205  10.217485172568406 15.832225915694689 190.96247357227554  9.252558067232334 15.241468015206273 191.15044199516569  8.2323546868412745 14.620880821868488 191.34790155667571  7.1504414340608404 13.966615630062654 191.55607684498079  5.9274195037567372 13.231007479304459 191.7901339838576  5.8548390075134762 13.187352657342814 191.80402415448179  5.7822585112702152 13.143697835381166 191.81791432510587  5.709678015026955 13.100043013419516 191.83180449573001  5.637097518783694 13.056388191457865 191.84569466635412  5.564517022540433 13.012733369496218 191.85958483697823 
 -3.4543247677781652 7 -2.9393510643777057 5 4.4231124744495167 5 4.8876048348600429 7
1 -20 -36 210 0 0 1 
1 -20 -36 272 -0 1 0 
1 -20 36 210 0 0 1 
1 -20 -30.5 223 0 -1 0 
1 -20 25 216.5 0 0 1 
1 -20 -30.5 259 0 -1 0 
1 -20 -25 216.5 0 0 1 
1 20 36 210 0 0 1 
1 -20 36 272 1 0 -0 
1 20 -36 210 0 0 1 
1 -20 -36 272 1 0 -0 
1 20 -36 272 -0 1 0 
1 -17.5 -18 272 -1 -0 0 
1 15 -27 272 -0 1 0 
1 -17.5 18 272 -1 -0 0 
1 -15 -27 272 -0 1 0 
1 -21 25 223 1 0 -0 
1 -17.5 -29.25 223 0 -1 0 
1 -21 -25 223 1 0 -0 
1 -17.5 25 217.75 0 0 1 
1 -21 25 259 1 0 -0 
1 -17.5 -29.25 259 0 -1 0 
1 -21 -25 259 1 0 -0 
1 -17.5 -25 217.75 0 0 1 
1 15 -18 270 0 0 1 
1 -15 -18 290 1 0 -0 
1 -15 -18 270 0 0 1 
1 15 -18 290 -0 1 0 
1 15 18 270 0 0 1 
2 15 9 282 1 0 0 -0 0 1 0 -1 0 4
2 15 -9 282 1 0 0 -0 0 1 0 -1 0 4
1 -15 18 290 1 0 -0 
1 -15 18 270 0 0 1 
1 -15 -18 290 -0 1 0 
1 -17.5 -33.5 212.5 0 0 1 
1 -17.5 -33.5 269.5 -0 1 0 
1 -17.5 -33.5 212.5 -0 1 0 
1 -17.5 33.5 212.5 0 0 1 
1 8 9 286 1 0 0 
2 8 9 282 1 0 0 -0 0 1 0 -1 0 4
1 8 -9 286 1 0 0 
2 8 -9 282 1 0 0 -0 0 1 0 -1 0 4
1 -17.5 -33.5 212.5 1 0 -0 
1 17.5 -33.5 212.5 0 0 1 
1 -17.5 -33.5 269.5 1 0 -0 
1 -17.5 33.5 269.5 1 0 -0 
1 17.5 -33.5 269.5 -0 1 0 
1 -17.5 33.5 212.5 1 0 -0 
1 17.5 -33.5 212.5 -0 1 0 
1 17.5 33.5 212.5 0 0 1 
1 -12.699999999999999 -31.25 215 0 0 1 
1 -12.699999999999999 -31.25 218 -0 1 0 
1 -12.699999999999999 31.25 215 0 0 1 
1 -12.699999999999999 -31.25 215 -0 1 0 
1 12.699999999999999 -31.25 215 0 0 1 
1 12.699999999999999 -31.25 218 -0 1 0 
1 12.699999999999999 31.25 215 0 0 1 
1 12.699999999999999 -31.25 215 -0 1 0 
1 -12.699999999999999 -31.25 215 1 0 -0 
1 -12.699999999999999 -31.25 218 1 0 -0 
1 -12.699999999999999 31.25 215 1 0 -0 
1 -12.699999999999999 31.25 218 1 0 -0 
1 -12.699999999999999 -31.5 223 0 0 1 
1 -12.699999999999999 -31.5 228 -0 1 0 
1 -12.699999999999999 31.5 223 0 0 1 
1 -12.699999999999999 -31.5 223 -0 1 0 
1 12.699999999999999 -31.5 223 0 0 1 
1 12.699999999999999 -31.5 228 -0 1 0 
1 12.699999999999999 31.5 223 0 0 1 
1 12.699999999999999 -31.5 223 -0 1 0 
1 -12.699999999999999 -31.5 223 1 0 -0 
1 -12.699999999999999 -31.5 228 1 0 -0 
1 -12.699999999999999 31.5 223 1 0 -0 
1 -12.699999999999999 31.5 228 1 0 -0 
1 -15 -27.5 237 0 0 1 
1 -15 -27.5 252 -0 1 0 
1 -15 27.5 237 0 0 1 
1 -15 -27.5 237 -0 1 0 
1 15 -27.5 237 0 0 1 
1 15 -27.5 252 -0 1 0 
1 15 27.5 237 0 0 1 
1 15 -27.5 237 -0 1 0 
1 -15 -27.5 237 1 0 -0 
1 -15 -27.5 252 1 0 -0 
1 -15 27.5 237 1 0 -0 
1 -15 27.5 252 1 0 -0 
Polygon3D 0
PolygonOnTriangulations 0
Surfaces 88
1 6 -44 182 0 -0.30320365727694704 0.952925780013262 0 0.952925780013262 0.30320365727694704 -1 0 0 
3 6 -30 190 1 0 0 -0 0 1 0 -1 0 15
-0.54041950027058416
2 8 -41.594077837847365 182.42613453111369 0 -0.42288546533112387 -0.90618313999526545 0 -0.90618313999526545 0.42288546533112387 -1 -0 0 2
1 6 -30 212 0 0.90618313999526545 -0.42288546533112387 0 -0.42288546533112387 -0.90618313999526545 -1 0 -0 
5 11 -30 190 1 0 0 0 -0.93867981673153245 -0.34479008347233064 0 0.34479008347233064 -0.93867981673153245 14.332380757938118 2
1 6.0000000000000009 -1.0403311000055026e-15 197.73766198920575 1 0 0 -0 0 1 0 -1 0 
5 11 -30 190 1 0 0 -0 0.99878887675168548 0.049201419462314044 0 -0.049201419462314044 0.99878887675168548 14.332380757938118 2
5 9 -30 190 1 0 0 0 0 1 0 -1 0 10.867619242061879 2
9 1 1 0 0 2 6 3 17 2 4 4.5537554857059979 -14.132129646091537 189.95504807474359  1 4.6266202899562936 -14.175946207781456 189.94251742066888  1 4.6994464385568557 -14.219739524261586 189.92999341425596  1 4.7722339315076843 -14.263509595531922 189.91747605550484  1 4.8449827688087792 -14.307256421592465 189.90496534441556  1 4.9176929504601388 -14.350980002443221 189.89246128098799  1 6.1422487680208988 -15.087355075085867 189.68187284253881  1 7.225689968679144 -15.742045753803252 189.49667965647384  1 8.2475714921768404 -16.362749115670034 189.32315178468545  1 9.2142584959120732 -16.953210278983075 189.16016311189316  1 10.129987010569613 -17.515912244858647 189.00695596915318  1 11.060853797142181 -18.091661714863161 188.8525231164048  1 11.126277693227921 -18.132126982332508 188.84166914776378  1 11.196271688257218 -18.175418897054268 188.8300569896295  1 11.270835782230071 -18.221537459028429 188.81768664200197  1 11.349969975146479 -18.270482668254999 188.80455810488118  1 11.433674267006444 -18.322254524733975 188.79067137826715  1 
4.7637160028452756 -14.253918186771021 191.46466239511832  0.79570401475630703 4.8368666173517738 -14.296677939120608 191.45105701937078  0.79549335352126127 4.9100523920967269 -14.339458244176399 191.43744510412569  0.79536695678023384 4.9832500817923693 -14.382245514045055 191.42383097280384  0.79532482453322473 5.0564364237262032 -14.4250261506477 191.41021895206669  0.79536695678023384 5.1295881623979582 -14.467786560121331 191.39661336723412  0.79549335352126127 6.3561144118452892 -15.184745112424039 191.16849019150141  0.79904311303648035 7.4434181623969478 -15.822090562365059 190.96569845742928  0.80248694823595701 8.4711682748248833 -16.426400779069713 190.77341793393239  0.8060394315296624 9.4455540303544225 -17.001343744752727 190.59048153576052  0.80970806678658291 10.370612934542674 -17.549350153379542 190.41611586028833  0.81349525015038449 11.31277873221269 -18.11004475992447 190.23771303093315  0.81768626532400057 11.378641312800859 -18.14924040234775 190.22524169016205  0.81785065352059794 11.449092896629807 -18.1911670177833 190.21190140343259  0.81790544958613032 11.524160882882455 -18.235840911826298 190.19768698260071  0.81785065352059794 11.60387638308031 -18.283280599330876 190.18259253657655  0.81768626532400057 11.688274264039633 -18.333506829973867 190.16661146319015  0.81741228499633822 
5.5645170225424012 -13.012733369495164 191.8595848369788  1 5.6370975187853327 -13.056388191457311 191.84569466635446  1 5.7096780150282633 -13.100043013419457 191.8318044957301  1 5.7822585112711948 -13.143697835381607 191.81791432510582  1 5.854839007514129 -13.187352657343753 191.80402415448148  1 5.9274195037570614 -13.231007479305903 191.7901339838572  1 7.1504414190219423 -13.966615621030275 191.55607684785448  1 8.2323541206441639 -14.620880488758093 191.34790166266643  1 9.2525561580666977 -15.241466838646526 191.15044236952329  1 10.2174856827307 -15.832226226905027 190.96247347325627  1 11.131313554922881 -16.395676669898712 190.78319378685083  1 12.059919278963081 -16.972770842527662 190.59957291374113  1 12.125099506441233 -17.013277947399487 190.58668428946373  1 12.194753977285801 -17.056565629330915 190.57291093612193  1 12.268882691496794 -17.102633888321943 190.55825285371566  1 12.347485649074203 -17.151482724372585 190.54271004224495  1 12.430562850018033 -17.20311213748283 190.52628250170983  1 

0 3
7.3624626927831898 3

-1.3608107227446782 7
-0.89631840964056186 5
6.4661442831426275 5
6.981117986543139 7

1 6 5.2762142769425233e-15 194.34694037671349 -1 -0 -0 0 0 -1 0 -1 0 
5 11 -30 190 1 0 0 0 0 1 0 -1 0 14.332380757938109 2
9 1 1 0 0 2 7 3 20 2 4 11.341889030767337 -36.208383651190587 200.03209914522614  1 11.280786770782703 -36.186770798560858 200.08736321188758  1 11.223771500756408 -36.16660358004826 200.13893079194506  1 11.170843220688443 -36.147881995652831 200.18680188539864  1 11.122001930578817 -36.130606045374535 200.23097649224832  1 11.077247630427527 -36.114775729213406 200.2714546124941  1 11.036580320234576 -36.100391047169417 200.30823624613598  1 10.350424926182413 -35.85768684250538 200.92883092539242  1 9.6398901068509684 -35.620113417837459 201.53560846756997  1 8.8648228248233334 -35.372283458045764 202.16613024660526  1 8.0185615809174813 -35.111471646618973 202.82574888938089  1 7.0985587827123204 -34.83634675122272 203.5162936049505  1 6.096139431397062 -34.543962919069983 204.24375340507837  1 4.949678493520528 -34.216500577584057 205.05073664285803  1 4.8959643236354395 -34.201158259969539 205.08854554963932  1 4.841999832692724 -34.185744443434352 205.126530655095  1 4.7877850206923842 -34.170259127978476 205.16469195922517  1 4.7333198876344174 -34.154702313601931 205.20302946202978  1 4.6786044335188235 -34.13907400030471 205.24154316350885  1 4.6236386583456044 -34.123374188086807 205.28023306366237  1 
11.749218481072921 -35.520567277144366 200.17021297754775  0.92384243252698872 11.688998235835278 -35.495509584265861 200.22390803371604  0.92414904335179082 11.632705930838394 -35.472086310506832 200.27410076319964  0.92435345056832596 11.58032029028829 -35.450288602992202 200.32081013644529  0.92445565417659348 11.531822643922098 -35.430108693010425 200.36405280069195  0.92445565417659326 11.487196904924378 -35.411539886824563 200.40384309966169  0.92435345056832574 11.446429552136379 -35.394576558269506 200.44019308942245  0.92414904335179116 10.749798243138878 -35.104707705667813 201.06134063071187  0.91839779049332559 10.028706674463695 -34.822835071461562 201.66535341829655  0.91277058626102747 9.243395657956091 -34.531580164632636 202.28947107578728  0.90700051119875735 8.3882610471711789 -34.228618381699391 202.93867489635835  0.90111180628265231 7.4614223676359259 -33.91302870337492 203.61493849276803  0.8951618989441793 6.4546277042325144 -33.581971980691172 204.3243457556618  0.88916895509488691 5.3070894623629385 -33.21613213250685 205.10828828748529  0.88286764023664344 5.2530190036007376 -33.198894250837128 205.14522660534894  0.88267173733007531 5.1987740631568302 -33.181600743699249 205.18228412064445  0.88257378587679125 5.1443726438773281 -33.164257350473591 205.21944853469947  0.88257378587679114 5.0898328567921443 -33.14686984502999 205.25670747493572  0.8826717373300752 5.0351729010213591 -33.129444029321782 205.29404850859626  0.88286764023664333 4.9804110435417348 -33.111985726935274 205.33145915656735  0.88316149459649562 
12.316459504993771 -35.274957942822311 200.6965186939521  1 12.25933148738336 -35.249447798520244 200.75118328888502  1 12.205641212556557 -35.225472755874989 200.80255838026773  1 12.155388680513367 -35.203032814886527 200.85064396810012  1 12.108573891253789 -35.182127975554856 200.8954400523823  1 12.065196844777827 -35.162758237879984 200.93694663311413  1 12.025257541085471 -35.144923601861919 200.97516371029573  1 11.340579475168617 -34.839185069481822 201.63031770825344  1 10.63076652070569 -34.542312183913396 202.2664738916144  1 9.8561520232865725 -34.235980544261217 202.92289883372592  1 9.0109293441647953 -33.917841089091979 203.60462623766028  1 8.092549227760065 -33.58685136826567 204.31388992514465  1 7.0913497671911516 -33.239790737082906 205.05759127767968  1 5.9466167297648189 -32.856606086742055 205.87870124269557  1 5.893233459529621 -32.838736724130563 205.9169927340059  1 5.8398501892944221 -32.820867361519063 205.95528422531626  1 5.7864669190592224 -32.802997998907571 205.99357571662662  1 5.7330836488240227 -32.785128636296072 206.03186720793698  1 5.6797003785888247 -32.76725927368458 206.07015869924732  1 5.626317108353625 -32.749389911073088 206.10845019055768  1 

0 3
8.4629159639328275 3

-4.3580997814332312 8
-3.8815171837360292 6
4.5813987801967988 6
4.9953615109931571 8

9 1 1 0 0 2 7 3 14 2 3 4.759843222081984 -44.311228164418978 183.43660948280291  1 4.7950836540090549 -44.29868227020652 183.46025748185465  1 4.8301632694244816 -44.286193628043286 183.48379756540959  1 4.8650820683282685 -44.273762237929255 183.50722973346794  1 4.8998400507204121 -44.26138809986444 183.53055398602959  1 4.9344372166009141 -44.249071213848829 183.55377032309457  1 4.9688735659697754 -44.236811579882406 183.57687874466288  1 6.0706163693587349 -43.844581748839744 184.31620035183579  1 7.0516439053101028 -43.483057665151271 184.99234377820963  1 7.9539520231970151 -43.137968300625865 185.63319277105748  1 8.7854839215615819 -42.806857199339525 186.24431483877152  1 9.5489264775639047 -42.489105496386571 186.82797112507316  1 10.250299601563894 -42.182603838765303 187.3891451774347  1 10.893033580237059 -41.885648904384809 187.93220271311063  1 
5.1169911024405845 -43.705785943737652 182.63045869199078  0.8831615438717304 5.1521253936595359 -43.69458498276353 182.654460751221  0.88297315633132811 5.1871788530022984 -43.683409791334178 182.67840758999819  0.88284756463772662 5.2221439655109112 -43.672262765250061 182.70229407446419  0.88278476879092593 5.2570132507266951 -43.661146289313102 182.72611509432912  0.88278476879092593 5.291779268023272 -43.650062735626541 182.74986556651467  0.88284756463772651 5.3264346218982359 -43.639014461907891 182.77354043876895  0.882973156331328 6.4292666303821298 -43.287426942721488 183.5269422655968  0.88902863088079553 7.4145954506609524 -42.963677155043541 184.22069181062099  0.89488180627738756 8.323622025176455 -42.654685421819465 184.88281695324397  0.90069463400895711 9.1637190013838516 -42.357921638312419 185.51873934647352  0.90645004872881374 9.9371478507133162 -42.072359289442772 186.1306586654797  0.91209554037661345 10.648805722754471 -41.795955400997194 186.7229527121489  0.91760786135002392 11.301465649409655 -41.526852429241622 187.29960193733939  0.92295002710123741 
5.7604257494198006 -44.067032593792376 181.85635872758772  1 5.7946506423598274 -44.055576267552986 181.88090799810067  1 5.8288755352998551 -44.044119941313589 181.90545726861365  1 5.8631004282398829 -44.032663615074192 181.93000653912662  1 5.8973253211799115 -44.021207288834809 181.95455580963957  1 5.9315502141199383 -44.009750962595412 181.97910508015258  1 5.9657751070599687 -43.998294636356022 182.00365435066558  1 7.0658901556139817 -43.630045802994317 182.79275899358461  1 8.0456410360373489 -43.290714641118917 183.51989719759749  1 8.9464983368383528 -42.966672620845507 184.21427295534031  1 9.7768483129694985 -42.655134274320311 184.88185512644682  1 10.539911444145492 -42.354845075139977 185.52533198184869  1 11.240542366024426 -42.063821082017057 186.14895482424745  1 11.881894024558058 -41.780173992278911 186.75677001654518  1 

0 3
8.2651479164050254 3

-1.0031235505874847 8
-0.73773616420194876 6
7.5274117522030766 8

9 0 0 0 0 7 8 8 37 2 6 6 -41.485449837783996 182.65890881696387  6 -41.465129001791901 182.70245346015048  5.9999999999999964 -41.446891898445934 182.74933566926177  6.0000000000000107 -41.433928622845357 182.80211077838237  5.9999999999999929 -41.428932843668221 182.84329561381739  6 -41.429188427615657 182.90102822354396  6.0000000000000071 -41.447279711654446 182.94794080201441  5.9999999999999964 -41.471838226648124 182.99087571992149  6.0000000000000036 -41.534456664519297 183.06683306371781  5.9999999999999902 -41.572016721064131 183.09964471097967  6.0000000000000382 -41.612763389953777 183.12767526596139  5.9999999999999289 -41.65550097694446 183.15222353755715  6.0000000000000657 -41.699659545406071 183.17437814605432  5.999999999999968 -41.744692824083884 183.19459232595077  6.0000000000000071 -41.790116796067259 183.21295659700135  5.9999999999999911 -41.928333314641421 183.26459471565673  6.0000000000000338 -42.022464984985831 183.29397200363553  5.9999999999999289 -42.117036761868597 183.3206549148033  6.0000000000000941 -42.211983803623838 183.3459624208449  5.9999999999999121 -42.307349613724675 183.37066605297088  6.0000000000000551 -42.402740916288082 183.39533595547954  5.9999999999999831 -42.497611438467999 183.4205456571683  6.0000000000000142 -42.687137760807154 183.47332546438378  5.999999999999952 -42.781608586567913 183.50087280083494  6.0000000000000941 -42.875533589511981 183.53008684776213  5.9999999999998828 -42.968740305563166 183.56152925347033  6.0000000000000977 -43.061023858932586 183.59581868320078  5.9999999999999547 -43.152033527042519 183.63363546555192  6.0000000000000036 -43.241159305485191 183.67572623872277  6.0000000000000053 -43.413677640419465 183.77009095509931  5.9999999999999556 -43.497023460686194 183.82234118749233  6.0000000000000897 -43.576954836892554 183.88061413829945  5.9999999999998872 -43.65193118723964 183.94578474196896  6.0000000000000764 -43.719904334970231 184.01839391957978  5.9999999999999689 -43.778850398387064 184.09839447506869  6.0000000000000044 -43.82730167743928 184.18489698818729  5.9999999999999991 -43.864878560704668 184.27591572805414  
6 -41.892143879986328 182.84869936999164  5.999999999745306 -41.871836953429124 182.88618846872416  5.9999999995088009 -41.853375095678103 182.9265786815163  5.9999999992899369 -41.83949363466494 182.97205906895979  5.9999999990880974 -41.832502339518122 183.00764279555906  5.9999999989027684 -41.830073959959577 183.05744688499755  5.999999998733359 -41.842995879307097 183.09801189510111  5.9999999985792813 -41.861524455045377 183.13520135520224  5.9999999983007166 -41.91028228472674 183.20114883039381  5.9999999981761984 -41.940083081844762 183.22972617801742  5.9999999980659551 -41.972679988532505 183.25423654930444  5.9999999979691987 -42.00704877745099 183.27579179590842  5.9999999978857641 -42.0427015315353 183.29532358221951  5.9999999978146015 -42.079170564317735 183.31321893267693  5.9999999977555154 -42.116041495707741 183.32955395194284  5.9999999976122345 -42.22852345814897 183.37566924910291  5.9999999975622478 -42.305484675541365 183.40218102458266  5.9999999975530462 -42.38309644203634 183.42646651812558  5.9999999975805007 -42.461305794975168 183.44964394320866  5.9999999976394438 -42.54015174956826 183.47236203553496  5.9999999977260003 -42.619298045073393 183.495096737409  5.9999999978350838 -42.698276390051937 183.51832678349044  5.9999999980898089 -42.856604023155434 183.56684959272442  5.9999999982352863 -42.935794760039805 183.59212283965724  5.9999999983946122 -43.014794210843533 183.61883155025183  5.9999999985626804 -43.093452727900008 183.64744419463204  5.9999999987357233 -43.171592015289406 183.67847814235057  5.9999999989084083 -43.248907921807188 183.7125037131967  5.9999999990767376 -43.324873233967431 183.75014822782668  5.999999999395107 -43.472407703986583 183.83405188927094  5.9999999995451452 -43.543936800006769 183.88029071184019  5.9999999996817222 -43.612793113309593 183.93162254311744  5.9999999997997708 -43.677650208130252 183.98878513587036  5.9999999998954703 -43.736745813150456 184.05223024243691  5.9999999999635838 -43.788337778019212 184.12190587822471  6.0000000000000044 -43.831160026441992 184.19703858193984  5.9999999999999991 -43.864878529665511 184.27591569641078  
6.1174977731032101 -42.298835954811636 183.0384890049084  6.1161604759916699 -42.280133697752518 183.07066491388301  6.1239758123410164 -42.270666249243483 183.10802446996661  6.126685394691739 -42.260524730245386 183.14657123910808  6.12905059550509 -42.255263878636995 183.1782082067522  6.1310784136856178 -42.25296070890009 183.21885949578277  6.1327344535050949 -42.260727707977445 183.25292271158472  6.1340497553423949 -42.272377516236119 183.28443881421737  6.1360110986010206 -42.30374787975375 183.34128894436489  6.1366586737468882 -42.323205655263138 183.36651117637712  6.1369894875589646 -42.344784391047675 183.38880366994195  6.1370168626969237 -42.367816084610538 183.4089258745872  6.1367542091820697 -42.391971386285675 183.42750817466788  6.1362159244697905 -42.416944740095197 183.44482136283446  6.1354160937460209 -42.44246964366571 183.46093100744795  6.1322627838402974 -42.521052794114084 183.50684812571279  6.1291587582036211 -42.575805432650952 183.53400188009041  6.1251593097120951 -42.632004208188668 183.55910874650166  6.1203625747768582 -42.689540775450006 183.58298173165224  6.1148693455185317 -42.748377264008624 183.60612174728132  6.1087870806858362 -42.808250282798873 183.62891735451066  6.1022270120128663 -42.868817843632293 183.65175858414565  6.0883616800250175 -42.991680563699163 183.69837108209634  6.0810582930632755 -43.053878519991585 183.7221308230217  6.0734971007037251 -43.116658675408004 183.74669101932471  6.065792924041034 -43.179883833115944 183.77242699478361  6.0580652357115223 -43.243401650920035 183.79974255458887  6.0504409059102739 -43.306982295557475 183.82907010652917  6.0430569484082248 -43.370256097039814 183.86087078203809  6.0290695847301548 -43.495046308865781 183.93039833268008  6.0224682893202708 -43.556535147970926 183.96810832145056  6.0163967859522245 -43.616807450481993 184.00934357457578  6.0110245849738284 -43.674985528604488 184.05460685634691  6.0065346821818659 -43.729901709614829 184.10419232502966  6.003104939531962 -43.780375768961754 184.15805321328364  6.0103998142325903 -43.833201472613062 184.21926709230854  5.9999999975566194 -43.864878463823082 184.27591563467803  
6.3524745555957232 -42.672091115258944 183.21267474645589  6.3482714669727311 -42.655661687884177 183.23984927375949  6.348454967491918 -42.643023728690217 183.26968099075444  6.3461924758430328 -42.631758248253711 183.30161259054518  6.3437510069096081 -42.624863401528565 183.3274314472886  6.3411239657618248 -42.620058265380131 183.36121941018817  6.338205489753407 -42.623632571557259 183.38897120823523  6.3350467185771357 -42.630487583541921 183.41450275290359  6.3282312343627174 -42.651018831530159 183.46015725754489  6.3245782017627876 -42.664492852871525 183.48019257598096  6.3206957448305294 -42.679844557844874 183.49774318257107  6.3165925055140102 -42.696502549133115 183.5135011903763  6.312277343010452 -42.714172035442857 183.52802921497553  6.3077614961275037 -42.732595250965673 183.54157155779092  6.3030554665450396 -42.751555004734833 183.55419096170488  6.2883709358394162 -42.810254069980417 183.59031089207446  6.2778338425564222 -42.851578452052145 183.6118713107183  6.2666183915559301 -42.894280142071615 183.63214486810554  6.2547740406925456 -42.938220037249188 183.65181773417737  6.24235693017497 -42.983338686873587 183.67129720935893  6.2294395829824287 -43.029413168858639 183.69089423891751  6.2161040327690182 -43.076166451963473 183.71092080720979  6.1887327257447149 -43.171292035342205 183.75248361683444  6.1747014736933341 -43.219589604715885 183.7740117082846  6.1604112210041011 -43.268475501014187 183.79655033681729  6.1459536727134827 -43.317850486963017 183.82038668198115  6.1314322961731946 -43.367610051667526 183.84582730152505  6.1169689762333554 -43.417591923462304 183.87319418060039  6.1027106704224945 -43.467523582814486 183.90282078084394  6.0749614578376283 -43.566415967541204 183.9672753982812  6.061475612986257 -43.615350589990619 184.00208321438379  6.0485272241856869 -43.663553296513996 184.03990865509218  6.0363428168439341 -43.71033598376799 184.0810733698801  6.0251821115606372 -43.754752531779175 184.12568352330592  6.0152933885167528 -43.795808544659799 184.17352977767203  6.0114197625286332 -43.835112340166908 184.2251265250965  5.9999999941358881 -43.864878446137631 184.27591562419633  
6.690506118353964 -42.978409618216162 183.3556233811627  6.6811539428887183 -42.963895654403231 183.37762975593813  6.6692520935725019 -42.946517389995343 183.3993692506231  6.6588195644070804 -42.933414749797507 183.42471539315605  6.6484840359146657 -42.92442362095084 183.44451729139354  6.6382229313451866 -42.916899917099158 183.47184789317163  6.6278647944300548 -42.916684054084271 183.49350831126583  6.6174736600987281 -42.919377477993223 183.51325715115865  6.5965740327591105 -42.930813628560166 183.54801822740555  6.586071060269056 -42.939395852129714 183.5629592240274  6.5755260588723266 -42.94972314343741 183.57580098568403  6.5649393237650449 -42.961281609500446 183.58720037495988  6.5543114781228891 -42.97379355857376 183.59768010049956  6.5436467172507911 -42.987030156619788 183.6074669738544  6.5329481341838358 -43.00080572664146 183.61661913368513  6.5007191118547212 -43.043849619150755 183.64308844297116  6.4790671738082999 -43.074656018093144 183.65924193009545  6.4572516426256907 -43.106808613425706 183.67499853789931  6.4352455271554314 -43.140133803109698 183.69093046537782  6.4130319455138363 -43.174547841560504 183.70734838343932  6.3906186963236857 -43.209847910702322 183.72447623344056  6.368027970750779 -43.245795077810449 183.74253871133925  6.322494439921301 -43.319183202447718 183.78098416401232  6.2995583922240126 -43.356564916089049 183.80136141921747  6.2764822450699853 -43.394508876949509 183.82306411718616  6.2533029902866089 -43.432938686365887 183.84628326297579  6.2300754294560408 -43.471780595910353 183.87122259673512  6.2068821746741385 -43.510917152138461 183.89809123772159  6.183843649303209 -43.550140841395553 183.92709632821848  6.1384125281564499 -43.62807462774034 183.98977502685364  6.1160275241767685 -43.666758926973564 184.02342510890995  6.0940963270696704 -43.705001431805243 184.05968871107069  6.0728591498209958 -43.742239508893149 184.09871790545742  6.0526062287911113 -43.777669658320761 184.14043652409407  6.0336108843792093 -43.810410079910241 184.1844626338742  6.0133685905625125 -43.835539281504673 184.22810649827724  5.9999999912038309 -43.864878435412834 184.2759156197325  
7.1024042700332002 -43.191341616801516 183.45499164717484  7.0847247090469692 -43.179441541122287 183.472155800889  7.0590265043879601 -43.160042454955786 183.48698683783374  7.0380363192256112 -43.146778594981704 183.50632310696901  7.0174626430498428 -43.13715187757834 183.52099100286753  6.9972706574955765 -43.12852775247255 183.54238277034688  6.9772600980036508 -43.125998841802556 183.55886704344226  6.9574923705800327 -43.125942557547091 183.57385298405555  6.9183660070283848 -43.130971675046737 183.60001711648829  6.8990135049640582 -43.135934280740564 183.61113957289672  6.8798742993964677 -43.142443510887659 183.62063085349862  6.8609389667572076 -43.150062759067296 183.62906969050843  6.8421984455592968 -43.158548336054956 183.63690911050136  6.8236476403338413 -43.167708209481226 183.64434396392033  6.8052802270649755 -43.177391382094974 183.65142198852834  6.7506635262496921 -43.208040961483036 183.67235124153947  6.7149128606917303 -43.230475698579212 183.68575064289544  6.6797471296439754 -43.254247086329279 183.69949825846408  6.6450581483408877 -43.279181685140976 183.7140288884934  6.6107488692745706 -43.305193857576455 183.72954757318769  6.5767495495536838 -43.332114194471188 183.7461853629064  6.5430062974125613 -43.35975015893402 183.76407377039905  6.475877698317424 -43.416607737542087 183.80260204018344  6.4424998592960483 -43.445784077856139 183.82323807729568  6.4092621961134109 -43.475609043486799 183.84532491054827  6.3761269359744652 -43.506029156637318 183.86895793841094  6.34307590994199 -43.536997485518718 183.89424037424226  6.3101216449105166 -43.568434742410531 183.92127455670055  6.2773184555709864 -43.600190381785083 183.95015326007612  6.2122286171952412 -43.663817014956635 184.01174874929808  6.1799504046967533 -43.695664537384751 184.04444202958865  6.1479961087141648 -43.727437300613445 184.07920675815984  6.1165526570716464 -43.758693579171499 184.11606026509327  6.0858623029119032 -43.78878041750157 184.15480339295888  6.0561482320140918 -43.816955160303685 184.19496259164086  6.0190329375477196 -43.8338888669808 184.23171022678176  5.9999999902264802 -43.864878421491511 184.27591560769673  
7.55120104948716 -43.297816117774488 183.50467974762603  7.5244030278853318 -43.289876987600962 183.51763030705249  7.4978132063686207 -43.282687866411017 183.53109699966379  7.4714138626927857 -43.276208963043885 183.54523269032779  7.4451844511603227 -43.271316924697757 183.55779217484684  7.4191068701969618 -43.266520150220387 183.57229968247859  7.3930387902178447 -43.263390025318138 183.58492343404009  7.3670342145806336 -43.261238667367977 183.59700297608507  7.3151104577486086 -43.258937196719955 183.61982372630055  7.2891958780057005 -43.258784248915902 183.63056077173528  7.2633384740400944 -43.259499018929858 183.64080634647405  7.2375390822850427 -43.260966224909993 183.65076693671367  7.2117987970448674 -43.26310337028881 183.66059220632459  7.1861216695019872 -43.265862313146478 183.67035157811631  7.160510807183857 -43.269214407589686 183.68006884662745  7.0838520073185824 -43.280928835996598 183.70930677184694  7.0329876714060457 -43.290958637723634 183.72888219734767  6.9823708039414685 -43.302970183351384 183.74882980274475  6.9319824340355947 -43.316826386284731 183.76927200887664  6.8818113864577564 -43.33243399601114 183.79025594452827  6.8318662731560869 -43.349712248604646 183.81180867991841  6.7821667719772307 -43.368587683894411 183.83395670174713  6.6832616131722009 -43.409442574807777 183.87946255833455  6.6340615837659573 -43.431421100931445 183.90282159050597  6.5851385431295828 -43.454892551074899 183.92678509990037  6.5365223500154768 -43.479815716589862 183.95135436525035  6.4882564852329674 -43.506157485787398 183.97652642818147  6.4404062537403659 -43.533883992839847 184.00228695075464  6.3930669867217373 -43.562951766758523 184.02860307296953  6.2996775006312014 -43.623645993835808 184.0822294676216  6.2536336160333263 -43.655263182570238 184.10952634289342  6.2083366540035776 -43.688116374391896 184.13729991192133  6.1639785598513477 -43.722105134337809 184.16543921319035  6.1207912740549775 -43.75705898436194 184.19373145503113  6.0789908462398614 -43.79273372309094 184.22186416260178  6.0387215491586383 -43.828807748996454 184.24942732858366  5.9999999926698582 -43.86487836317734 184.27591554285598  
7.9999999999999991 -43.297816117774516 183.50467974762603  7.9657627436320011 -43.293756583510671 183.51337874961999  7.9315473543359456 -43.290110141706506 183.52236016122987  7.8973595499256737 -43.286883507110019 183.53161539170085  7.8632049576582395 -43.284083054943942 183.54113563822131  7.8290895003568846 -43.281714833065912 183.55091177869016  7.7950187920586043 -43.279784502895431 183.56093455120728  7.7609986191482925 -43.278297381651903 183.5711944369296  7.6930707395752966 -43.276219439139446 183.5921690451213  7.659163034859942 -43.275628618091389 183.60288376708215  7.6253172776420648 -43.27549088988853 183.61381620823536  7.5915391579356486 -43.27581082862158 183.62495647677517  7.5578343362686571 -43.276592634622872 183.6362945017456  7.5242084351847174 -43.277840130146707 183.64782004720621  7.4906670293159996 -43.279556756028363 183.65952272729339  7.3903128434636294 -43.286123195647249 183.6951306097256  7.3237701001825597 -43.292389571073151 183.71953565259443  7.2576315356379757 -43.300569150769299 183.74452298236869  7.1919403756834077 -43.310680246151279 183.77000626332529  7.1267386458666557 -43.322734942866418 183.79589745816327  7.0620668828174376 -43.336739071052271 183.82210729727325  6.9979638517433811 -43.352692227730394 183.84854575052969  6.8709686883037566 -43.388483475046662 183.90169925315672  6.808076550059079 -43.408321553390266 183.92841430343995  6.745826586444613 -43.430095565998414 183.95517733637044  6.684253452435521 -43.453792763683708 183.98189775301674  6.6233894750521323 -43.479394329769171 184.00848514886277  6.5632644015990813 -43.506875541306734 184.03484979086903  6.5039051478890011 -43.536205930371494 184.06090309449473  6.3867659450693193 -43.598492960191805 184.11221310700046  6.3289860111889951 -43.631449585426061 184.13746981104535  6.2720195625260624 -43.666183396074679 184.16224126569455  6.2158873856396912 -43.70265283259549 184.18644213367656  6.1606070388620555 -43.740811056335822 184.20998915493425  6.1061926551978969 -43.780606305038781 184.23280161373353  6.052654745226139 -43.82198225176603 184.25480180948597  5.9999999999999964 -43.864878343430576 184.27591550655058  

0 8
1 8

0 9
0.125 7
0.25 7
0.5 7
0.75 7
1 9

1 6.0000000000000009 -1.0403311000055026e-15 197.73766198920575 1 0 0 -0 0 1 0 -1 0 
1 11 -30 190 1 0 0 -0 0 1 0 -1 0 
9 0 0 0 0 7 7 8 44 2 8 6 -15.088818860451084 193.29781152269553  6 -15.121791872280987 193.28732011021708  5.9999999999999138 -15.151764600491752 193.27272138303783  6.0000000000000933 -15.178493137347125 193.2538867411686  5.9999999999998446 -15.201854598185758 193.23102307405679  6.0000000000000133 -15.221847121199211 193.20467275886696  5.9999999999999281 -15.238589867469553 193.17571366073182  5.9999999999999387 -15.266056174482577 193.11500460496472  5.9999999999998828 -15.276710971772445 193.08339993164509  5.9999999999999574 -15.284926050996212 193.05146994963306  5.999999999999865 -15.291247329549392 193.01936035455731  5.9999999999999245 -15.296100649987396 192.98688018208924  5.9999999999998845 -15.299764425936525 192.95394428904038  5.9999999999998881 -15.307498012149521 192.85515892545678  5.9999999999998144 -15.308407588663544 192.78870622777563  5.9999999999999369 -15.306806304606162 192.72432690057317  5.9999999999997762 -15.303104703670384 192.65603332326177  5.9999999999998765 -15.298037789124903 192.59125875445241  5.9999999999998286 -15.291880078941233 192.52566778387421  5.9999999999998455 -15.270697268919344 192.32897867278737  5.9999999999997478 -15.253043581695785 192.19790005491976  5.999999999999944 -15.233865548166284 192.06767935462079  5.9999999999997167 -15.213828550024084 191.937132663592  5.9999999999998881 -15.193471011094433 191.80630329042481  5.9999999999998304 -15.173467751980981 191.67629714528724  5.9999999999998632 -15.144178481037441 191.48044931168639  5.9999999999998419 -15.134542989019939 191.41506226486786  5.9999999999998979 -15.125115254006667 191.3498334671863  5.9999999999998499 -15.115918988380288 191.28464259041684  5.9999999999998934 -15.106960363463227 191.21926708816031  5.9999999999998836 -15.098266914778579 191.15366299065488  5.9999999999999059 -15.081585979849493 191.02282840848031  5.9999999999998872 -15.073600173055834 190.95765479840688  5.9999999999999529 -15.065876715271752 190.89163207812328  5.999999999999881 -15.058586328442566 190.82600376360588  5.9999999999999627 -15.051767275690917 190.76084791283563  5.9999999999999307 -15.04531375225714 190.69497386661575  5.999999999999968 -15.027416974992278 190.49770475371008  5.9999999999999316 -15.017417564746589 190.36666966258946  6.0000000000000515 -15.009376450910073 190.23390436813335  5.9999999999999156 -15.003818910509173 190.10308461276293  6.0000000000000391 -15.0006574183647 189.97045507547256  5.9999999999999876 -15.00028553210899 189.83874059090857  6 -15.002867591077109 189.70670947595806  
6 -14.952741377273583 192.8701394327091  5.9999999999597433 -14.983289297658262 192.8619476847139  5.9999999999210774 -15.011257191348635 192.85019235157051  5.9999999998843245 -15.036435227747743 192.83476331724424  5.9999999998487565 -15.058717317995095 192.81583804891693  5.9999999998151896 -15.07810111474461 192.79388159526761  5.9999999997829203 -15.094688012202292 192.7696465867235  5.9999999997216023 -15.122678280063448 192.71869988438851  5.9999999996924025 -15.134022711180661 192.69211271936584  5.999999999664821 -15.143263105940896 192.66520465309503  5.9999999996385309 -15.150866664117331 192.63810078272002  5.9999999996138174 -15.157197672293664 192.61063765938204  5.9999999995903996 -15.162494057353953 192.58274255762015  5.9999999995243574 -15.175543705217079 192.49895311923214  5.9999999994857038 -15.180541040882893 192.44241846891106  5.9999999994524469 -15.183317698181598 192.38749883079657  5.9999999994238555 -15.184220066202275 192.32906445460381  5.9999999994002211 -15.183872804119771 192.27348948002793  5.9999999993808837 -15.182506015177836 192.21706091065127  5.9999999993356115 -15.175814347123774 192.04739554010186  5.9999999993220952 -15.167967666039015 191.9337239888425  5.9999999993236335 -15.158415960447035 191.82021244887346  5.9999999993374953 -15.147692149850629 191.70587705528246  5.9999999993624922 -15.136223437570706 191.59078976346623  5.9999999993959818 -15.124557374133433 191.47593681592068  5.9999999994563993 -15.106879425717437 191.30229360489827  5.9999999994781845 -15.100964106274114 191.24421552231979  5.9999999995014717 -15.095091431322645 191.18617074699534  5.9999999995258282 -15.089278566264342 191.12806148776366  5.9999999995512008 -15.083527882094007 191.06970250650454  5.9999999995771898 -15.07786031005188 191.01106178183881  5.9999999996300479 -15.066837082505288 190.89394056377745  5.9999999996568674 -15.061482866466879 190.83550881946843  5.9999999996839382 -15.056204508101574 190.7762750629343  5.9999999997107887 -15.051146179289328 190.71731109677572  5.9999999997374562 -15.046338775924209 190.65868987576181  5.999999999763423 -15.041689971959762 190.59939698032247  5.9999999998389422 -15.028530002441315 190.42167131282417  5.9999999998858717 -15.02078817934261 190.30339752017306  5.9999999999275904 -15.014089641167459 190.18349104711069  5.9999999999616715 -15.008877973813963 190.06515353240087  5.9999999999866205 -15.005075951690717 189.94521785988564  5.9999999999999876 -15.003023203499579 189.82607134168248  6 -15.002867592543714 189.70670948754  
6.1174977731032403 -14.816664552368481 192.44246941157814  6.1167327396745117 -14.844486206150808 192.43563077757236  6.1212741393113275 -14.8689895565465 192.4219018799707  6.1229668112506905 -14.8922609602626 192.40816833383292  6.1245257839676297 -14.913501052550247 192.39222702203725  6.1259500632063659 -14.932709638580462 192.37436718206052  6.1272398743717389 -14.949948715163284 192.35505418853549  6.1295534506914136 -14.980736226343511 192.31480491814406  6.1305778714450971 -14.994242821399439 192.29394705866721  6.1314733253538583 -15.006213385198823 192.27284040141799  6.1322422672508159 -15.01695777360629 192.25155604440369  6.1328869033828459 -15.026722357182361 192.22998752976537  6.1334098885496715 -15.035667809286206 192.20808661635715  6.1346252926370317 -15.060205063978419 192.14212392441078  6.1349621375383832 -15.073563973358947 192.0974672270595  6.1348620789024064 -15.08486520687868 192.05353973289738  6.1343191946114075 -15.094469122272541 192.00713750204017  6.133394458787409 -15.10265360471359 191.96223041228737  6.1320940128375119 -15.109664515379434 191.91650491322562  6.1271470260858365 -15.127474672631058 191.77822515586573  6.1224561447122738 -15.135096514249751 191.68453398893919  6.1165822971016066 -15.139642214118446 191.58979374903345  6.1097217694343913 -15.141568879287833 191.49339467322685  6.1020879767694103 -15.14123009457526 191.39541055315576  6.0939087785261279 -15.139032058652441 191.29650703230183  6.0811311249254079 -15.133180516734912 191.14576042517842  6.0767874268787594 -15.130807919642944 191.09513145873569  6.0723896278034122 -15.128059589507656 191.04427871494448  6.06796415435287 -15.124958542866569 190.99314640860106  6.0635364595507211 -15.121520455558093 190.94162294118897  6.0591340016565001 -15.117769655558835 190.88969719280851  6.0504444444100489 -15.109740576086423 190.78553243541035  6.0461576893735627 -15.105462852982908 190.7333264546518  6.0419461038976614 -15.100898711375766 190.68039773766117  6.03784988000276 -15.096130321060095 190.62746001899771  6.0338976967522182 -15.091187453875344 190.57457355416966  6.0301056058790037 -15.086043035930867 190.52108716443763  6.0193168743911363 -15.07020009304639 190.36029169451351  6.0129065480406148 -15.059083521558994 190.25265346899621  6.007480083988316 -15.047552612735011 190.14347321967264  6.0032834205349124 -15.035957897893866 190.03499263703043  6.0004977157553672 -15.024429406555747 189.92526151581592  6.0102107128694078 -15.01035880686943 189.80674103731297  5.9999999997510614 -15.002867595891745 189.70670951071196  
6.3524745555957054 -14.691775526354878 192.04996104410972  6.3499552791064877 -14.716767769200814 192.04415135618638  6.3499802361745079 -14.739704723149956 192.03505015193343  6.34863504414297 -14.761195119942672 192.02481806094809  6.3472092910743418 -14.780959670647027 192.0128168900211  6.3456952348088693 -14.798997962721204 191.9992770138127  6.3440880631507381 -14.815355080595946 191.98456389663434  6.3406837245897307 -14.844888130763092 191.9537922884347  6.3388881331732705 -14.858022585157025 191.9377974721784  6.3370019250969074 -14.869818681627217 191.92156449216452  6.3350256393088502 -14.880550520332816 191.90513996847176  6.3329592200707436 -14.890442727206336 191.88843287801336  6.3308036887959096 -14.899640592326525 191.87140113963815  6.3240810700790542 -14.925259440239779 191.81991231856099  6.3192531096991944 -14.939780990009657 191.784793892637  6.3141238008528493 -14.952503522657771 191.74998609318476  6.3086361569665552 -14.963925750853896 191.71293570214678  6.3028938279576794 -14.974069729775172 191.67680199206927  6.2968688709825207 -14.983274804834442 191.63975031969093  6.2780139774402501 -15.008258175496051 191.52691751701175  6.2644071297804391 -15.021443547885331 191.44943291079554  6.2499265486179558 -15.032130278900251 191.37009089683716  6.2347038400663672 -15.040705869665718 191.28843315885621  6.2189134433822577 -15.047406390554659 191.20457511487072  6.2027667958259896 -15.052464218078629 191.11912858013625  6.1782559774361676 -15.057724201766304 190.98785027884111  6.1700380201538572 -15.059091393437578 190.94358677234851  6.1618037320269741 -15.060092702785521 190.89896306659634  6.1535751671522565 -15.060739878474751 190.8539415717685  6.1453722477640742 -15.061041171692439 190.80843772091876  6.1372199319145366 -15.06100634390609 190.76245445610064  6.1210908303964899 -15.060297005338597 190.6699789729231  6.1131148717592101 -15.059622390555397 190.62351727488658  6.1052279533875131 -15.058625197974557 190.57632180784586  6.0974860782364386 -15.057329342410418 190.52903059920177  6.0899178730558861 -15.055745531155857 190.48171184920213  6.0825219285677612 -15.053870522207919 190.43381341716488  6.0609893753992905 -15.047435141717136 190.28971154957523  6.0475050969742901 -15.042061459548089 190.19311274482419  6.0350584712803261 -15.035678455777248 190.09515226844067  6.0239271272536872 -15.02842106627242 189.99797354008774  6.014238064822516 -15.020403380948981 189.90002614611771  6.0114148848925906 -15.010879448906143 189.80009432270643  5.9999999994025472 -15.002867597059129 189.70670951535612  
6.690506118353956 -14.589283120250307 191.72784205349171  6.6846674256368379 -14.611522524665578 191.72330196809736  6.6773525284933797 -14.633146579401936 191.71967102320571  6.6708472087971531 -14.652904234363135 191.71321024696732  6.6643627971359933 -14.671155070027099 191.70524362298409  6.65788473156897 -14.687898079260192 191.69596283337157  6.6514028458729966 -14.70316591094989 191.68566631006809  6.638419893216728 -14.730883829068437 191.66385215976189  6.6319211900549417 -14.743291344126185 191.65238853606664  6.6254165195931591 -14.754504575265504 191.64066142023995  6.6189037424676753 -14.764777742929287 191.6287001082915  6.6123798278183425 -14.774325151164454 191.61642359052982  6.6058433606861229 -14.78328421085777 191.60379400621028  6.5862044268687239 -14.808466967222763 191.56532228226445  6.5730651574193475 -14.823081350429204 191.53867429392469  6.5599229682151403 -14.836155890164189 191.51192552225893  6.5466688103629025 -14.84831323523863 191.48296367285226  6.5334346134598871 -14.859368102671487 191.4544102314253  6.5201549195603725 -14.869742493434781 191.4247578452738  6.480210605644368 -14.898914168979761 191.33341091116034  6.453445412788696 -14.91579519717342 191.26930640547695  6.4266012272092166 -14.9309224286124 191.20241605597946  6.3996876578142308 -14.944612075397851 191.1324284999771  6.372779042069487 -14.956984819907772 191.05953646265195  6.34600586209607 -14.968111679698632 190.98436843597094  6.306135768505694 -14.982950940730614 190.86773960252486  6.2928952017282205 -14.987588961679391 190.82822811280721  6.2797278989013661 -14.991914770844211 190.78822495473909  6.2666437620314648 -14.995927575249494 190.74771062994634  6.2536495522338598 -14.999625986253092 190.7066241266221  6.2407596463648707 -15.003004404465806 190.66498444798711  6.2152539409466359 -15.009094404876656 190.58103983356128  6.2026393821313173 -15.011805351323378 190.53876442922106  6.1901407957529289 -15.014191913742334 190.4957352609467  6.1778192604323943 -15.01622804822726 190.45255570974811  6.1656948612861768 -15.017905354745869 190.40930722965572  6.1537427042679109 -15.019235274350569 190.36550310763781  6.1185426067957716 -15.022129829636729 190.23370966021565  6.0959466133197608 -15.022600526749759 190.14535406579085  6.0742900941119728 -15.021601165083226 190.05589937495597  6.0538091527965054 -15.019063004592892 189.96751822414123  6.0345152949111442 -15.015054451334375 189.87896456876419  6.0134859867850006 -15.011186902623377 189.7969999272691  5.9999999991038218 -15.002867597850232 189.70670951768221  
7.1024042700331815 -14.518037300424385 191.50392661975641  7.0912738200972516 -14.537339010431246 191.50007516096102  7.0754771020329006 -14.557124513507066 191.50008217948914  7.0622779439616776 -14.574872195143666 191.49617035539049  7.0492225057745381 -14.591379900672793 191.49100102389571  7.0362924685152759 -14.606645546210329 191.48472752462791  7.0234743965018751 -14.620690996463516 191.47758453168373  6.998045078155152 -14.646433133005988 191.46219157573867  6.9854364576326287 -14.658090158155487 191.45398547371158  6.9729331361981339 -14.668746742100172 191.44549322984972  6.9605305967428022 -14.678623522796089 191.43673183049631  6.9482233310130992 -14.687910128297283 191.42763310676554  6.9360076260086254 -14.69672713080511 191.41816507514207  6.8996377991320923 -14.721809740569601 191.38902968408351  6.8757528853212708 -14.736790681690835 191.36845289128755  6.8522610629387044 -14.750533393553784 191.34743063666025  6.8290240315135744 -14.7636747184906 191.32428620657794  6.8061712180591538 -14.775917745778404 191.30111143432083  6.7836127283208612 -14.787691489675217 191.2767181847976  6.716803363844746 -14.82161415284973 191.20062436909524  6.6734237797193723 -14.84239464910968 191.14599445327104  6.6311295802113275 -14.861945778679903 191.08788114365453  6.5897935260543559 -14.880469967327555 191.02610993901206  6.5493597665528371 -14.89796649200167 190.96093007831561  6.5098341143517748 -14.91436429131862 190.89295691901077  6.4517938049045496 -14.937199727271629 190.78658325161882  6.4326563799371277 -14.944517187099915 190.75039791548841  6.4137372330378284 -14.951517778547547 190.71362042699184  6.3950297981860089 -14.958188612107305 190.67624748006452  6.3765239562567908 -14.964518085426855 190.63824100018155  6.3582179811551569 -14.970487543746062 190.59963197655406  6.3220429907491287 -14.981638336921828 190.52161661216761  6.3041753538301606 -14.986818778782302 190.4822367647314  6.2864849992528828 -14.991615893198002 190.44211042139636  6.2690219424271714 -14.995972399676234 190.40177482605796  6.2517905717540128 -14.999865339675594 190.36131679907896  6.2347452155880774 -15.003309807846907 190.32033283266125  6.184268052429978 -15.012169938740509 190.19696817451396  6.1514902340434272 -15.016115949958701 190.11419040985319  6.1195176161035416 -15.018011001476072 190.03049010362986  6.0884663307150344 -15.017645361638918 189.94791279244205  6.0582014616351154 -15.015029772483109 189.86553115214647  6.0190248081543274 -15.013379274453269 189.7954455592818  5.9999999990042463 -15.002867598602803 189.70670952231828  
7.5512010494871467 -14.482411545897184 191.39195996266903  7.5344128244937725 -14.498491579538594 191.38790461575047  7.5177206740813416 -14.514123064202 191.38350237808055  7.5011056568381358 -14.529311386428953 191.37876882666814  7.4845524887953676 -14.544058305730022 191.37372069128239  7.4680495434290259 -14.55836195481686 191.36837585633245  7.4515888516575917 -14.572216839552972 191.36275336042135  7.4187433520303907 -14.599010838359842 191.35099343241117  7.4023605098354839 -14.611932488212247 191.34486295048879  7.3860191331464424 -14.62442435209697 191.33848426995033  7.3697179408787639 -14.636553852652836 191.33184402986728  7.3534549051206399 -14.648386621334978 191.32492517976257  7.337229343273175 -14.659962848164039 191.31771897024589  7.2886733440364484 -14.693895198132235 191.29527289057748  7.2564575216857756 -14.715500383329346 191.27918366710199  7.2244369207531358 -14.73615226992019 191.26202416610866  7.1925245836985745 -14.756251603287943 191.24360772503289  7.1608341941900289 -14.775441360448529 191.2241783436161  7.1293149345560929 -14.793991628927659 191.20362247642242  7.035307068242969 -14.847624146711066 191.13869154122895  6.973372314959736 -14.880696212016581 191.09105317925204  6.9122500974842467 -14.9111638951352 191.03926524193571  6.8519742408508222 -14.939051506424599 190.98345434151233  6.7926289990378326 -14.964262980220257 190.92385750985238  6.7343406638108068 -14.986635447583218 190.86080707463918  6.6485828685252315 -15.015851031930543 190.76136912471455  6.6202770422899171 -15.024863613881607 190.7274126048307  6.5922725916404987 -15.033121810966575 190.69270976162997  6.5645788255613926 -15.040615184729477 190.65728981158017  6.5372020183409285 -15.047338116776009 190.62117465391398  6.5101543359477354 -15.053276628591087 190.58440655012683  6.4567711888714676 -15.063513774118109 190.50974505693463  6.4304367567616207 -15.06781143799159 190.47186137964226  6.4044405620922973 -15.071319091842691 190.43335073557247  6.3788327032944725 -15.073969747114843 190.39440596339722  6.3536285983199301 -15.075746590519326 190.35509055013424  6.3288056333726148 -15.076687869516599 190.31532708589893  6.2555891631058058 -15.076870062793011 190.1951570285029  6.2084444048472633 -15.073475611175484 190.11388130490624  6.1630035523830893 -15.066563565242307 190.03164925328028  6.119434466143491 -15.055966404304487 189.94944498577513  6.0777079750269989 -15.041804734538669 189.86735212865915  6.0379048197160339 -15.024058337409464 189.7862999481508  5.9999999992531841 -15.00286760112119 189.70670954547401  
7.9999999999999991 -14.482411545897181 191.39195996266903  7.9787149388691123 -14.495318426043514 191.38785322807701  7.9574512021591648 -14.50816682086068 191.38344528422149  7.9362109355012418 -14.520951362861879 191.37873692096309  7.9149962737286037 -14.533666737901138 191.37372907117151  7.8938093408788506 -14.546307685405363 191.3684228126051  7.8726522501912681 -14.558868998325133 191.36281936746485  7.8304019580269113 -14.583822047949619 191.35102083746415  7.8093087485867683 -14.596213790367461 191.34482574810872  7.7882495995376138 -14.60851558668273 191.33833620218425  7.7672266221097148 -14.620722330933724 191.33155370592752  7.7462419200623875 -14.632828973875142 191.32447990329675  7.7252975947274072 -14.644830521936393 191.31711657519682  7.6625920607138669 -14.680505064701151 191.29416376584084  7.6209582698812515 -14.703847971942547 191.27771145163987  7.5795111234014749 -14.726711294040388 191.26012400005578  7.5382673255336403 -14.749056492460412 191.24141888263398  7.4972432479723468 -14.770846161814244 191.22161552555397  7.4564552400366031 -14.792043916979363 191.20073541552844  7.3348471026006781 -14.853756150696844 191.13493464474482  7.2547829701836468 -14.892389539747439 191.08685359765462  7.1758543817373903 -14.928233835076863 191.03474512432601  7.0981844432904397 -14.961027183046015 190.97882562014118  7.0218895570604891 -14.990529463950745 190.91933892131451  6.9470770581790102 -15.016524607853077 190.85655326428582  6.8372255407401337 -15.049971644521822 190.75785994627768  6.8010029068945466 -15.060196377162775 190.72420970166962  6.7651867825021972 -15.069473079220485 190.68984311303336  6.7297884133014678 -15.077779634208841 190.65479761158036  6.6948182483923313 -15.085095611156326 190.61911180887253  6.6602858686762474 -15.091402315606729 190.58282537381365  6.5921139619208953 -15.101963365629377 190.50913244558029  6.5584744322628712 -15.106217710759509 190.47172594843573  6.5252899755349336 -15.10942896554366 190.43380002697867  6.4925682908956448 -15.111582001470088 190.39539620355103  6.460316086255312 -15.112663511061188 190.35655681365162  6.4285390212188291 -15.112662040550058 190.31732487546549  6.3346468601093306 -15.109379967423209 190.19858203809852  6.2739708196529902 -15.10282170048305 190.11802414135539  6.2152499197395494 -15.091816649555572 190.03641870170136  6.1585028196511109 -15.076318253768251 189.95412273592149  6.1037293427017891 -15.056311085059027 189.87149835694422  6.0509087677544606 -15.031811198179575 189.7889077387826  6 -15.00286760134334 189.70670955703162  

0 8
1 8

0 8
0.0625 6
0.125 6
0.25 6
0.5 6
0.625 6
0.75 6
1 8

1 6 -44 182 0 -0.30320365727694704 0.952925780013262 0 0.952925780013262 0.30320365727694704 -1 0 0 
1 6 -30 212 0 0.90618313999526545 -0.42288546533112387 0 -0.42288546533112387 -0.90618313999526545 -1 0 -0 
1 -20 -36 210 0 0 1 1 0 -0 -0 1 0 
1 6 44 182 0 -0.90618313999526545 -0.42288546533112387 0 -0.42288546533112387 0.90618313999526545 -1 -0 0 
9 1 1 0 0 2 7 3 20 2 4 4.6236386583453486 34.12337418808675 205.28023306366256  1 4.6786044335186121 34.139074000304632 205.24154316350891  1 4.7333198876342442 34.154702313601852 205.20302946202983  1 4.7877850206922465 34.170259127978404 205.16469195922514  1 4.8419998326926166 34.185744443434288 205.12653065509494  1 4.8959643236353552 34.201158259969489 205.08854554963924  1 4.9496784935204632 34.216500577584021 205.05073664285797  1 6.0961394313972574 34.543962919070275 204.24375340507964  1 7.0985587827128285 34.836346751221996 203.51629360494465  1 8.018561580917142 35.111471646620316 202.8257488893901  1 8.8648228248247172 35.37228345804489 202.16613024659586  1 9.6398901068506309 35.620113417837956 201.53560846757415  1 10.35042492618261 35.857686842505288 200.92883092539122  1 11.03658032023464 36.100391047169452 200.30823624613609  1 11.077247630427612 36.114775729213449 200.27145461249424  1 11.122001930578941 36.130606045374613 200.23097649224854  1 11.170843220688624 36.147881995652924 200.18680188539884  1 11.223771500756666 36.166603580048395 200.13893079194526  1 11.280786770783056 36.186770798561028 200.08736321188775  1 11.341889030767804 36.208383651190815 200.03209914522628  1 
4.9804110435414977 33.111985726935195 205.33145915656743  0.88316149459649496 5.035172901021169 33.129444029321711 205.29404850859626  0.88286764023664233 5.0898328567920004 33.14686984502994 205.25670747493584  0.88267173733007376 5.1443726438772224 33.164257350473555 205.21944853469952  0.88257378587678958 5.1987740631567574 33.181600743699235 205.18228412064457  0.88257378587678936 5.2530190036006896 33.198894250837114 205.14522660534902  0.88267173733007376 5.3070894623629119 33.216132132506843 205.10828828748532  0.88286764023664221 6.4546277042327418 33.581971980691243 204.32434575566162  0.88916895509489458 7.4614223676361542 33.913028703375034 203.61493849276783  0.89516189894415799 8.3882610471715235 34.228618381699448 202.93867489635835  0.90111180628268972 9.2433956579566097 34.531580164632942 202.28947107578651  0.90700051119873215 10.028706674463681 34.822835071461483 201.6653534182968  0.9127705862610439 10.749798243139111 35.104707705667913 201.06134063071164  0.91839779049332093 11.446429552136356 35.394576558269478 200.44019308942245  0.92414904335179315 11.48719690492436 35.411539886824556 200.4038430996616  0.92435345056832818 11.5318226439221 35.430108693010411 200.36405280069195  0.92445565417659559 11.580320290288324 35.450288602992195 200.32081013644529  0.9244556541765957 11.632705930838469 35.472086310506839 200.27410076319956  0.92435345056832829 11.688998235835403 35.495509584265875 200.22390803371593  0.92414904335179304 11.749218481073116 35.520567277144437 200.17021297754764  0.92384243252699005 
5.6263171083534038 32.749389911073003 206.10845019055779  1 5.6797003785886284 32.767259273684495 206.07015869924734  1 5.7330836488238548 32.785128636295994 206.03186720793695  1 5.7864669190590812 32.802997998907486 205.99357571662657  1 5.8398501892943102 32.820867361518978 205.95528422531621  1 5.8932334595295401 32.838736724130491 205.91699273400585  1 5.9466167297647692 32.856606086741998 205.87870124269557  1 7.0913497671917263 33.23979073708329 205.05759127768073  1 8.0925492277588837 33.586851368264576 204.3138899251397  1 9.0109293441680176 33.917841089094175 203.60462623766736  1 9.856152023284162 34.235980544259455 202.92289883371893  1 10.630766520706796 34.542312183914241 202.26647389161766  1 11.340579475168688 34.839185069481715 201.63031770825231  1 12.025257541085242 35.144923601861848 200.97516371029613  1 12.065196844777606 35.162758237879935 200.93694663311456  1 12.108573891253609 35.18212797555482 200.89544005238272  1 12.155388680513241 35.203032814886527 200.85064396810063  1 12.205641212556504 35.225472755875039 200.80255838026818  1 12.259331487383403 35.249447798520357 200.75118328888544  1 12.316459504993933 35.274957942822482 200.69651869395244  1 

0 3
8.4629159639358278 3

-1.1517078419867677 8
-0.73774511119025332 6
7.725170852745574 6
8.2017534504430412 8

2 8 -15.655426022459267 193.11752742569297 0 0.95292578001326189 0.30320365727694698 -0 0.30320365727694704 -0.952925780013262 -1 0 0 2
3 6 30 190 1 0 0 -0 0 1 0 -1 0 15
-0.54041950027058416
5 8 2.3973254593777126e-14 193.90120065806997 -1 -0 -0 -0 0.30320365727694787 0.95292578001326167 -0 -0.95292578001326167 0.30320365727694787 4 2
1 6 44 182 0 -0.90618313999526545 -0.42288546533112387 0 -0.42288546533112387 0.90618313999526545 -1 -0 0 
2 8 0.60640731455388941 197.90585156002649 0 0.95292578001326189 -0.30320365727694698 0 -0.30320365727694704 -0.952925780013262 -1 0 -0 2
1 6 0 196 -0 0.30320365727694704 0.952925780013262 0 0.952925780013262 -0.30320365727694704 -1 0 -0 
9 0 0 0 0 7 7 8 44 2 8 6.0000000000000018 15.088818860427232 193.29781152270314  6.0000000000000018 15.12179187222978 193.28732011022527  5.9999999999999156 15.15176460040572 193.27272138302962  6.000000000000095 15.178493137225093 193.25388674115445  5.9999999999998463 15.201854598028294 193.23102307403946  6.0000000000000151 15.221847121008523 193.20467275884914  5.9999999999999281 15.238589867249267 193.17571366071974  5.9999999999999405 15.266056174210878 193.11500460496995  5.9999999999998863 15.276710971479032 193.08339993166157  5.9999999999999574 15.284926050685261 193.05146994966751  5.9999999999998668 15.29124732922433 193.01936035460704  5.9999999999999263 15.296100649651613 192.98688018215904  5.9999999999998845 15.29976442559227 192.95394428912681  5.9999999999998881 15.307498011786038 192.85515892559795  5.9999999999998144 15.308407588295012 192.78870622795489  5.9999999999999387 15.306806304238457 192.72432690080424  5.999999999999778 15.303104703305666 192.65603332351503  5.9999999999998765 15.298037788766417 192.59125875475428  5.9999999999998295 15.291880078591275 192.52566778422096  5.9999999999998455 15.270697268598111 192.32897867326093  5.9999999999997478 15.253043581398742 192.19790005547793  5.999999999999944 15.233865547897025 192.06767935527091  5.9999999999997184 15.213828549782063 191.93713266434037  5.9999999999998881 15.193471010878939 191.80630329125765  5.9999999999998304 15.173467751791126 191.67629714622126  5.9999999999998632 15.144178480882907 191.48044931276672  5.9999999999998446 15.134542988876444 191.41506226599964  5.9999999999998996 15.125115253873846 191.34983346836219  5.9999999999998499 15.115918988257295 191.2846425916504  5.9999999999998934 15.106960363349527 191.21926708943894  5.9999999999998836 15.098266914673028 191.15366299198661  5.9999999999999076 15.081585979758692 191.02282840991271  5.9999999999998872 15.073600172971542 190.95765479989228  5.9999999999999529 15.065876715192934 190.89163207965814  5.9999999999998828 15.058586328368238 190.82600376519511  5.9999999999999627 15.051767275619744 190.76084791447289  5.9999999999999307 15.045313752188122 190.69497386830596  5.999999999999968 15.027416974925933 190.49770475555457  5.9999999999999316 15.017417564676746 190.3666696645347  6.0000000000000515 15.009376450831896 190.23390437018369  5.9999999999999156 15.003818910415779 190.10308461490973  6.0000000000000391 15.000657418250318 189.97045507772046  5.9999999999999876 15.000285531962234 189.8387405932192  6 15.00286759089883 189.70670947839278  
6.0000000000000018 14.952741377249627 192.87013943271637  5.9999999999606137 14.983289297664268 192.86194768470585  5.9999999999227809 15.011257191374479 192.85019235153061  5.9999999998868248 15.03643522778923 192.83476331718308  5.9999999998520188 15.058717318049499 192.81583804883729  5.9999999998191802 15.078101114810689 192.79388159517205  5.9999999997876037 15.094688012280162 192.76964658661814  5.9999999997276108 15.122678280165772 192.71869988426948  5.9999999996990416 15.134022711295735 192.69211271924254  5.9999999996720543 15.143263106069535 192.66520465297432  5.9999999996463309 15.150866664259759 192.63810078259954  5.999999999622152 15.157197672450256 192.61063765926716  5.999999999599237 15.162494057524141 192.58274255750811  5.9999999995346203 15.175543705426286 192.49895311913536  5.9999999994967999 15.180541041115321 192.44241846882878  5.999999999464265 15.18331769843363 192.38749883074254  5.9999999994362865 15.184220066467981 192.32906445455708  5.9999999994131628 15.183872804394817 192.27348948001273  5.9999999993942419 15.182506015457923 192.21706091066835  5.9999999993499475 15.175814347404845 192.04739554021708  5.9999999993367199 15.167967666302649 191.93372398903543  5.9999999993382298 15.158415960679671 191.82021244916143  5.9999999993517896 15.147692150040243 191.70587705568272  5.9999999993762483 15.136223437709972 191.5907897639747  5.9999999994090141 15.124557374218915 191.47593681656002  5.9999999994681286 15.106879425721152 191.30229360573543  5.999999999489444 15.100964106250203 191.24421552322684  5.9999999995122302 15.095091431271531 191.18617074796569  5.9999999995360582 15.089278566186408 191.12806148881128  5.9999999995608837 15.083527881990376 191.06970250761702  5.9999999995863122 15.077860309923443 191.0110617830241  5.9999999996380327 15.066837082330396 190.89394056510147  5.9999999996642703 15.061482866270248 190.83550882086394  5.9999999996907585 15.056204507884859 190.77627506439654  5.999999999717029 15.051146179054564 190.71731109830847  5.999999999743121 15.046338775673339 190.65868987735706  5.9999999997685274 15.041689971695277 190.59939698198264  5.9999999998424167 15.028530002143306 190.42167131466655  5.9999999998883329 15.020788179031786 190.30339752212427  5.9999999999291536 15.01408964085541 190.18349104916012  5.9999999999624967 15.008877973510987 190.06515353452195  5.99999999998691 15.005075951409014 189.94521786206079  5.9999999999999876 15.003023203244769 189.82607134384673  6 15.002867592332983 189.706709489725  
6.117497773103211 14.816664552345069 192.4424694115846  6.1167327396760554 14.844486206210703 192.43563077753507  6.1212741393137398 14.868989556677457 192.42190187988271  6.1229668112532893 14.892260960456209 192.40816833370167  6.1245257839696716 14.913501052799079 192.39222702186376  6.1259500632071733 14.932709638878976 192.37436718184892  6.1272398743706002 14.949948715506583 192.35505418828993  6.1295534506850355 14.980736226768066 192.31480491783756  6.1305778714354098 14.994242821860464 192.29394705833221  6.1314733253402345 15.006213385692531 192.27284040106244  6.1322422672326224 15.016957774128857 192.25155604402411  6.1328869033595206 15.026722357730128 192.22998752936968  6.1334098885206103 15.035667809855333 192.20808661594327  6.1346252925892149 15.06020506460014 192.14212392395279  6.1349621374758811 15.073563974000413 192.09746722658039  6.1348620788234784 15.084865207525084 192.05353973241279  6.1343191945140205 15.094469122910512 192.00713750154242  6.1333944586703444 15.102653605330374 191.96223041179832  6.1320940126994348 15.109664515964841 191.91650491275206  6.1271470258814862 15.127474673093612 191.77822515545674  6.1224561444594636 15.135096514592753 191.68453398860558  6.1165822967978869 15.139642214316964 191.5897937488069  6.1097217690788757 15.141568879326538 191.49339467314149  6.1020879763629221 15.141230094449758 191.39541055322238  6.0939087780713717 15.139032058366722 191.29650703255049  6.0811311244051067 15.133180516226187 191.1457604257111  6.0767874263377282 15.130807919062631 191.09513145936816  6.0723896272430826 15.128059588859719 191.04427871567245  6.0679641537748168 15.124958542155484 190.99314640943626  6.0635364589568992 15.121520454789449 190.94162294212151  6.059134001049042 15.117769654738522 190.88969719384397  6.0504444437803349 15.109740575176291 190.78553243664325  6.0461576887351978 15.105462852034572 190.73332645598376  6.0419461032534487 15.100898710396391 190.68039773908527  6.0378498793558331 15.096130320057542 190.62746002051537  6.0338976961060125 15.091187452857621 190.57457355576966  6.0301056052374324 15.086043034906487 190.52108716611738  6.0193168737763605 15.070200092027914 190.36029169640537  6.0129065474609193 15.059083520578728 190.25265347099716  6.00748008346467 15.047552611829515 190.14347322174282  6.0032834200916847 15.035957897097685 190.03499263911246  6.0004977154234158 15.02442940590362 189.92526151784878  6.0102107126841782 15.010358806387575 189.80674103920174  5.9999999997565512 15.002867595606958 189.7067095123974  
6.3524745555957596 14.691775526330508 192.04996104411831  6.3499552791246217 14.716767769307934 192.04415135610662  6.3499802362095181 14.73970472337419 192.03505015176506  6.3486350441936112 14.761195120272742 192.02481806069858  6.3472092911391744 14.780959671072678 192.01281688969243  6.3456952348865245 14.798997963234518 191.99927701341161  6.3440880632397354 14.815355081189381 191.98456389616581  6.3406837246985699 14.844888131503689 191.95379228784176  6.3388881332905864 14.858022585964619 191.93779747152647  6.3370019252213448 14.869818682495616 191.92156449146356  6.335025639439011 14.880550521256104 191.90513996771926  6.3329592202053329 14.890442728178716 191.88843287721969  6.3308036889335639 14.899640593342321 191.87140113880264  6.3240810702221584 14.925259441368819 191.81991231761589  6.3192531098407914 14.939780991191697 191.78479389163348  6.314123800988563 14.952503523870838 191.74998609214418  6.3086361570911409 14.963925752080101 191.71293570106914  6.3028938280676652 14.974069730995204 191.67680199098018  6.2968688710740111 14.983274806033474 191.6397503186021  6.2780139774660224 15.008258176589933 191.52691751595631  6.2644071297488297 15.021443548853528 191.44943290981291  6.2499265485187516 15.032130279702523 191.37009089597279  6.2347038398923305 15.040705870274673 191.28843315815595  6.2189134431295416 15.047406390956418 191.20457511435549  6.2027667954944521 15.052464218269709 191.11912857984254  6.1782559769912613 15.057724201651913 190.98785027889861  6.1700380196719244 15.059091393223008 190.94358677252907  6.1618037315093597 15.06009270247389 190.89896306689769  6.1535751666005938 15.060739878070034 190.85394157220165  6.1453722471806174 15.061041171200067 190.80843772147574  6.1372199313018703 15.061006343332147 190.76245445678626  6.121090829731803 15.060297004615997 190.66997897385798  6.1131148710716792 15.059622389765664 190.6235172759466  6.1052279526808242 15.058625197125654 190.57632180902317  6.097486077514807 15.057329341511345 190.52903060049766  6.0899178723240324 15.055745530216152 190.48171185060431  6.0825219278311273 15.053870521237783 190.43381341866905  6.0609893746664278 15.047435140687782 190.28971155135409  6.0475050962680994 15.042061458521797 190.19311274674772  6.0350584706306618 15.035678454801003 190.09515227045858  6.0239271266954963 15.028421065393504 189.99797354213183  6.0142380643999935 15.020403380216585 189.9000261481105  6.0114148846565838 15.010879448363655 189.80009432454463  5.9999999994157225 15.00286759674856 189.7067095169414  
6.6905061183539383 14.589283120226854 191.72784205349734  6.6846674257086001 14.611522524820762 191.72330196796679  6.6773525286335582 14.633146579719382 191.71967102294536  6.6708472090023232 14.652904234828966 191.71321024658519  6.664362797402462 14.671155070628522 191.70524362248293  6.6578847318931542 14.68789807998721 191.69596283276144  6.6514028462511758 14.703165911792642 191.68566630935453  6.6384198936956649 14.730883830125418 191.66385215885632  6.6319211905806075 14.743291345281563 191.6523885350698  6.6254165201620596 14.754504576511001 191.64066141916416  6.6189037430762818 14.764777744257161 191.62870010713516  6.6123798284632791 14.774325152566975 191.61642358930595  6.6058433613639567 14.783284212327635 191.60379400491948  6.5862044276355185 14.80846696887258 191.56532228079479  6.573065158232235 14.823081352169943 191.53867429235663  6.5599229690622574 14.836155891967291 191.51192552062079  6.5466688112312772 14.848313237081721 191.48296367115023  6.5334346143394262 14.859368104529102 191.45441022969052  6.5201549204405342 14.869742495287507 191.42475784352237  6.4802106064976615 14.898914170762215 191.33341090940695  6.4534454135858432 14.915795198835509 191.26930640379129  6.4266012279187921 14.930922430098072 191.20241605442197  6.3996876584110636 14.944612076666528 191.13242849860569  6.372779042535341 14.956984820934622 191.0595364614978  6.3460058624200837 14.968111680471116 190.98436843507761  6.3061357686108286 14.98295094112247 190.86773960205068  6.2928952017593121 14.987588961944441 190.82822811247996  6.279727898858412 14.991914770984224 190.7882249545583  6.2666437619151294 14.995927575267437 190.74771062992269  6.2536495520459203 14.999625986153681 190.70662412674969  6.2407596461078185 15.00300440425478 190.66498444826988  6.2152539405585463 15.009094404456741 190.58103983414802  6.2026393816812524 15.011805350806146 190.53876442996005  6.1901407952454175 15.014191913135999 190.49573526183042  6.1778192598729236 15.016228047541421 190.45255571077698  6.1656948606811817 15.017905353990979 190.40930723081723  6.1537427036250545 15.019235273538003 190.36550310892633  6.1185426060654748 15.022129828687833 190.23370966185055  6.0959466125660295 15.022600525758646 190.1453540676134  6.074290093379326 15.021601164105309 190.05589937690758  6.0538091521382853 15.019063003686561 189.9675182261451  6.034515294394847 15.015054450561891 189.8789645707291  6.0134859864889236 15.011186902044512 189.79699992908604  5.9999999991235828 15.002867597522192 189.7067095192173  
7.1024042700332171 14.5180373004003 191.50392661976517  7.0912738202467285 14.537339010642969 191.50007516081718  7.0754771023248466 14.557124513936108 191.50008217920416  7.0622779443891304 14.574872195773221 191.49617035497067  7.0492225063303211 14.591379901487111 191.49100102334396  7.0362924691924134 14.606645547196802 191.48472752395526  7.0234743972933096 14.620690997609385 191.4775845308952  6.9980450791614173 14.646433134448086 191.46219157473502  6.985436458739394 14.658090159734265 191.45398547260498  6.9729331373987327 14.668746743804675 191.44549322865362  6.9605305980305916 14.678623524616139 191.43673182920878  6.9482233323816862 14.68791013022264 191.42763310540076  6.9360076274516071 14.696727132826247 191.41816507370115  6.8996378007799093 14.721809742849336 191.38902968243744  6.8757528870809086 14.736790684105175 191.36845288952782  6.8522610647874567 14.750533396065888 191.34743063481733  6.8290240334280439 14.76367472107113 191.32428620466086  6.8061712200196434 14.775917748394708 191.30111143236235  6.7836127303076958 14.787691492301642 191.27671818281542  6.7168033658562765 14.821614155433673 191.20062436709665  6.6734237816750355 14.842394651568698 191.14599445133823  6.6311295820503631 14.861945780938676 191.08788114185384  6.5897935277269069 14.880469969330173 191.02610993740706  6.5493597680206905 14.897966493711449 190.96093007694259  6.5098341155888431 14.914364292714236 190.892956917916  6.4517938057737014 14.937199728188785 190.78658325097351  6.4326563806799388 14.944517187856297 190.75039791500032  6.4137372336523164 14.951517779143945 190.71362042666206  6.3950297986714215 14.958188612546117 190.67624747990223  6.3765239566141503 14.964518085712607 190.63824100018266  6.3582179813867814 14.970487543884653 190.59963197672167  6.322042990737458 14.981638336781501 190.5216166126616  6.3041753537008738 14.986818778510175 190.48223676538848  6.286484999011634 14.991615892803182 190.44211042220871  6.269021942081233 14.995972399169545 190.40177482702546  6.2517905713122435 14.999865339069117 190.36131680018852  6.2347452150612837 15.003309807153871 190.32033283390601  6.1842680516857698 15.012169937831148 190.19696817612621  6.1514902332044779 15.016115948962701 190.11419041166263  6.1195176152355142 15.018011000460067 190.03049010557066  6.0884663298980506 15.017645360674919 189.94791279443058  6.058201460970678 15.015029771648926 189.86553115408003  6.0190248077609825 15.013379273827043 189.79544556104901  5.9999999990262021 15.002867598258124 189.7067095237534  
7.551201049487152 14.482411545873333 191.39195996267662  7.5344128247094488 14.498491579816877 191.38790461561786  7.5177206745011764 14.51412306476208 191.38350237782637  7.5011056574509176 14.529311387249878 191.37876882629314  7.4845524895899 14.544058306791241 191.37372069078555  7.4680495443945372 14.558361956101241 191.36837585572488  7.4515888527833614 14.572216841042421 191.36275335970385  7.4187433534558966 14.599010840226944 191.35099343148838  7.4023605114004081 14.611932490251673 191.34486294946578  7.3860191348407547 14.624424354292769 191.33848426883955  7.3697179426925352 14.636553854990305 191.33184402866414  7.3534549070444086 14.648386623799286 191.32492517848189  7.337229345297521 14.65996285074174 191.31771896888756  7.288673346335611 14.693895201009941 191.29527288900869  7.2564575241319256 14.715500386354256 191.279183665413  7.2244369233128598 14.736152273042711 191.26202416432716  7.1925245863390863 14.756251606467064 191.24360772317311  7.160834196882444 14.775441363642424 191.22417834170619  7.1293149372726186 14.793991632102166 191.20362247448097  7.0353070709550716 14.847624149733845 191.1386915392539  6.9733723175666844 14.880696214813851 191.09105317733639  6.9122500999008283 14.911163897614168 191.0392652401504  6.8519742430078949 14.939051508521091 190.98345433993023  6.7926290008827674 14.964262981897093 190.92385750851901  6.7343406653079603 14.986635448824986 190.86080707360429  6.6485828694729792 15.01585103252939 190.76136912416445  6.620277043049807 15.024863614267698 190.72741260444991  6.5922725922102536 15.033121811144154 190.69270976142178  6.5645788259405693 15.040615184705004 190.65728981155058  6.5372020185317137 15.04733811655853 190.62117465406155  6.5101543359542955 15.05327662819156 190.58440655045172  6.4567711885231471 15.063513773380512 190.50974505760584  6.4304367562425879 15.067811437097955 190.47186138048474  6.4044405614117261 15.071319090807862 190.43335073657627  6.3788327024640292 15.073969745955585 190.39440596455987  6.3536285973537483 15.075746589253976 190.35509055143976  6.3288056322877724 15.076687868164658 190.31532708733596  6.2555891617245623 15.076870061243843 190.19515703028338  6.2084444033478219 15.073475609577962 190.1138813068506  6.1630035508689129 15.066563563689042 190.03164925529717  6.1194344647409089 15.055966402892581 189.94944498775476  6.0777079738962589 15.041804733369474 189.86735213046211  6.0379048190444795 15.024058336582739 189.78629994964402  5.9999999992696527 15.002867600720757 189.70670954640994  
8 14.482411545873344 191.39195996267665  7.9787149391217413 14.495318426391179 191.38785322796642  7.9574512026496587 14.508166821557591 191.38344528400881  7.9362109362154971 14.520951363884466 191.37873692064679  7.9149962746529052 14.533666739225701 191.37372907074837  7.8938093420001048 14.546307687011263 191.36842281208422  7.8726522514966648 14.558869000190576 191.36281936684512  7.8304019596758145 14.583822050294206 191.35102083665791  7.8093087503949743 14.596213792931371 191.34482574720988  7.7882496014931881 14.608515589446323 191.33833620120362  7.7672266242009522 14.620722333878639 191.331553704859  7.7462419222781795 14.632828976982934 191.32447990215385  7.7252975970567919 14.644830525190121 191.31711657397824  7.6625920633526929 14.680505068342702 191.29416376441455  7.620958272684307 14.703847975776595 191.27771145009098  7.5795111263296651 14.72671129800643 191.26012399840783  7.5382673285505168 14.749056496503902 191.24141888090071  7.4972432510440736 14.770846165885541 191.22161552376065  7.4564552431318445 14.792043921034589 191.20073541369331  7.3348471056796969 14.853756154586115 191.13493464284525  7.2547829731362645 14.892389543369379 191.08685359579377  7.1758543844674083 14.928233838315091 191.03474512257858  7.0981844457201086 14.961027185819775 190.97882561858705  7.0218895591303339 14.990529466213104 190.91933892000657  6.9470770598479978 15.016524609585385 190.8565532632793  6.8372255417758367 15.04997164547038 190.75785994576665  6.8010029077137411 15.060196377851874 190.7242097013326  6.7651867831021306 15.069473079655282 190.68984311287434  6.7297884136815371 15.077779634397237 190.65479761160583  6.6948182485549186 15.085095611109237 190.61911180908123  6.660285868626092 15.091402315337364 190.58282537420567  6.5921139614606732 15.101963364946769 190.5091324463296  6.5584744316052754 15.106217709885909 190.47172594936126  6.525289974690466 15.109428964496926 190.43380002806953  6.4925682898777639 15.111582000270202 190.39539620480369  6.4603160850803825 15.112663509729963 190.35655681504866  6.4285390199066095 15.112662039110779 190.31732487699333  6.3346468584545752 15.109379965733869 190.19858203996102  6.2739708178622671 15.102821698725563 190.11802414336691  6.2152499179335701 15.09181664783948 190.03641870375793  6.1585028179779489 15.076318252207734 189.95412273789847  6.1037293413495082 15.056311083773206 189.87149835868445  6.05090876694344 15.031811197284611 189.78890774013163  6 15.002867600937897 189.70670955771837  

0 8
1 8

0 8
0.0625 6
0.125 6
0.25 6
0.5 6
0.625 6
0.75 6
1 8

2 0 6.5 3 0 0 1 1 0 -0 -0 1 0 1.1499999999999999
2 6.5 0 3 0 0 1 1 0 -0 -0 1 0 1.1499999999999999
2 0 0 3 0 0 1 1 0 -0 -0 1 0 3.2000000000000002
2 -6.5 0 3 0 0 1 1 0 -0 -0 1 0 1.1499999999999999
2 0 -6.5 3 0 0 1 1 0 -0 -0 1 0 1.1499999999999999
2 0 -6.5 3 0 0 1 1 0 -0 -0 1 0 1.1499999999999999
2 -6.5 0 3 0 0 1 1 0 -0 -0 1 0 1.1499999999999999
2 0 0 3 0 0 1 1 0 -0 -0 1 0 3.2000000000000002
2 6.5 0 3 0 0 1 1 0 -0 -0 1 0 1.1499999999999999
2 0 6.5 3 0 0 1 1 0 -0 -0 1 0 1.1499999999999999
5 11 30 190 1 0 0 -0 0.3386924460422161 0.94089713943339237 0 -0.94089713943339237 0.3386924460422161 14.332380757938122 2
5 11 30 190 1 0 0 0 0 1 0 -1 0 14.332380757938109 2
2 6 2.3973254593777126e-14 193.90120065806997 1 0 0 0 -0.30320365727694704 0.952925780013262 -0 0.952925780013262 0.30320365727694704 2
9 1 1 0 0 2 6 3 17 2 4 12.430562850036315 17.203112137535399 190.52628250169332  1 12.347485669505716 17.151482737103098 190.5427100381944  1 12.268882724177601 17.102633908657257 190.55825284724529  1 12.194754014051961 17.056565652197865 190.572910928846  1 12.125099539128799 17.013277967724935 190.58668428299646  1 12.059919299408113 16.972770855238455 190.59957290969678  1 11.131313163481382 16.395676426546498 190.78319386428205  1 10.217485172568406 15.832225915694689 190.96247357227554  1 9.252558067232334 15.241468015206273 191.15044199516569  1 8.2323546868412745 14.620880821868488 191.34790155667571  1 7.1504414340608404 13.966615630062654 191.55607684498079  1 5.9274195037567372 13.231007479304459 191.7901339838576  1 5.8548390075134762 13.187352657342814 191.80402415448179  1 5.7822585112702152 13.143697835381166 191.81791432510587  1 5.709678015026955 13.100043013419516 191.83180449573001  1 5.637097518783694 13.056388191457865 191.84569466635412  1 5.564517022540433 13.012733369496218 191.85958483697823  1 
11.688274264053497 18.333506829972553 190.16661146319055  0.81741228499630214 11.603876403837495 18.283280611676059 190.18259253264858  0.81768626541735268 11.524160916093225 18.235840931584548 190.19768697631409  0.81785065366998289 11.449092934002545 18.191167040020069 190.21190139635729  0.81790544975419299 11.378641346036689 18.149240422124169 190.22524168386965  0.817850653669983 11.312778753000076 18.110044772294145 190.23771302699734  0.81768626541735268 10.370612532704653 17.549349914260667 190.41611593637163  0.81349524836507758 9.445553514000359 17.001343440973017 190.59048163241764  0.80970806489395053 8.4711702418061261 16.426401943476666 190.77341756343921  0.80603943946074119 7.4434186980205927 15.822090871473018 190.96569835907681  0.80248694925933917 6.3561144262065392 15.184745120821361 191.16849018882954  0.79904311307728915 5.1295881623334445 14.467786560083891 191.396613367246  0.79549335352098716 5.056436423682765 14.425026150622447 191.41021895207464  0.79536695678005043 4.9832500817560241 14.382245514023809 191.42383097281055  0.79532482453307185 4.9100523920534771 14.339458244150988 191.43744510413381  0.79536695678005043 4.836866617287602 14.29667793908283 191.45105701938274  0.79549335352098705 4.7637160027461665 14.253918186712689 191.46466239513691  0.79570401475588126 
11.433674267008065 18.32225452473395 188.79067137827803  1 11.349969995840908 18.270482681053863 188.80455810145679  1 11.270835815340073 18.221537479506626 188.81768663651565  1 11.196271725505548 18.175418920092238 188.83005698345468  1 11.126277726337342 18.132127002810694 188.84166914227376  1 11.060853817835451 18.091661727662 188.85252311297302  1 10.129986614744581 17.515912000039517 189.00695603479971  1 9.2142579764734247 16.953209962694043 189.16016319976328  1 8.2475734155382092 16.362750297069454 189.32315146280376  1 7.2256905319410398 15.742046086066493 189.49667955729484  1 6.1422487822518104 15.087355083643249 189.68187284008883  1 4.9176929503790987 14.350980002394508 189.89246128100157  1 4.8449827687541154 14.307256421559629 189.90496534442468  1 4.772233931461825 14.26350959550439 189.91747605551268  1 4.6994464385022257 14.219739524228793 189.9299934142654  1 4.6266202898753184 14.175946207732835 189.94251742068295  1 4.5537554855811031 14.132129646016518 189.9550480747653  1 

0 3
7.3624635388272228 3

-3.4543247677781652 7
-2.9393510643777057 5
4.4231124744495167 5
4.8876048348600429 7

1 6 0 196 -0 0.30320365727694704 0.952925780013262 0 0.952925780013262 -0.30320365727694704 -1 0 -0 
1 -20 -36 210 1 0 -0 0 0 1 0 -1 0 
1 -20 36 210 -0 1 0 0 0 1 1 0 -0 
1 -20 -36 210 -0 1 0 0 0 1 1 0 -0 
1 20 -36 210 1 0 -0 0 0 1 0 -1 0 
1 11 30 190 1 0 0 -0 0 1 0 -1 0 
1 6.0000000000000009 -1.0403311000055026e-15 197.73766198920575 1 0 0 -0 0 1 0 -1 0 
1 -20 -36 272 0 0 1 1 0 -0 -0 1 0 
1 -21 -25 223 0 0 1 1 0 -0 -0 1 0 
1 -21 25 223 -0 1 0 0 0 1 1 0 -0 
1 -21 -25 259 0 0 1 1 0 -0 -0 1 0 
1 -21 -25 223 -0 1 0 0 0 1 1 0 -0 
1 -15 -18 270 -0 1 0 0 0 1 1 0 -0 
1 15 -18 270 1 0 -0 0 0 1 0 -1 0 
1 -15 18 270 -0 1 0 0 0 1 1 0 -0 
1 -15 -18 270 1 0 -0 0 0 1 0 -1 0 
1 -17.5 -33.5 212.5 1 0 -0 0 0 1 0 -1 0 
1 -15 -18 290 0 0 1 1 0 -0 -0 1 0 
2 8 9 282 1 0 0 -0 0 1 0 -1 0 4
2 8 -9 282 1 0 0 -0 0 1 0 -1 0 4
1 -17.5 -33.5 212.5 -0 1 0 0 0 1 1 0 -0 
1 -17.5 -33.5 269.5 0 0 1 1 0 -0 -0 1 0 
1 -17.5 -33.5 212.5 0 0 1 1 0 -0 -0 1 0 
1 -17.5 33.5 212.5 -0 1 0 0 0 1 1 0 -0 
1 8 9 282 1 0 0 -0 0 1 0 -1 0 
1 8 -9 282 1 0 0 -0 0 1 0 -1 0 
1 17.5 -33.5 212.5 1 0 -0 0 0 1 0 -1 0 
1 -12.699999999999999 -31.25 215 1 0 -0 0 0 1 0 -1 0 
1 -12.699999999999999 -31.25 215 -0 1 0 0 0 1 1 0 -0 
1 -12.699999999999999 -31.25 218 0 0 1 1 0 -0 -0 1 0 
1 -12.699999999999999 31.25 215 -0 1 0 0 0 1 1 0 -0 
1 -12.699999999999999 -31.25 215 0 0 1 1 0 -0 -0 1 0 
1 12.699999999999999 -31.25 215 1 0 -0 0 0 1 0 -1 0 
1 -12.699999999999999 -31.5 223 1 0 -0 0 0 1 0 -1 0 
1 -12.699999999999999 -31.5 223 -0 1 0 0 0 1 1 0 -0 
1 -12.699999999999999 -31.5 228 0 0 1 1 0 -0 -0 1 0 
1 -12.699999999999999 31.5 223 -0 1 0 0 0 1 1 0 -0 
1 -12.699999999999999 -31.5 223 0 0 1 1 0 -0 -0 1 0 
1 12.699999999999999 -31.5 223 1 0 -0 0 0 1 0 -1 0 
1 -15 -27.5 237 1 0 -0 0 0 1 0 -1 0 
1 -15 -27.5 237 -0 1 0 0 0 1 1 0 -0 
1 -15 -27.5 252 0 0 1 1 0 -0 -0 1 0 
1 -15 27.5 237 -0 1 0 0 0 1 1 0 -0 
1 -15 -27.5 237 0 0 1 1 0 -0 -0 1 0 
1 15 -27.5 237 1 0 -0 0 0 1 0 -1 0 
Triangulations 0

TShapes 564
Ve
7.78794105547169e-06
6.28257361585322 -42.7363260932152 182.40207806125
0 0

0101101
*
Ve
1.00000028642893e-07
9 -41.1352326853174 182.911516872854
0 0

0101101
*
Ed
 1e-07 1 1 0
1  1 0 2.03912049907815 2.15914734043884
2  1 1 0 2.03912049907815 2.15914734043884
2  2 2 0 2.03912049907815 2.15914734043884
0

0101000
-564 0 +563 0 *
Ve
7.78794105547169e-06
8 -44 182
0 0

0101101
*
Ed
 5.24403050605463e-06 1 1 0
1  2 0 0 1.0327533066234
2  3 1 0 0 1.0327533066234
2  4 3 0 0 1.0327533066234
0

0101000
+561 0 -564 0 *
Ve
1e-07
9.97100848914495 -40.5599902700932 183.094548550425
0 0

0101101
*
Ed
 1e-07 1 1 0
1  3 0 0 1
2  5 1 0 0 1
2  6 2 0 0 1
0

0101000
+563 0 -559 0 *
Ve
1.5e-07
9 -44 182
0 0

0101101
*
Ed
 1e-07 1 1 0
1  4 0 2 3
2  7 1 0 2 3
2  8 4 0 2 3
0

0101000
+561 0 -557 0 *
Ve
1e-07
9 -42.2484156776325 182.55732228439
0 0

0101101
*
Ed
 1e-07 1 1 0
1  5 0 0 1
2  9 1 0 0 1
2  10 5 0 0 1
0

0101000
+559 0 -555 0 *
Ed
 1e-07 1 1 0
1  6 0 0 1.83811201155998
2  11 1 3 0 1.83811201155998
2  12 6 0 0 1.83811201155998
0

0101000
-555 3 +557 3 *
Wi

0101100
+562 0 -560 0 -558 0 +556 0 -554 0 +553 2 *
Fa
0  1e-07 1 0

0101000
+552 0 *
Ve
1e-07
9.97100848914495 -30 202.617394906513
0 0

0101101
*
Ve
1e-07
10.0289915108551 -30 202.582605093487
0 0

0101101
*
Ed
 1e-07 1 1 0
1  7 0 4.6309518948453 4.69857113690718
3  13 14CN 2 0 4.6309518948453 4.69857113690718
0

0101000
+550 0 -549 0 *
Ve
0.000614912919182071
9.97100848914495 -17.4196346281408 189.034048998434
0 0

0101101
*
Ed
 1e-07 1 1 0
1  8 0 -0.125853360526506 1.52157503471065
2  15 2 0 -0.125853360526506 1.52157503471065
2  16 7 0 -0.125853360526506 1.52157503471065
4 G1 2 0 7 0
0

0101000
+547 0 -550 0 *
Ed
 1e-07 1 1 0
1  9 0 0 6.28318530717959
2  17 2 0 0 6.28318530717959
2  18 8 0 0 6.28318530717959
4 G1 2 0 8 0
0

0101000
+549 0 -549 0 *
Ve
0.0001
6 -15.0028675829178 189.706709590161
0 0

0101101
*
Ed
 5.99468061412332e-06 1 1 0
1  10 0 0.203129257028563 5.05157151868206
2  19 2 0 0.203129257028563 5.05157151868206
2  20 9 0 0.203129257028563 5.05157151868206
4 G1 2 0 9 0
0

0101000
+544 0 -547 0 *
Ve
1.5e-07
6 -42.158883933557 181.215835754593
0 0

0101101
*
Ed
 1.5e-07 1 1 0
1  11 0 2.19642988731579 4.69283503000505
2  21 2 0 2.19642988731579 4.69283503000505
2  22 10 0 2.19642988731579 4.69283503000505
0

0101000
+542 0 -544 0 *
Ve
0.000866662337384713
9.97100851197207 -35.7362600214023 201.238059269902
0 0

0101101
*
Ed
 1e-07 1 1 0
1  12 0 0 0.471957981517014
2  23 2 0 0 0.471957981517014
2  24 11 0 0 0.471957981517014
4 G1 2 0 11 0
0

0101000
+550 0 -540 0 *
Ed
 1e-07 1 1 0
1  13 0 0.636383428550698 1
2  25 2 0 0.636383428550698 1
2  26 3 0 0.636383428550698 1
0

0101000
+564 0 -542 0 *
Ve
1.5854364935182e-05
6 -34.5188349789681 204.303151066561
0 0

0101101
*
Ed
 8.91071776301192e-06 1 1 0
1  14 0 -2.07722699972483 3.44134401836883
2  27 2 0 -2.07722699972483 3.44134401836883
2  28 12 0 -2.07722699972483 3.44134401836883
4 G1 2 0 12 0
0

0101000
+540 0 -537 0 *
Ve
0.0001
6 -43.8648783951667 184.275915174699
0 0

0101101
*
Ed
 1.5e-07 1 1 0
1  15 0 0.306009228823556 1.96232906425518
2  29 2 0 0.306009228823556 1.96232906425518
2  30 10 0 0.306009228823556 1.96232906425518
0

0101000
+537 0 -535 0 *
Ve
0.000672244753478068
9.97100847281538 -42.2977158865719 187.17779562872
0 0

0101101
*
Ed
 5.81015121568784e-06 1 1 0
1  16 0 0.402308876451298 5.9208764475408
2  31 2 0 0.402308876451298 5.9208764475408
2  32 13 0 0.402308876451298 5.9208764475408
4 G1 2 0 13 0
0

0101000
+535 0 -533 0 *
Ed
 1e-07 1 1 0
1  17 0 -0.126431068874556 0.227115005020444
2  33 2 0 -0.126431068874556 0.227115005020444
2  34 5 0 -0.126431068874556 0.227115005020444
4 G1 2 0 5 0
0

0101000
+533 0 -559 0 *
Wi

0101100
+548 0 +546 0 -545 0 +543 0 -548 0 +541 0 +539 0 +538 0 +536 0 +562 0 
+534 0 -558 0 +532 0 +531 0 *
Fa
0  1e-07 2 0

0101000
+530 0 *
Ve
0.0001
8 -43.2978161177745 183.504679747626
0 0

0101101
*
Ed
 1e-07 1 1 0
1  18 0 -0.256873335616607 1.40358544055736
2  35 3 0 -0.256873335616607 1.40358544055736
2  36 4 0 -0.256873335616607 1.40358544055736
4 G1 3 0 4 0
0

0101000
+528 0 -561 0 *
Ve
0.0001
6 -41.485449837784 182.658908816964
0 0

0101101
*
Ed
 0.0001 1 1 0
1  19 0 0 1
2  37 3 0 0 1
2  38 14 0 0 1
4 G1 3 0 14 0
0

0101000
+526 0 -528 0 *
Ed
 1e-07 1 1 0
1  20 0 -0.256873335616607 1.33560063424605
2  39 3 0 -0.256873335616607 1.33560063424605
2  40 10 0 -0.256873335616607 1.33560063424605
4 G1 3 0 10 0
0

0101000
+526 0 -542 0 *
Wi

0101100
-560 0 -527 0 -538 0 -525 0 +524 0 *
Fa
0  1e-07 3 0

0101000
+523 0 *
Ve
1e-07
9 -43.0411247484913 184.054732681804
0 0

0101101
*
Ed
 1e-07 1 1 0
1  21 0 30.8384321941165 33.1058907144937
2  41 4 3 30.8384321941165 33.1058907144937
2  42 6 0 30.8384321941165 33.1058907144937
0

0101000
+521 3 -557 3 *
Ve
0.000818034730468814
9.00961110789615 -42.9316987341685 184.28921699821
0 0

0101101
*
Ed
 5.81015121568784e-06 1 1 0
1  22 0 1.6363626629255 2.97520951783774
2  43 4 0 1.6363626629255 2.97520951783774
2  44 13 0 1.6363626629255 2.97520951783774
4 G1 4 0 13 0
0

0101000
+528 0 -519 0 *
Ed
 1e-07 1 1 0
1  23 0 0 1
2  45 4 0 0 1
2  46 5 0 0 1
0

0101000
+519 0 -521 0 *
Wi

0101100
-556 0 -527 0 +520 2 +518 0 +517 0 *
Fa
0  1e-07 4 0

0101000
+516 0 *
Ed
 0.000468688290361919 1 1 0
1  24 0 0 1
2  47 5 0 0 1
2  48 13 0 0 1
0

0101000
+533 0 -519 0 *
Ed
 1e-07 1 1 0
1  25 0 0.0757228566949735 0.194006077282396
2  49 5 0 0.0757228566949735 0.194006077282396
2  50 6 2 0.0757228566949735 0.194006077282396
4 G1 5 0 6 2
0

0101000
+521 0 -555 0 *
Wi

0101100
-514 0 +531 0 -517 0 +554 0 -513 0 *
Fa
0  1e-07 5 0

0101000
+512 0 *
Wi

0101100
+520 2 -513 0 +553 2 *
Fa
0  1e-07 6 2

0101000
+510 0 *
Ve
0.000771118731777745
9 -15.6973144847044 190.922130815595
0 0

0101101
*
Ed
 0.000430439043425875 1 1 0
1  26 0 0 1
2  51 7 0 0 1
2  52 9 0 0 1
0

0101000
+547 0 -508 0 *
Ve
1e-07
9 -30 204.332380757938
0 0

0101101
*
Ed
 1e-07 1 1 0
1  27 0 0.0151621633486321 1.52157503471065
2  53 7 0 0.0151621633486321 1.52157503471065
2  54 15 2 0.0151621633486321 1.52157503471065
4 G1 7 0 15 2
0

0101000
+508 0 -506 0 *
Ed
 1e-07 1 1 0
1  28 0 3.68201215386038 4.71238898038469
2  55 7 0 3.68201215386038 4.71238898038469
2  56 11 0 3.68201215386038 4.71238898038469
4 G1 7 0 11 0
0

0101000
+550 0 -506 0 *
Wi

0101100
-507 0 +546 0 -505 0 +504 0 *
Fa
0  1e-07 7 0

0101000
+503 0 *
Ve
1e-07
11 -30 200.867619242062
0 0

0101101
*
Ed
 1e-07 1 1 0
1  29 0 0.540419500270585 1.57079632679489
3  57 58CN 8 0 0.540419500270585 1.57079632679489
0

0101000
+549 0 -501 0 *
Ed
 1e-07 1 1 0
1  30 0 0 6.28318530717959
2  59 8 0 0 6.28318530717959
2  60 16 0 0 6.28318530717959
4 G1 8 0 16 0
0

0101000
+501 0 -501 0 *
Wi

0101100
-500 0 +545 0 -499 0 +500 0 *
Fa
0  1e-07 8 0

0101000
+498 0 *
Ve
5.99468061464882e-05
9 -15.0903689051437 191.198518984727
0 0

0101101
*
Ed
 5.99468061412332e-06 1 1 0
1  31 0 0 1
2  61 9 0 0 1
2  62 15 2 0 1
0

0101000
+508 0 -496 0 *
Ve
0.0001
8 -14.4824115458972 191.391959962669
0 0

0101101
*
Ed
 0.0001 1 1 0
1  32 0 0 1
2  63 9 0 0 1
2  64 17 0 0 1
4 G1 9 0 17 0
0

0101000
+494 0 -544 0 *
Ed
 5.99468061412332e-06 1 1 0
1  33 0 1.33351753612728 2.52635129811616
2  65 9 0 1.33351753612728 2.52635129811616
2  66 18 0 1.33351753612728 2.52635129811616
4 G1 9 0 18 0
0

0101000
+494 0 -496 0 *
Wi

0101100
-507 0 -543 0 -495 0 -493 0 +492 0 *
Fa
0  5.99468061412332e-06 9 0

0101000
+491 0 *
Ve
8.91071775982961e-05
6 -32.8744754493535 205.840409751385
0 0

0101101
*
Ed
 8.91071776301192e-06 1 1 0
1  34 0 0 1
2  67 10 0 0 1
2  68 12 0 0 1
0

0101000
+537 0 -489 0 *
Ed
 0.0001 1 1 0
1  35 0 0 1
2  69 10 0 0 1
2  70 14 0 0 1
4 G1 10 0 14 0
0

0101000
+526 0 -535 0 *
Ve
1.50000003552714e-07
6 -30.9333333333333 210
0 0

0101101
*
Ed
 1.5e-07 1 1 0
1  36 0 2.20705938096625 6.7972907205567
2  71 10 0 2.20705938096625 6.7972907205567
2  72 19 0 2.20705938096625 6.7972907205567
0

0101000
-489 0 +486 0 *
Ve
1.50000003552714e-07
6 30.9333333333333 210
0 0

0101101
*
Ed
 1.5e-07 1 1 0
1  37 0 -12.9333333333333 48.9333333333333
2  73 10 0 -12.9333333333333 48.9333333333333
2  74 20 0 -12.9333333333333 48.9333333333333
0

0101000
+486 0 -484 0 *
Ve
8.91071800351072e-05
6 32.8744754493535 205.840409751385
0 0

0101101
*
Ed
 1.5e-07 1 1 0
1  38 0 26.308599993937 30.8988313335275
2  75 10 0 26.308599993937 30.8988313335275
2  76 21 0 26.308599993937 30.8988313335275
0

0101000
+482 0 -484 0 *
Ve
0.0001
6 -15.0888188604511 193.297811522696
0 0

0101101
*
Ed
 0.0001 1 1 0
1  39 0 0 1
2  77 10 0 0 1
2  78 17 0 0 1
4 G1 10 0 17 0
0

0101000
+480 0 -544 0 *
Ve
1.58543652683387e-05
6 34.5188349789681 204.303151066561
0 0

0101101
*
Ed
 8.91071800342381e-06 1 1 0
1  40 0 0 1
2  79 10 0 0 1
2  80 22 0 0 1
0

0101000
+478 0 -482 0 *
Ve
1e-07
6 -1.21281462910776 197.712903778123
0 0

0101101
*
Ed
 1e-07 1 1 0
1  41 0 0.594597369377812 15.1560716440587
2  81 10 0 0.594597369377812 15.1560716440587
2  82 23 0 0.594597369377812 15.1560716440587
4 G1 10 0 23 0
0

0101000
+480 0 -476 0 *
Ve
1.5e-07
6 43.406444117838 183.271905461775
0 0

0101101
*
Ed
 1.5e-07 1 1 0
1  42 0 4.24725826272026 5.97717607835603
2  83 10 0 4.24725826272026 5.97717607835603
2  84 24 0 4.24725826272026 5.97717607835603
0

0101000
-478 0 +474 0 *
Ve
1e-07
6 1.21281462910781 197.712903778123
0 0

0101101
*
Ed
 1e-07 1 1 0
1  43 0 0 0.616105562047554
2  85 10 0 0 0.616105562047554
2  86 25 0 0 0.616105562047554
4 G1 10 0 25 0
0

0101000
+472 0 -476 0 *
Ve
1.5e-07
6 44 182
0 0

0101101
*
Ed
 1.5e-07 1 1 0
1  44 0 0 1.40358544055667
2  87 10 0 0 1.40358544055667
2  88 26 0 0 1.40358544055667
0

0101000
+470 0 -474 0 *
Ve
0.0001
6 15.0888188604272 193.297811522703
0 0

0101101
*
Ed
 1e-07 1 1 0
1  45 0 0.636363636363662 15.1978379110195
2  89 10 0 0.636363636363662 15.1978379110195
2  90 27 0 0.636363636363662 15.1978379110195
4 G1 10 0 27 0
0

0101000
+472 0 -468 0 *
Ve
1.5e-07
6 42.9022008042896 182.34929974409
0 0

0101101
*
Ed
 1.5e-07 1 1 0
1  46 0 45.0215554076967 46.1735855224608
2  91 10 0 45.0215554076967 46.1735855224608
2  92 28 0 45.0215554076967 46.1735855224608
0

0101000
+466 0 -470 0 *
Ve
0.0001
6 15.0028675829178 189.706709590162
0 0

0101101
*
Ed
 0.0001 1 1 0
1  47 0 0 1
2  93 10 0 0 1
2  94 29 0 0 1
4 G1 10 0 29 0
0

0101000
+468 0 -464 0 *
Ed
 1.5e-07 1 1 0
1  48 0 1.59035027695392 4.17714991683792
2  95 10 0 1.59035027695392 4.17714991683792
2  96 24 0 1.59035027695392 4.17714991683792
0

0101000
+464 0 -466 0 *
Wi

0101100
-534 0 +488 0 +487 0 -485 0 -524 0 +483 0 -541 0 -481 0 +479 0 -477 0 
-475 0 -473 0 +471 0 -469 0 -467 0 -465 0 -463 0 -462 0 *
Ve
1.5e-07
6 31.15 196.5
0 0

0101101
*
Ed
 1.5e-07 1 1 0
1  49 0 0 6.28318530717959
2  97 10 0 0 6.28318530717959
2  98 30 9 0 6.28318530717959
0

0101100
+460 0 -460 0 *
Wi

0101100
+459 0 *
Ve
1.5e-07
6 37.65 190
0 0

0101101
*
Ed
 1.5e-07 1 1 0
1  50 0 0 6.28318530717959
2  99 10 0 0 6.28318530717959
2  100 31 15 0 6.28318530717959
0

0101100
+457 0 -457 0 *
Wi

0101100
+456 0 *
Ve
1.5e-07
6 33.2 190
0 0

0101101
*
Ed
 1.5e-07 1 1 0
1  51 0 0 6.28318530717959
2  101 10 0 0 6.28318530717959
2  102 32 21 0 6.28318530717959
0

0101100
+454 0 -454 0 *
Wi

0101100
+453 0 *
Ve
1.5e-07
6 24.65 190
0 0

0101101
*
Ed
 1.5e-07 1 1 0
1  52 0 0 6.28318530717959
2  103 10 0 0 6.28318530717959
2  104 33 27 0 6.28318530717959
0

0101100
+451 0 -451 0 *
Wi

0101100
+450 0 *
Ve
1.5e-07
6 31.15 183.5
0 0

0101101
*
Ed
 1.5e-07 1 1 0
1  53 0 0 6.28318530717959
2  105 10 0 0 6.28318530717959
2  106 34 33 0 6.28318530717959
0

0101100
+448 0 -448 0 *
Wi

0101100
+447 0 *
Ve
1.5e-07
6 -31.15 196.5
0 0

0101101
*
Ed
 1.5e-07 1 1 0
1  54 0 0 6.28318530717959
2  107 10 0 0 6.28318530717959
2  108 35 39 0 6.28318530717959
0

0101100
+445 0 -445 0 *
Wi

0101100
+444 0 *
Ve
1.5e-07
6 -24.65 190
0 0

0101101
*
Ed
 1.5e-07 1 1 0
1  55 0 0 6.28318530717959
2  109 10 0 0 6.28318530717959
2  110 36 45 0 6.28318530717959
0

0101100
+442 0 -442 0 *
Wi

0101100
+441 0 *
Ve
1.5e-07
6 -33.2 190
0 0

0101101
*
Ed
 1.5e-07 1 1 0
1  56 0 0 6.28318530717959
2  111 10 0 0 6.28318530717959
2  112 37 49 0 6.28318530717959
0

0101100
+439 0 -439 0 *
Wi

0101100
+438 0 *
Ve
1.5e-07
6 -37.65 190
0 0

0101101
*
Ed
 1.5e-07 1 1 0
1  57 0 0 6.28318530717959
2  113 10 0 0 6.28318530717959
2  114 38 53 0 6.28318530717959
0

0101100
+436 0 -436 0 *
Wi

0101100
+435 0 *
Ve
1.5e-07
6 -31.15 183.5
0 0

0101101
*
Ed
 1.5e-07 1 1 0
1  58 0 0 6.28318530717959
2  115 10 0 0 6.28318530717959
2  116 39 59 0 6.28318530717959
0

0101100
+433 0 -433 0 *
Wi

0101100
+432 0 *
Fa
0  1.5e-07 10 0

0101000
+461 0 +458 0 +455 0 +452 0 +449 0 +446 0 +443 0 +440 0 +437 0 +434 0 
+431 0 *
Ve
0.00100188205623308
9.00961111689739 -33.9296151858278 203.579396030369
0 0

0101101
*
Ed
 0.000606663636169299 1 1 0
1  59 0 0 1
2  117 11 0 0 1
2  118 12 0 0 1
0

0101000
+540 0 -429 0 *
Ve
1e-07
9 -33.8201891201219 203.813880456882
0 0

0101101
*
Ed
 1e-07 1 1 0
1  60 0 0 1
2  119 11 0 0 1
2  120 19 0 0 1
0

0101000
+429 0 -427 0 *
Ed
 1e-07 1 1 0
1  61 0 0 0.269804004094635
2  121 11 0 0 0.269804004094635
2  122 15 2 0 0.269804004094635
4 G1 11 0 15 2
0

0101000
+506 0 -427 0 *
Wi

0101100
+428 0 +539 0 +426 0 -504 0 -425 0 *
Fa
0  1e-07 11 0

0101000
+424 0 *
Ed
 8.91071776301192e-06 1 1 0
1  62 0 0.86844307066193 4.5813987801968
2  123 12 0 0.86844307066193 4.5813987801968
2  124 19 0 0.86844307066193 4.5813987801968
4 G1 12 0 19 0
0

0101000
+429 0 -489 0 *
Wi

0101100
+428 0 -536 0 +422 0 -488 0 *
Fa
0  8.91071776301192e-06 12 0

0101000
+421 0 *
Ed
 0.0001 1 1 0
1  63 0 0 1
2  125 13 0 0 1
2  126 14 0 0 1
4 G1 13 0 14 0
0

0101000
+528 0 -535 0 *
Wi

0101100
-419 0 +518 0 -532 0 -514 0 *
Fa
0  5.81015121568784e-06 13 0

0101000
+418 0 *
Ed
 0.0001 1 1 1
2  127 14 0 0 1
0

0101000
+535 0 -535 0 *
Wi

0101100
-487 0 +525 0 -416 0 +419 0 *
Fa
0  0.0001 14 0

0101000
+415 0 *
Ve
1.50000018115356e-07
9 -30.9333333333333 210
0 0

0101101
*
Ed
 1e-07 1 1 0
1  64 0 2.20705938096625 9.03362596567523
2  128 15 0 2.20705938096625 9.03362596567523
2  129 19 3 2.20705938096625 9.03362596567523
0

0101000
-427 3 +413 3 *
Ve
1.50000248715333e-07
9 30.9333333333333 210
0 0

0101101
*
Ed
 1.5e-07 1 1 0
1  65 0 -48.9333333333333 12.9333333333333
2  130 15 2 -48.9333333333333 12.9333333333333
2  131 20 0 -48.9333333333333 12.9333333333333
0

0101000
+411 0 -413 0 *
Ve
1e-07
9 33.8201891201219 203.813880456882
0 0

0101101
*
Ed
 1e-07 1 1 0
1  66 0 24.0722647488185 30.8988313335275
2  132 15 0 24.0722647488185 30.8988313335275
2  133 21 3 24.0722647488185 30.8988313335275
0

0101000
+409 3 -411 3 *
Ve
1e-07
9 30 204.332380757938
0 0

0101101
*
Ed
 1e-07 1 1 0
1  67 0 0.075722856695001 0.345526860789635
2  134 15 2 0.075722856695001 0.345526860789635
2  135 40 0 0.075722856695001 0.345526860789635
4 G1 15 2 40 0
0

0101000
+409 0 -407 0 *
Ve
1e-07
9 -0.60640731455387 195.807052218096
0 0

0101101
*
Ed
 1e-07 1 1 0
1  68 0 30.3377573610663 45.5372218860972
2  136 15 0 30.3377573610663 45.5372218860972
2  137 18 3 30.3377573610663 45.5372218860972
0

0101000
+496 3 -405 3 *
Ve
0.000772616537710564
9 15.6973144847093 190.92213081567
0 0

0101101
*
Ed
 1e-07 1 1 0
1  69 0 0 1.50641287135678
2  138 15 2 0 1.50641287135678
2  139 41 0 0 1.50641287135678
4 G1 15 2 41 0
0

0101000
+407 0 -403 0 *
Ve
1e-07
9 0.606407314553918 195.807052218096
0 0

0101101
*
Ed
 1e-07 1 1 0
1  70 0 5.97513252615581 6.59123808820336
2  140 15 2 5.97513252615581 6.59123808820336
2  141 42 0 5.97513252615581 6.59123808820336
0

0101000
+405 0 -401 0 *
Ve
5.98359698077053e-05
9 15.090368905143 191.198518984727
0 0

0101101
*
Ed
 5.98359697712557e-06 1 1 0
1  71 0 0 1
2  142 15 2 0 1
2  143 43 0 0 1
0

0101000
+403 0 -399 0 *
Ed
 1e-07 1 1 0
1  72 0 0.636363636363662 15.8358281618062
2  144 15 0 0.636363636363662 15.8358281618062
2  145 44 3 0.636363636363662 15.8358281618062
0

0101000
+401 3 -399 3 *
Wi

0101100
+412 2 -425 0 +410 0 -505 0 +408 2 +495 0 -406 0 +404 2 -402 0 +400 0 
-398 0 +397 2 *
Fa
0  1e-07 15 2

0101000
+396 0 *
Wi

0101100
+499 0 *
Ve
1e-07
11 -24.65 190
0 0

0101101
*
Ed
 1e-07 1 1 0
1  73 0 0 6.28318530717959
2  146 16 0 0 6.28318530717959
2  147 36 45 0 6.28318530717959
0

0101100
+393 0 -393 0 *
Wi

0101100
-392 0 *
Ve
1e-07
11 -31.15 183.5
0 0

0101101
*
Ed
 1e-07 1 1 0
1  74 0 0 6.28318530717959
2  148 16 0 0 6.28318530717959
2  149 39 59 0 6.28318530717959
0

0101100
+390 0 -390 0 *
Wi

0101100
-389 0 *
Ve
1.00000007105427e-07
11 -33.2 190
0 0

0101101
*
Ed
 1e-07 1 1 0
1  75 0 0 6.28318530717959
2  150 16 0 0 6.28318530717959
2  151 37 49 0 6.28318530717959
0

0101100
+387 0 -387 0 *
Wi

0101100
-386 0 *
Ve
1e-07
11 -31.15 196.5
0 0

0101101
*
Ed
 1e-07 1 1 0
1  76 0 0 6.28318530717959
2  152 16 0 0 6.28318530717959
2  153 35 39 0 6.28318530717959
0

0101100
+384 0 -384 0 *
Wi

0101100
-383 0 *
Ve
1e-07
11 -37.65 190
0 0

0101101
*
Ed
 1e-07 1 1 0
1  77 0 0 6.28318530717959
2  154 16 0 0 6.28318530717959
2  155 38 53 0 6.28318530717959
0

0101100
+381 0 -381 0 *
Wi

0101100
-380 0 *
Fa
0  1e-07 16 0

0101000
+394 0 +391 0 +388 0 +385 0 +382 0 +379 0 *
Ed
 0.0001 1 1 0
1  78 0 0 1
2  156 17 0 0 1
2  157 23 0 0 1
4 G1 17 0 23 0
0

0101000
+480 0 -494 0 *
Ed
 0.0001 1 1 1
2  158 17 0 0 1
0

0101000
+544 0 -544 0 *
Wi

0101100
-479 0 +377 0 -376 0 +493 0 *
Fa
0  0.0001 17 0

0101000
+375 0 *
Ve
1e-07
8 -0.60640731455387 195.807052218096
0 0

0101101
*
Ed
 1e-07 1 1 0
1  79 0 2 3
2  159 18 0 2 3
2  160 42 0 2 3
4 G1 18 0 42 0
0

0101000
+373 0 -405 0 *
Ed
 1e-07 1 1 0
1  80 0 0.594597369377812 15.1560716440587
2  161 18 0 0.594597369377812 15.1560716440587
2  162 23 0 0.594597369377812 15.1560716440587
4 G1 18 0 23 0
0

0101000
+494 0 -373 0 *
Wi

0101100
+404 2 +492 0 -372 0 -371 0 *
Fa
0  1e-07 18 0

0101000
+370 0 *
Ed
 1.5e-07 1 1 0
1  81 0 13 16
2  163 19 0 13 16
2  164 20 0 13 16
0

0101000
+486 0 -413 0 *
Wi

0101100
-485 0 +422 0 +368 0 -426 0 +412 2 *
Fa
0  1e-07 19 0

0101000
+367 0 *
Ve
1e-07
-20 36 210
0 0

0101101
*
Ve
1e-07
-20 -36 210
0 0

0101101
*
Ed
 1e-07 1 1 0
1  82 0 0 72
2  165 20 0 0 72
2  166 45 0 0 72
0

0101000
-365 0 +364 0 *
Ve
1e-07
20 36 210
0 0

0101101
*
Ed
 1e-07 1 1 0
1  83 0 0 40
2  167 20 0 0 40
2  168 46 0 0 40
0

0101000
-362 0 +365 0 *
Ve
1e-07
20 -36 210
0 0

0101101
*
Ed
 1e-07 1 1 0
1  84 0 0 40
2  169 20 0 0 40
2  170 47 0 0 40
0

0101000
-360 0 +364 0 *
Ed
 1e-07 1 1 0
1  85 0 0 72
2  171 20 0 0 72
2  172 48 0 0 72
0

0101000
-362 0 +360 0 *
Wi

0101100
-363 0 -361 0 +359 0 +358 0 *
Ed
 1.5e-07 1 1 0
1  86 0 -16.0000000000002 -13
2  173 20 0 -16.0000000000002 -13
2  174 21 0 -16.0000000000002 -13
0

0101000
+411 0 -484 0 *
Wi

0101100
-356 0 +483 0 -368 0 +410 0 *
Fa
0  1e-07 20 0

0101000
+357 0 +355 0 *
Ve
8.91071800351072e-05
9.00961111689738 33.9296151858278 203.579396030369
0 0

0101101
*
Ed
 8.91071800342381e-06 1 1 0
1  87 0 -0.737745111190252 2.97521059834551
2  175 21 0 -0.737745111190252 2.97521059834551
2  176 22 0 -0.737745111190252 2.97521059834551
4 G1 21 0 22 0
0

0101000
+482 0 -353 0 *
Ed
 1e-07 1 1 0
1  88 0 0 1
2  177 21 0 0 1
2  178 40 0 0 1
0

0101000
+353 0 -409 0 *
Wi

0101100
-481 0 +352 0 +356 0 +351 0 +408 2 *
Fa
0  1e-07 21 0

0101000
+350 0 *
Ve
1.58543652683387e-05
9.97100851197206 35.7362600214023 201.238059269902
0 0

0101101
*
Ed
 8.91071800342381e-06 1 1 0
1  89 0 0.402309650637889 5.92088066873346
2  179 22 0 0.402309650637889 5.92088066873346
2  180 24 0 0.402309650637889 5.92088066873346
4 G1 22 0 24 0
0

0101000
+478 0 -348 0 *
Ed
 8.91071800342381e-06 1 1 0
1  90 0 0 1
2  181 22 0 0 1
2  182 40 0 0 1
0

0101000
+348 0 -353 0 *
Wi

0101100
+477 0 -347 0 +352 0 -346 0 *
Fa
0  8.91071800342381e-06 22 0

0101000
+345 0 *
Ed
 1e-07 1 1 0
1  91 0 1.5707963267949 3.14159265358979
2  183 23 0 1.5707963267949 3.14159265358979
2  184 25 0 1.5707963267949 3.14159265358979
4 G1 23 0 25 0
0

0101000
+476 0 -373 0 *
Wi

0101100
-371 0 -377 0 +343 0 +475 0 *
Fa
0  1e-07 23 0

0101000
+342 0 *
Ve
1e-07
9.97100848914495 30 202.617394906513
0 0

0101101
*
Ve
1e-07
11 30 202
0 0

0101101
*
Ed
 1e-07 1 1 0
1  92 0 4.6309518948453 5.8309518948453
3  185 186CN 24 0 4.6309518948453 5.8309518948453
0

0101000
+340 0 -339 0 *
Ed
 1e-07 1 1 0
1  93 0 -0.126431120727378 0.345526860789635
2  187 24 0 -0.126431120727378 0.345526860789635
2  188 40 0 -0.126431120727378 0.345526860789635
4 G1 24 0 40 0
0

0101000
+348 0 -340 0 *
Ed
 1e-07 1 1 0
1  94 0 0 6.28318530717959
2  189 24 0 0 6.28318530717959
2  190 49 0 0 6.28318530717959
0

0101000
+339 0 -339 0 *
Ve
0.000616105927011153
9.97100848914494 17.4196346281464 189.034048998361
0 0

0101101
*
Ed
 1e-07 1 1 0
1  95 0 0 1.64742839524291
2  191 24 0 0 1.64742839524291
2  192 41 0 0 1.64742839524291
4 G1 24 0 41 0
0

0101000
+340 0 -335 0 *
Ve
1.00000036404482e-07
9 42.3905735808562 185.448770898165
0 0

0101101
*
Ed
 1e-07 1 1 0
1  96 0 0.885968963890982 1.05675419494021
2  193 24 0 0.885968963890982 1.05675419494021
2  194 26 0 0.885968963890982 1.05675419494021
0

0101000
+333 0 -474 0 *
Ed
 5.98359697712557e-06 1 1 0
1  97 0 -1.52477830916279 3.3236648820319
2  195 24 0 -1.52477830916279 3.3236648820319
2  196 43 0 -1.52477830916279 3.3236648820319
4 G1 24 0 43 0
0

0101000
+335 0 -464 0 *
Ve
1.00000031974423e-07
9 41.1352326853174 182.911516872854
0 0

0101101
*
Ed
 1e-07 1 1 0
1  98 0 4.14550471042138 4.36037383400648
2  197 24 0 4.14550471042138 4.36037383400648
2  198 50 2 4.14550471042138 4.36037383400648
0

0101000
+330 0 -333 0 *
Ed
 1e-07 1 1 0
1  99 0 -2.17081801982492 -2.03912049907815
2  199 24 0 -2.17081801982492 -2.03912049907815
2  200 28 0 -2.17081801982492 -2.03912049907815
0

0101000
+466 0 -330 0 *
Wi

0101100
+338 0 +337 0 -336 0 +347 0 -338 0 +473 0 +334 0 +332 0 +331 0 +329 0 
+462 0 +328 0 *
Fa
0  1e-07 24 0

0101000
+327 0 *
Ve
1e-07
8 0.606407314553918 195.807052218096
0 0

0101101
*
Ed
 1e-07 1 1 0
1  100 0 1.5707963267949 3.14159265358979
2  201 25 0 1.5707963267949 3.14159265358979
2  202 27 0 1.5707963267949 3.14159265358979
4 G1 25 0 27 0
0

0101000
+472 0 -325 0 *
Ed
 1e-07 1 1 0
1  101 0 0 0.616105562047554
2  203 25 0 0 0.616105562047554
2  204 42 0 0 0.616105562047554
4 G1 25 0 42 0
0

0101000
+325 0 -373 0 *
Wi

0101100
-324 0 +471 0 -323 0 +343 0 *
Fa
0  1e-07 25 0

0101000
+322 0 *
Ve
1.5e-07
9 44 182
0 0

0101101
*
Ed
 1e-07 1 1 0
1  102 0 0 3.80582108179948
2  205 26 3 0 3.80582108179948
2  206 50 0 0 3.80582108179948
0

0101000
+320 3 -333 3 *
Ed
 1e-07 1 1 0
1  103 0 0 3
2  207 26 0 0 3
2  208 28 0 0 3
0

0101000
+470 0 -320 0 *
Wi

0101100
-469 0 +332 0 +319 2 +318 0 *
Fa
0  1e-07 26 0

0101000
+317 0 *
Ve
0.0001
8 14.4824115458733 191.391959962677
0 0

0101101
*
Ed
 1e-07 1 1 0
1  104 0 0.636363636363662 15.1978379110195
2  209 27 0 0.636363636363662 15.1978379110195
2  210 44 0 0.636363636363662 15.1978379110195
4 G1 27 0 44 0
0

0101000
+325 0 -315 0 *
Ed
 0.0001 1 1 0
1  105 0 0 1
2  211 27 0 0 1
2  212 29 0 0 1
4 G1 27 0 29 0
0

0101000
+468 0 -315 0 *
Wi

0101100
-324 0 +467 0 -314 0 +313 0 *
Fa
0  1e-07 27 0

0101000
+312 0 *
Ed
 1e-07 1 1 0
1  106 0 43.1672996450415 46.1735855224608
2  213 28 3 43.1672996450415 46.1735855224608
2  214 50 0 43.1672996450415 46.1735855224608
0

0101000
+330 3 -320 3 *
Wi

0101100
-465 0 -318 0 +310 2 +328 0 *
Fa
0  1e-07 28 0

0101000
+309 0 *
Ed
 0.0001 1 1 1
2  215 29 0 0 1
0

0101000
+464 0 -464 0 *
Ed
 0.0001 1 1 0
1  107 0 0 1
2  216 29 0 0 1
2  217 43 0 0 1
4 G1 29 0 43 0
0

0101000
+315 0 -464 0 *
Wi

0101100
-463 0 +313 0 -307 0 +306 0 *
Fa
0  0.0001 29 0

0101000
+305 0 *
Ve
1e-07
11 31.15 196.5
0 0

0101101
*
Ed
 1e-07 1 1 0
1  108 0 0 6.28318530717959
2  218 30 9 0 6.28318530717959
2  219 49 0 0 6.28318530717959
0

0101100
+303 0 -303 0 *
Ed
 1e-07 1 1 0
1  109 0 3 8
3  220 221CN 30 0 3 8
0

0101000
+460 60 -303 60 *
Wi

0101100
-302 0 +301 9 +459 0 -301 9 *
Fa
0  1e-07 30 9

0101000
+300 0 *
Ve
1e-07
11 37.65 190
0 0

0101101
*
Ed
 1e-07 1 1 0
1  110 0 0 6.28318530717959
2  222 31 15 0 6.28318530717959
2  223 49 0 0 6.28318530717959
0

0101100
+298 0 -298 0 *
Ed
 1e-07 1 1 0
1  111 0 3 8
3  224 225CN 31 0 3 8
0

0101000
+457 61 -298 61 *
Wi

0101100
-297 0 +296 15 +456 0 -296 15 *
Fa
0  1e-07 31 15

0101000
+295 0 *
Ve
1.00000007105427e-07
11 33.2 190
0 0

0101101
*
Ed
 1e-07 1 1 0
1  112 0 0 6.28318530717959
2  226 32 21 0 6.28318530717959
2  227 49 0 0 6.28318530717959
0

0101100
+293 0 -293 0 *
Ed
 1e-07 1 1 0
1  113 0 3 8
3  228 229CN 32 0 3 8
0

0101000
+454 62 -293 62 *
Wi

0101100
-292 0 +291 21 +453 0 -291 21 *
Fa
0  1e-07 32 21

0101000
+290 0 *
Ve
1e-07
11 24.65 190
0 0

0101101
*
Ed
 1e-07 1 1 0
1  114 0 0 6.28318530717959
2  230 33 27 0 6.28318530717959
2  231 49 0 0 6.28318530717959
0

0101100
+288 0 -288 0 *
Ed
 1e-07 1 1 0
1  115 0 3 8
3  232 233CN 33 0 3 8
0

0101000
+451 63 -288 63 *
Wi

0101100
-287 0 +286 27 +450 0 -286 27 *
Fa
0  1e-07 33 27

0101000
+285 0 *
Ve
1e-07
11 31.15 183.5
0 0

0101101
*
Ed
 1e-07 1 1 0
1  116 0 0 6.28318530717959
2  234 34 33 0 6.28318530717959
2  235 49 0 0 6.28318530717959
0

0101100
+283 0 -283 0 *
Ed
 1e-07 1 1 0
1  117 0 3 8
3  236 237CN 34 0 3 8
0

0101000
+448 64 -283 64 *
Wi

0101100
-282 0 +281 33 +447 0 -281 33 *
Fa
0  1e-07 34 33

0101000
+280 0 *
Ed
 1e-07 1 1 0
1  118 0 3 8
3  238 239CN 35 0 3 8
0

0101000
+445 65 -384 65 *
Wi

0101100
-383 0 +278 39 +444 0 -278 39 *
Fa
0  1e-07 35 39

0101000
+277 0 *
Ed
 1e-07 1 1 0
1  119 0 3 8
3  240 241CN 36 0 3 8
0

0101000
+442 66 -393 66 *
Wi

0101100
-392 0 +275 45 +441 0 -275 45 *
Fa
0  1e-07 36 45

0101000
+274 0 *
Ed
 1e-07 1 1 0
1  120 0 3 8
3  242 243CN 37 0 3 8
0

0101000
+439 67 -387 67 *
Wi

0101100
-386 0 +272 49 +438 0 -272 49 *
Fa
0  1e-07 37 49

0101000
+271 0 *
Ed
 1e-07 1 1 0
1  121 0 3 8
3  244 245CN 38 0 3 8
0

0101000
+436 68 -381 68 *
Wi

0101100
-380 0 +269 53 +435 0 -269 53 *
Fa
0  1e-07 38 53

0101000
+268 0 *
Ed
 1e-07 1 1 0
1  122 0 3 8
3  246 247CN 39 0 3 8
0

0101000
+433 69 -390 69 *
Wi

0101100
-389 0 +266 59 +432 0 -266 59 *
Fa
0  1e-07 39 59

0101000
+265 0 *
Ed
 1e-07 1 1 0
1  123 0 3.68201215386038 4.71238898038468
2  248 40 0 3.68201215386038 4.71238898038468
2  249 41 0 3.68201215386038 4.71238898038468
4 G1 40 0 41 0
0

0101000
+340 0 -407 0 *
Wi

0101100
-346 0 +337 0 -351 0 +263 0 -406 0 *
Fa
0  1e-07 40 0

0101000
+262 0 *
Ed
 0.000431274148907807 1 1 0
1  124 0 0 1
2  250 41 0 0 1
2  251 43 0 0 1
0

0101000
+335 0 -403 0 *
Wi

0101100
-263 0 +334 0 -402 0 +260 0 *
Fa
0  1e-07 41 0

0101000
+259 0 *
Ed
 1e-07 1 1 0
1  125 0 2 3
2  252 42 0 2 3
2  253 44 0 2 3
4 G1 42 0 44 0
0

0101000
+325 0 -401 0 *
Wi

0101100
-372 0 -323 0 -400 0 +257 0 *
Fa
0  1e-07 42 0

0101000
+256 0 *
Ed
 5.98359697712557e-06 1 1 0
1  126 0 1.00044311870127 2.19327686973398
2  254 43 0 1.00044311870127 2.19327686973398
2  255 44 0 1.00044311870127 2.19327686973398
4 G1 43 0 44 0
0

0101000
+399 0 -315 0 *
Wi

0101100
-260 0 +331 0 -398 0 -306 0 -254 0 *
Fa
0  5.98359697712557e-06 43 0

0101000
+253 0 *
Wi

0101100
+397 2 +257 0 +254 0 -314 0 *
Fa
0  1e-07 44 0

0101000
+251 0 *
Ve
1e-07
-20 -36 272
0 0

0101101
*
Ed
 1e-07 1 1 0
1  127 0 0 62
2  256 45 0 0 62
2  257 47 0 0 62
0

0101000
-249 0 +364 0 *
Ve
1e-07
-20 36 272
0 0

0101101
*
Ed
 1e-07 1 1 0
1  128 0 0 72
2  258 45 0 0 72
2  259 51 0 0 72
0

0101000
-247 0 +249 0 *
Ed
 1e-07 1 1 0
1  129 0 0 62
2  260 45 0 0 62
2  261 46 0 0 62
0

0101000
-247 0 +365 0 *
Wi

0101100
-248 0 -246 0 +363 0 +245 0 *
Ve
1.5e-07
-20 25 223
0 0

0101101
*
Ve
1.5e-07
-20 -25 223
0 0

0101101
*
Ed
 1.5e-07 1 1 0
1  130 0 -55.5 -5.5
2  262 45 0 -55.5 -5.5
2  263 52 0 -55.5 -5.5
0

0101000
+243 0 -242 0 *
Ve
1.5e-07
-20 25 259
0 0

0101101
*
Ed
 1.5e-07 1 1 0
1  131 0 6.5 42.5
2  264 45 0 6.5 42.5
2  265 53 0 6.5 42.5
0

0101000
+243 0 -240 0 *
Ve
1.5e-07
-20 -25 259
0 0

0101101
*
Ed
 1.5e-07 1 1 0
1  132 0 -55.5 -5.5
2  266 45 0 -55.5 -5.5
2  267 54 0 -55.5 -5.5
0

0101000
+240 0 -238 0 *
Ed
 1.5e-07 1 1 0
1  133 0 6.5 42.5
2  268 45 0 6.5 42.5
2  269 55 0 6.5 42.5
0

0101000
+242 0 -238 0 *
Wi

0101100
+241 0 -239 0 -237 0 +236 0 *
Fa
0  1e-07 45 0

0101000
+244 0 +235 0 *
Ve
1e-07
20 36 272
0 0

0101101
*
Ed
 1e-07 1 1 0
1  134 0 0 62
2  270 46 0 0 62
2  271 48 0 0 62
0

0101000
-233 0 +362 0 *
Ed
 1e-07 1 1 0
1  135 0 0 40
2  272 46 0 0 40
2  273 51 0 0 40
0

0101000
-233 0 +247 0 *
Wi

0101100
-361 0 -232 0 +231 0 +245 0 *
Fa
0  1e-07 46 0

0111000
+230 0 *
Ve
1e-07
20 -36 272
0 0

0101101
*
Ed
 1e-07 1 1 0
1  136 0 0 62
2  274 47 0 0 62
2  275 48 0 0 62
0

0101000
-228 0 +360 0 *
Ed
 1e-07 1 1 0
1  137 0 0 40
2  276 47 0 0 40
2  277 51 0 0 40
0

0101000
-228 0 +249 0 *
Wi

0101100
-359 0 -227 0 +226 0 +248 0 *
Fa
0  1e-07 47 0

0111000
+225 0 *
Ed
 1e-07 1 1 0
1  138 0 0 72
2  278 48 0 0 72
2  279 51 0 0 72
0

0101000
-233 0 +228 0 *
Wi

0101100
-227 0 -223 0 +232 0 +358 0 *
Fa
0  1e-07 48 0

0111000
+222 0 *
Wi

0101100
+336 0 *
Wi

0101100
-297 0 *
Wi

0101100
-282 0 *
Wi

0101100
-292 0 *
Wi

0101100
-302 0 *
Wi

0101100
-287 0 *
Fa
0  1e-07 49 0

0101000
+220 0 +219 0 +218 0 +217 0 +216 0 +215 0 *
Wi

0101100
-329 0 +319 2 +310 2 *
Fa
0  1e-07 50 2

0101000
+213 0 *
Wi

0101100
-246 0 -231 0 +226 0 +223 0 *
Ve
1.5e-07
15 -18 272
0 0

0101101
*
Ve
1.5e-07
-15 -18 272
0 0

0101101
*
Ed
 1.5e-07 1 1 0
1  139 0 -32.5 -2.5
2  280 51 0 -32.5 -2.5
2  281 56 0 -32.5 -2.5
0

0101000
+210 0 -209 0 *
Ve
1.5e-07
15 18 272
0 0

0101101
*
Ed
 1.5e-07 1 1 0
1  140 0 9 45
2  282 51 0 9 45
2  283 57 0 9 45
0

0101000
+210 0 -207 0 *
Ve
1.5e-07
-15 18 272
0 0

0101101
*
Ed
 1.5e-07 1 1 0
1  141 0 -32.5 -2.5
2  284 51 0 -32.5 -2.5
2  285 58 0 -32.5 -2.5
0

0101000
+207 0 -205 0 *
Ed
 1.5e-07 1 1 0
1  142 0 9 45
2  286 51 0 9 45
2  287 59 0 9 45
0

0101000
+209 0 -205 0 *
Wi

0101100
+208 0 -206 0 -204 0 +203 0 *
Fa
0  1e-07 51 0

0101000
+211 0 +202 0 *
Ve
1.5e-07
-17.5 25 223
0 0

0101101
*
Ed
 1e-07 1 1 0
1  143 0 1 3.5
2  288 52 0 1 3.5
2  289 53 0 1 3.5
0

0101000
+243 0 -200 0 *
Ve
1.5e-07
-17.5 -25 223
0 0

0101101
*
Ed
 1.5e-07 1 1 0
1  144 0 -54.25 -4.25
2  290 52 0 -54.25 -4.25
2  291 60 0 -54.25 -4.25
0

0101000
+200 0 -198 0 *
Ed
 1e-07 1 1 0
1  145 0 1 3.5
2  292 52 0 1 3.5
2  293 55 0 1 3.5
0

0101000
+242 0 -198 0 *
Wi

0101100
-199 0 -197 0 +196 0 +241 0 *
Fa
0  1e-07 52 0

0101000
+195 0 *
Ve
1.5e-07
-17.5 25 259
0 0

0101101
*
Ed
 1.5e-07 1 1 0
1  146 0 5.25 41.25
2  294 53 0 5.25 41.25
2  295 60 0 5.25 41.25
0

0101000
+200 0 -193 0 *
Ed
 1e-07 1 1 0
1  147 0 1 3.5
2  296 53 0 1 3.5
2  297 54 0 1 3.5
0

0101000
+240 0 -193 0 *
Wi

0101100
-199 0 -192 0 +191 0 +239 0 *
Fa
0  1e-07 53 0

0101000
+190 0 *
Ve
1.5e-07
-17.5 -25 259
0 0

0101101
*
Ed
 1.5e-07 1 1 0
1  148 0 -54.25 -4.25
2  298 54 0 -54.25 -4.25
2  299 60 0 -54.25 -4.25
0

0101000
+193 0 -188 0 *
Ed
 1e-07 1 1 0
1  149 0 1 3.5
2  300 54 0 1 3.5
2  301 55 0 1 3.5
0

0101000
+238 0 -188 0 *
Wi

0101100
-191 0 -187 0 +186 0 +237 0 *
Fa
0  1e-07 54 0

0101000
+185 0 *
Ed
 1.5e-07 1 1 0
1  150 0 5.25 41.25
2  302 55 0 5.25 41.25
2  303 60 0 5.25 41.25
0

0101000
+198 0 -188 0 *
Wi

0101100
-196 0 -183 0 +186 0 +236 0 *
Fa
0  1e-07 55 0

0101000
+182 0 *
Ve
1e-07
15 -18 290
0 0

0101101
*
Ed
 1e-07 1 1 0
1  151 0 2 20
2  304 56 0 2 20
2  305 57 0 2 20
0

0101000
+210 0 -180 0 *
Ve
1e-07
-15 -18 290
0 0

0101101
*
Ed
 1e-07 1 1 0
1  152 0 0 30
2  306 56 0 0 30
2  307 61 0 0 30
0

0101000
-180 0 +178 0 *
Ed
 1e-07 1 1 0
1  153 0 2 20
2  308 56 0 2 20
2  309 59 0 2 20
0

0101000
+209 0 -178 0 *
Wi

0101100
-179 0 +177 0 +176 0 +208 0 *
Fa
0  1e-07 56 0

0101000
+175 0 *
Ve
1e-07
15 18 290
0 0

0101101
*
Ed
 1e-07 1 1 0
1  154 0 0 36
2  310 57 0 0 36
2  311 61 0 0 36
0

0101000
-173 0 +180 0 *
Ed
 1e-07 1 1 0
1  155 0 2 20
2  312 57 0 2 20
2  313 58 0 2 20
0

0101000
+207 0 -173 0 *
Wi

0101100
-179 0 +206 0 -172 0 +171 0 *
Ve
1.00000001776357e-07
15 9 286
0 0

0101101
*
Ed
 1e-07 1 1 0
1  156 0 0 6.28318530717959
2  314 57 0 0 6.28318530717959
2  315 62 0 0 6.28318530717959
0

0101100
+169 0 -169 0 *
Wi

0101100
-168 0 *
Ve
1.00000001776357e-07
15 -9 286
0 0

0101101
*
Ed
 1e-07 1 1 0
1  157 0 0 6.28318530717959
2  316 57 0 0 6.28318530717959
2  317 63 0 0 6.28318530717959
0

0101100
+166 0 -166 0 *
Wi

0101100
-165 0 *
Fa
0  1e-07 57 0

0101000
+170 0 +167 0 +164 0 *
Ve
1e-07
-15 18 290
0 0

0101101
*
Ed
 1e-07 1 1 0
1  158 0 0 30
2  318 58 0 0 30
2  319 61 0 0 30
0

0101000
-173 0 +162 0 *
Ed
 1e-07 1 1 0
1  159 0 2 20
2  320 58 0 2 20
2  321 59 0 2 20
0

0101000
+205 0 -162 0 *
Wi

0101100
-171 0 +161 0 +160 0 +204 0 *
Fa
0  1e-07 58 0

0101000
+159 0 *
Ed
 1e-07 1 1 0
1  160 0 0 36
2  322 59 0 0 36
2  323 61 0 0 36
0

0101000
-162 0 +178 0 *
Wi

0101100
-176 0 -157 0 +160 0 +203 0 *
Fa
0  1e-07 59 0

0101000
+156 0 *
Ve
1e-07
-17.5 -33.5 269.5
0 0

0101101
*
Ve
1e-07
-17.5 -33.5 212.5
0 0

0101101
*
Ed
 1e-07 1 1 0
1  161 0 0 57
2  324 60 0 0 57
2  325 64 0 0 57
0

0101000
-154 0 +153 0 *
Ve
1e-07
-17.5 33.5 269.5
0 0

0101101
*
Ed
 1e-07 1 1 0
1  162 0 0 67
2  326 60 0 0 67
2  327 65 0 0 67
0

0101000
-151 0 +154 0 *
Ve
1e-07
-17.5 33.5 212.5
0 0

0101101
*
Ed
 1e-07 1 1 0
1  163 0 0 67
2  328 60 0 0 67
2  329 66 0 0 67
0

0101000
-149 0 +153 0 *
Ed
 1e-07 1 1 0
1  164 0 0 57
2  330 60 0 0 57
2  331 67 0 0 57
0

0101000
-151 0 +149 0 *
Wi

0101100
-152 0 -150 0 +148 0 +147 0 *
Wi

0101100
+197 0 -192 0 -187 0 +183 0 *
Fa
0  1e-07 60 0

0101000
+146 0 +145 0 *
Wi

0101100
-157 0 -161 0 +172 0 +177 0 *
Fa
0  1e-07 61 0

0111000
+143 0 *
Ve
1e-07
8 9 286
0 0

0101101
*
Ed
 1e-07 1 1 0
1  165 0 0 7
3  332 333CN 62 0 0 7
0

0101000
+141 0 -169 0 *
Ed
 1e-07 1 1 0
1  166 0 0 6.28318530717959
2  334 62 0 0 6.28318530717959
2  335 68 0 0 6.28318530717959
0

0101000
+141 0 -141 0 *
Wi

0101100
-168 0 +140 0 +139 0 -140 0 *
Fa
0  1e-07 62 0

0101000
+138 0 *
Ve
1e-07
8 -9 286
0 0

0101101
*
Ed
 1e-07 1 1 0
1  167 0 0 7
3  336 337CN 63 0 0 7
0

0101000
+136 0 -166 0 *
Ed
 1e-07 1 1 0
1  168 0 0 6.28318530717959
2  338 63 0 0 6.28318530717959
2  339 69 0 0 6.28318530717959
0

0101000
+136 0 -136 0 *
Wi

0101100
-165 0 +135 0 +134 0 -135 0 *
Fa
0  1e-07 63 0

0101000
+133 0 *
Ve
1e-07
17.5 -33.5 212.5
0 0

0101101
*
Ed
 1e-07 1 1 0
1  169 0 0 35
2  340 64 0 0 35
2  341 66 0 0 35
0

0101000
-131 0 +153 0 *
Ve
1e-07
17.5 -33.5 269.5
0 0

0101101
*
Ed
 1e-07 1 1 0
1  170 0 0 57
2  342 64 0 0 57
2  343 70 0 0 57
0

0101000
-129 0 +131 0 *
Ed
 1e-07 1 1 0
1  171 0 0 35
2  344 64 0 0 35
2  345 65 0 0 35
0

0101000
-129 0 +154 0 *
Wi

0101100
-130 0 -128 0 +127 0 +152 0 *
Fa
0  1e-07 64 0

0111000
+126 0 *
Ve
1e-07
17.5 33.5 269.5
0 0

0101101
*
Ed
 1e-07 1 1 0
1  172 0 0 35
2  346 65 0 0 35
2  347 67 0 0 35
0

0101000
-124 0 +151 0 *
Ed
 1e-07 1 1 0
1  173 0 0 67
2  348 65 0 0 67
2  349 70 0 0 67
0

0101000
-124 0 +129 0 *
Wi

0101100
-150 0 -123 0 +122 0 +127 0 *
Fa
0  1e-07 65 0

0111000
+121 0 *
Ve
1e-07
17.5 33.5 212.5
0 0

0101101
*
Ed
 1e-07 1 1 0
1  174 0 0 35
2  350 66 0 0 35
2  351 67 0 0 35
0

0101000
-119 0 +149 0 *
Ed
 1e-07 1 1 0
1  175 0 0 67
2  352 66 0 0 67
2  353 70 0 0 67
0

0101000
-119 0 +131 0 *
Wi

0101100
-148 0 -118 0 +117 0 +130 0 *
Fa
0  1e-07 66 0

0111000
+116 0 *
Ed
 1e-07 1 1 0
1  176 0 0 57
2  354 67 0 0 57
2  355 70 0 0 57
0

0101000
-124 0 +119 0 *
Wi

0101100
-118 0 -114 0 +123 0 +147 0 *
Fa
0  1e-07 67 0

0111000
+113 0 *
Wi

0101100
-139 0 *
Fa
0  1e-07 68 0

0111000
-111 0 *
Wi

0101100
-134 0 *
Fa
0  1e-07 69 0

0111000
-109 0 *
Wi

0101100
-128 0 -122 0 +114 0 +117 0 *
Fa
0  1e-07 70 0

0111000
+107 0 *
Sh

0101100
-551 0 +529 0 +522 0 -515 0 -511 0 +509 0 -502 0 +497 0 +490 0 +430 0 
-423 0 +420 0 +417 0 +414 0 +395 0 +378 0 +374 0 -369 0 -366 0 -354 0 
-349 0 +344 0 +341 0 +326 0 -321 0 -316 0 +311 0 -308 0 -304 0 -299 0 
-294 0 -289 0 -284 0 -279 0 -276 0 -273 0 -270 0 -267 0 -264 0 -261 0 
-258 0 +255 0 -252 0 -250 0 -234 0 +229 0 -224 0 +221 0 +214 0 +212 0 
+201 0 +194 0 -189 0 -184 0 +181 0 -174 0 +163 0 +158 0 -155 0 +144 0 
+142 0 -137 0 -132 0 +125 0 -120 0 +115 0 -112 0 +110 0 +108 0 -106 0 
*
So

0100000
+105 0 *
Ve
1e-07
-12.7 -31.25 218
0 0

0101101
*
Ve
1e-07
-12.7 -31.25 215
0 0

0101101
*
Ed
 1e-07 1 1 0
1  177 0 0 3
2  356 71 0 0 3
2  357 72 0 0 3
0

0101000
-103 0 +102 0 *
Ve
1e-07
-12.7 31.25 218
0 0

0101101
*
Ed
 1e-07 1 1 0
1  178 0 0 62.5
2  358 71 0 0 62.5
2  359 73 0 0 62.5
0

0101000
-100 0 +103 0 *
Ve
1e-07
-12.7 31.25 215
0 0

0101101
*
Ed
 1e-07 1 1 0
1  179 0 0 3
2  360 71 0 0 3
2  361 74 0 0 3
0

0101000
-100 0 +98 0 *
Ed
 1e-07 1 1 0
1  180 0 0 62.5
2  362 71 0 0 62.5
2  363 75 0 0 62.5
0

0101000
-98 0 +102 0 *
Wi

0101100
-101 0 -99 0 +97 0 +96 0 *
Fa
0  1e-07 71 0

0111000
+95 0 *
Ve
1e-07
12.7 -31.25 218
0 0

0101101
*
Ve
1e-07
12.7 -31.25 215
0 0

0101101
*
Ed
 1e-07 1 1 0
1  181 0 0 3
2  364 76 0 0 3
2  365 72 0 0 3
0

0101000
-93 0 +92 0 *
Ve
1e-07
12.7 31.25 218
0 0

0101101
*
Ed
 1e-07 1 1 0
1  182 0 0 62.5
2  366 76 0 0 62.5
2  367 73 0 0 62.5
0

0101000
-90 0 +93 0 *
Ve
1e-07
12.7 31.25 215
0 0

0101101
*
Ed
 1e-07 1 1 0
1  183 0 0 3
2  368 76 0 0 3
2  369 74 0 0 3
0

0101000
-90 0 +88 0 *
Ed
 1e-07 1 1 0
1  184 0 0 62.5
2  370 76 0 0 62.5
2  371 75 0 0 62.5
0

0101000
-88 0 +92 0 *
Wi

0101100
-91 0 -89 0 +87 0 +86 0 *
Fa
0  1e-07 76 0

0111000
+85 0 *
Ed
 1e-07 1 1 0
1  185 0 0 25.4
2  372 72 0 0 25.4
2  373 75 0 0 25.4
0

0101000
-92 0 +102 0 *
Ed
 1e-07 1 1 0
1  186 0 0 25.4
2  374 72 0 0 25.4
2  375 73 0 0 25.4
0

0101000
-93 0 +103 0 *
Wi

0101100
-83 0 -91 0 +82 0 +101 0 *
Fa
0  1e-07 72 0

0111000
+81 0 *
Ed
 1e-07 1 1 0
1  187 0 0 25.4
2  376 74 0 0 25.4
2  377 75 0 0 25.4
0

0101000
-88 0 +98 0 *
Ed
 1e-07 1 1 0
1  188 0 0 25.4
2  378 74 0 0 25.4
2  379 73 0 0 25.4
0

0101000
-90 0 +100 0 *
Wi

0101100
-79 0 -87 0 +78 0 +97 0 *
Fa
0  1e-07 74 0

0111000
+77 0 *
Wi

0101100
-96 0 -79 0 +86 0 +83 0 *
Fa
0  1e-07 75 0

0111000
+75 0 *
Wi

0101100
-99 0 -78 0 +89 0 +82 0 *
Fa
0  1e-07 73 0

0111000
+73 0 *
Sh

0101100
-94 0 +84 0 -80 0 +76 0 -74 0 +72 0 *
So

0100000
+71 0 *
Ve
1e-07
-12.7 -31.5 228
0 0

0101101
*
Ve
1e-07
-12.7 -31.5 223
0 0

0101101
*
Ed
 1e-07 1 1 0
1  189 0 0 5
2  380 77 0 0 5
2  381 78 0 0 5
0

0101000
-69 0 +68 0 *
Ve
1e-07
-12.7 31.5 228
0 0

0101101
*
Ed
 1e-07 1 1 0
1  190 0 0 63
2  382 77 0 0 63
2  383 79 0 0 63
0

0101000
-66 0 +69 0 *
Ve
1e-07
-12.7 31.5 223
0 0

0101101
*
Ed
 1e-07 1 1 0
1  191 0 0 5
2  384 77 0 0 5
2  385 80 0 0 5
0

0101000
-66 0 +64 0 *
Ed
 1e-07 1 1 0
1  192 0 0 63
2  386 77 0 0 63
2  387 81 0 0 63
0

0101000
-64 0 +68 0 *
Wi

0101100
-67 0 -65 0 +63 0 +62 0 *
Fa
0  1e-07 77 0

0111000
+61 0 *
Ve
1e-07
12.7 -31.5 228
0 0

0101101
*
Ve
1e-07
12.7 -31.5 223
0 0

0101101
*
Ed
 1e-07 1 1 0
1  193 0 0 5
2  388 82 0 0 5
2  389 78 0 0 5
0

0101000
-59 0 +58 0 *
Ve
1e-07
12.7 31.5 228
0 0

0101101
*
Ed
 1e-07 1 1 0
1  194 0 0 63
2  390 82 0 0 63
2  391 79 0 0 63
0

0101000
-56 0 +59 0 *
Ve
1e-07
12.7 31.5 223
0 0

0101101
*
Ed
 1e-07 1 1 0
1  195 0 0 5
2  392 82 0 0 5
2  393 80 0 0 5
0

0101000
-56 0 +54 0 *
Ed
 1e-07 1 1 0
1  196 0 0 63
2  394 82 0 0 63
2  395 81 0 0 63
0

0101000
-54 0 +58 0 *
Wi

0101100
-57 0 -55 0 +53 0 +52 0 *
Fa
0  1e-07 82 0

0111000
+51 0 *
Ed
 1e-07 1 1 0
1  197 0 0 25.4
2  396 78 0 0 25.4
2  397 81 0 0 25.4
0

0101000
-58 0 +68 0 *
Ed
 1e-07 1 1 0
1  198 0 0 25.4
2  398 78 0 0 25.4
2  399 79 0 0 25.4
0

0101000
-59 0 +69 0 *
Wi

0101100
-49 0 -57 0 +48 0 +67 0 *
Fa
0  1e-07 78 0

0111000
+47 0 *
Ed
 1e-07 1 1 0
1  199 0 0 25.4
2  400 80 0 0 25.4
2  401 81 0 0 25.4
0

0101000
-54 0 +64 0 *
Ed
 1e-07 1 1 0
1  200 0 0 25.4
2  402 80 0 0 25.4
2  403 79 0 0 25.4
0

0101000
-56 0 +66 0 *
Wi

0101100
-45 0 -53 0 +44 0 +63 0 *
Fa
0  1e-07 80 0

0111000
+43 0 *
Wi

0101100
-62 0 -45 0 +52 0 +49 0 *
Fa
0  1e-07 81 0

0111000
+41 0 *
Wi

0101100
-65 0 -44 0 +55 0 +48 0 *
Fa
0  1e-07 79 0

0111000
+39 0 *
Sh

0101100
-60 0 +50 0 -46 0 +42 0 -40 0 +38 0 *
So

0100000
+37 0 *
Ve
1e-07
-15 -27.5 252
0 0

0101101
*
Ve
1e-07
-15 -27.5 237
0 0

0101101
*
Ed
 1e-07 1 1 0
1  201 0 0 15
2  404 83 0 0 15
2  405 84 0 0 15
0

0101000
-35 0 +34 0 *
Ve
1e-07
-15 27.5 252
0 0

0101101
*
Ed
 1e-07 1 1 0
1  202 0 0 55
2  406 83 0 0 55
2  407 85 0 0 55
0

0101000
-32 0 +35 0 *
Ve
1e-07
-15 27.5 237
0 0

0101101
*
Ed
 1e-07 1 1 0
1  203 0 0 15
2  408 83 0 0 15
2  409 86 0 0 15
0

0101000
-32 0 +30 0 *
Ed
 1e-07 1 1 0
1  204 0 0 55
2  410 83 0 0 55
2  411 87 0 0 55
0

0101000
-30 0 +34 0 *
Wi

0101100
-33 0 -31 0 +29 0 +28 0 *
Fa
0  1e-07 83 0

0111000
+27 0 *
Ve
1e-07
15 -27.5 252
0 0

0101101
*
Ve
1e-07
15 -27.5 237
0 0

0101101
*
Ed
 1e-07 1 1 0
1  205 0 0 15
2  412 88 0 0 15
2  413 84 0 0 15
0

0101000
-25 0 +24 0 *
Ve
1e-07
15 27.5 252
0 0

0101101
*
Ed
 1e-07 1 1 0
1  206 0 0 55
2  414 88 0 0 55
2  415 85 0 0 55
0

0101000
-22 0 +25 0 *
Ve
1e-07
15 27.5 237
0 0

0101101
*
Ed
 1e-07 1 1 0
1  207 0 0 15
2  416 88 0 0 15
2  417 86 0 0 15
0

0101000
-22 0 +20 0 *
Ed
 1e-07 1 1 0
1  208 0 0 55
2  418 88 0 0 55
2  419 87 0 0 55
0

0101000
-20 0 +24 0 *
Wi

0101100
-23 0 -21 0 +19 0 +18 0 *
Fa
0  1e-07 88 0

0111000
+17 0 *
Ed
 1e-07 1 1 0
1  209 0 0 30
2  420 84 0 0 30
2  421 87 0 0 30
0

0101000
-24 0 +34 0 *
Ed
 1e-07 1 1 0
1  210 0 0 30
2  422 84 0 0 30
2  423 85 0 0 30
0

0101000
-25 0 +35 0 *
Wi

0101100
-15 0 -23 0 +14 0 +33 0 *
Fa
0  1e-07 84 0

0111000
+13 0 *
Ed
 1e-07 1 1 0
1  211 0 0 30
2  424 86 0 0 30
2  425 87 0 0 30
0

0101000
-20 0 +30 0 *
Ed
 1e-07 1 1 0
1  212 0 0 30
2  426 86 0 0 30
2  427 85 0 0 30
0

0101000
-22 0 +32 0 *
Wi

0101100
-11 0 -19 0 +10 0 +29 0 *
Fa
0  1e-07 86 0

0111000
+9 0 *
Wi

0101100
-28 0 -11 0 +18 0 +15 0 *
Fa
0  1e-07 87 0

0111000
+7 0 *
Wi

0101100
-31 0 -10 0 +21 0 +14 0 *
Fa
0  1e-07 85 0

0111000
+5 0 *
Sh

0101100
-26 0 +16 0 -12 0 +8 0 -6 0 +4 0 *
So

0100000
+3 0 *
Co

1100000
+104 0 +70 0 +36 0 +2 0 *

+1 1 