DBRep_DrawableShape

CASCADE Topology V1, (c) Matra-Datavision
Locations 69
1
              1               0               0              -0 
              0               1               0              -0 
              0               0               1            -219 
1
              1               0               0               3 
              0               1               0               0 
              0               0               1               0 
2  2 -1 0
1
1.11022302462516e-16               0               1               0 
              0               1               0               0 
             -1               0 1.11022302462516e-16               0 
1
              1               0               0               0 
              0               1               0               0 
              0               0               1               0 
1
              1               0               0               0 
              0 1.11022302462516e-16              -1               0 
              0               1 1.11022302462516e-16               0 
1
              1               0               0               0 
              0               1               0               0 
              0               0               1               0 
1
              1               0               0               0 
              0               1               0              30 
              0               0               1             168 
2  4 1 5 1 6 1 7 1 8 1 0
1
1.11022302462516e-16               0               1               0 
              0               1               0               0 
             -1               0 1.11022302462516e-16               0 
1
              1               0               0               0 
              0               1               0               0 
              0               0               1               0 
1
              1               0               0               0 
              0 1.11022302462516e-16              -1               0 
              0               1 1.11022302462516e-16               0 
1
              1               0               0               0 
              0               1               0               0 
              0               0               1               0 
1
              1               0               0               0 
              0               1               0              30 
              0               0               1             168 
2  10 1 11 1 12 1 13 1 14 1 0
1
1.11022302462516e-16               0               1               0 
              0               1               0               0 
             -1               0 1.11022302462516e-16               0 
1
              1               0               0               0 
              0               1               0               0 
              0               0               1               0 
1
              1               0               0               0 
              0 1.11022302462516e-16              -1               0 
              0               1 1.11022302462516e-16               0 
1
              1               0               0               0 
              0               1               0               0 
              0               0               1               0 
1
              1               0               0               0 
              0               1               0              30 
              0               0               1             168 
2  16 1 17 1 18 1 19 1 20 1 0
1
1.11022302462516e-16               0               1               0 
              0               1               0               0 
             -1               0 1.11022302462516e-16               0 
1
              1               0               0               0 
              0               1               0               0 
              0               0               1               0 
1
              1               0               0               0 
              0 1.11022302462516e-16              -1               0 
              0               1 1.11022302462516e-16               0 
1
              1               0               0               0 
              0               1               0               0 
              0               0               1               0 
1
              1               0               0               0 
              0               1               0              30 
              0               0               1             168 
2  22 1 23 1 24 1 25 1 26 1 0
1
1.11022302462516e-16               0               1               0 
              0               1               0               0 
             -1               0 1.11022302462516e-16               0 
1
              1               0               0               0 
              0               1               0               0 
              0               0               1               0 
1
              1               0               0               0 
              0 1.11022302462516e-16              -1               0 
              0               1 1.11022302462516e-16               0 
1
              1               0               0               0 
              0               1               0               0 
              0               0               1               0 
1
              1               0               0               0 
              0               1               0              30 
              0               0               1             168 
2  28 1 29 1 30 1 31 1 32 1 0
1
1.11022302462516e-16               0               1               0 
              0               1               0               0 
             -1               0 1.11022302462516e-16               0 
1
              1               0               0               0 
              0               1               0               0 
              0               0               1               0 
1
              1               0               0               0 
              0 1.11022302462516e-16               1               0 
              0              -1 1.11022302462516e-16               0 
1
              1               0               0               0 
              0               1               0               0 
              0               0               1               0 
1
              1               0               0               0 
              0               1               0             -30 
              0               0               1             168 
2  34 1 35 1 36 1 37 1 38 1 0
1
1.11022302462516e-16               0               1               0 
              0               1               0               0 
             -1               0 1.11022302462516e-16               0 
1
              1               0               0               0 
              0               1               0               0 
              0               0               1               0 
1
              1               0               0               0 
              0 1.11022302462516e-16               1               0 
              0              -1 1.11022302462516e-16               0 
1
              1               0               0               0 
              0               1               0               0 
              0               0               1               0 
1
              1               0               0               0 
              0               1               0             -30 
              0               0               1             168 
2  40 1 41 1 42 1 43 1 44 1 0
1
              1               0               0               0 
              0 1.11022302462516e-16               1               0 
              0              -1 1.11022302462516e-16               0 
1
              1               0               0               0 
              0               1               0               0 
              0               0               1               0 
1
              1               0               0               0 
              0               1               0             -30 
              0               0               1             168 
2  16 1 17 1 46 1 47 1 48 1 0
1
              1               0               0               0 
              0 1.11022302462516e-16               1               0 
              0              -1 1.11022302462516e-16               0 
1
              1               0               0               0 
              0               1               0               0 
              0               0               1               0 
1
              1               0               0               0 
              0               1               0             -30 
              0               0               1             168 
2  10 1 11 1 50 1 51 1 52 1 0
1
1.11022302462516e-16               0               1               0 
              0               1               0               0 
             -1               0 1.11022302462516e-16               0 
1
              1               0               0               0 
              0               1               0               0 
              0               0               1               0 
1
              1               0               0               0 
              0 1.11022302462516e-16               1               0 
              0              -1 1.11022302462516e-16               0 
1
              1               0               0               0 
              0               1               0               0 
              0               0               1               0 
1
              1               0               0               0 
              0               1               0             -30 
              0               0               1             168 
2  54 1 55 1 56 1 57 1 58 1 0
2  8 -1 7 -1 6 -1 5 -1 4 -1 0
2  14 -1 13 -1 12 -1 11 -1 10 -1 0
2  20 -1 19 -1 18 -1 17 -1 16 -1 0
2  26 -1 25 -1 24 -1 23 -1 22 -1 0
2  32 -1 31 -1 30 -1 29 -1 28 -1 0
2  38 -1 37 -1 36 -1 35 -1 34 -1 0
2  44 -1 43 -1 42 -1 41 -1 40 -1 0
2  48 -1 47 -1 46 -1 17 -1 16 -1 0
2  52 -1 51 -1 50 -1 11 -1 10 -1 0
2  58 -1 57 -1 56 -1 55 -1 54 -1 0
Curve2ds 427
8 2.0249102847449341 2.1708180198249285
5 15.766590178401239 -24.999999999999996 0 1 -1 0 5.6309250637147077 3.378555038228825
8 2.0249102847449341 2.1708180198249285
7 0 0  5 6 2  2.1413428052527799 3.8484282505983436  2.1337704962900905 3.1352462570596895  2.1264649406037708 2.3951268621823227  2.1194145124002128 1.6268047659608944  2.1126081545212694 0.82891931977318811  2.1060353903416549 2.0106417187913878e-14 
 2.0249102847449341 6 2.1708180198249285 6
3 2.7199602779411314 -2 -1 -0 -0 1 2.71996027794113 2
7 0 0  5 6 2  1.1102230246251565e-16 1.4035854405573644  0.20655066132467864 1.4035854405573605  0.41309997236710094 1.3053401651086305  0.61965240255448173 1.10844182972568  0.82620264529872467 0.83180241735532012  1.0327533066234009 0.50483975239343704 
 0 6 1.0327533066233965 6
7 0 0  4 5 2  3.0062858774192822 -3  3.1570019534186362 -3.2428261354545382  3.3078443652166793 -3.4856052793428356  3.458821867892572 -3.7283340895701533  3.6099450786807115 -3.971008489144948 
 0 5 1 5
7 0 0  4 5 2  2.1376805967650192 3.4985711372737738  2.1406030173224693 3.7817526402030262  2.1436139092120743 4.0648793411952502  2.1467193023057796 4.3479473448390848  2.1499264781935472 4.6309518948453032 
 0 5 1 5
1 0 0 0 -1 
1 33.105890714493697 0 0 -1 
7 0 0  5 18 5  3.6099450786807044 -3.9710084891449497  3.5483099020314532 -3.8720344175378281  3.4794050890957484 -3.7775258280977386  3.4037346986415118 -3.6881513799982741  3.3218848315979423 -3.6044773918851671  3.1803090809846757 -3.4789329759414853  3.1239932599334859 -3.4332585110751799  3.0656985791596894 -3.3900720929159105  3.0055826195320203 -3.3494732963281479  2.7980443419838781 -3.2220585687734111  2.6430451860284485 -3.1474552647963558  2.4809579399205983 -3.0888704773845506  2.3140435670776407 -3.0470308195528264  2.0837591169707901 -3.0133862909013738  2.0225603065968247 -3.0066988188758867  1.9611469572063041 -3.0022337044133067  1.8996277379966819 -3  1.8381120115599945 -3 
 0 6 0.27709817211074267 4 0.44890804496544523 4 0.85431740303418002 4 1 6
7 0 0  5 18 5  0.22711500502044402 3.6820121538603763  0.22580696735133365 3.7397234588981862  0.22436004000650378 3.797328917983537  0.22279184374713257 3.8548207135162973  0.22112189917357128 3.9122046580331089  0.2182826580080377 4.0050042048276273  0.21716421379075079 4.0404826047499087  0.21601855581060825 4.0759246312406834  0.21485011748093985 4.1113332108833962  0.21086248081384529 4.230193002642487  0.20795873145686805 4.3135089748837263  0.20500835319208477 4.3967035309146398  0.20206028021479039 4.479844842494999  0.19811034032342967 4.5928600137258533  0.19707162228833131 4.6227358597634929  0.19604021822959972 4.6526143248330101  0.1950178442134014 4.6824979083059572  0.19400607728239727 4.7123889803846915 
 0 6 0.27709817211074267 4 0.44890804496544523 4 0.85431740303418002 4 1 6
1 0 -3 1 0 
1 -15.737661989205748 44 0.30320365727694698 -0.95292578001326189 
1 6.2831853071795862 -0 0 1 
1 0 -0 0 1 
1 4.7616102724689346 4.6309518948453032 1 0 
1 0 3.6820121538603781 1 0 
1 0 4.6985711369071836 1 0 
1 0 0.54041950027058538 1 0 
7 0 0  6 7 2  4.6928350300050488 -4.4408920985006262e-16  4.6839798537781316 0.84653778371769817  4.6748798138798131 1.6604958482125267  4.6655224600780976 2.4440586367805102  4.6558931775939092 3.1992148866880212  4.6459777552119883 3.9276268604030253  4.6357569298723504 4.6309519156278096 
 0.20312925702861578 7 5.0515715186811452 7
1 0 0 0 1 
1 0 0 1 0 
2 4.3469403767134338 30.000000000000004 -1 0 0 1 15
1 0 4.6309518948453041 1 0 
1 0 3.6820121538603785 1 0 
7 0 0  7 14 3  2.1086790582173638 0.32953463884271583  2.1147391019558266 0.28644560828955345  2.1209238297881119 0.24554179737888024  2.1272373440916761 0.20703216658091247  2.1336830377136451 0.17117614350407195  2.1402638144807473 0.13828700372263872  2.1469825777050597 0.10874038371408754  2.1596545702336951 0.061207509486167301  2.1655631204282999 0.04216055962540128  2.1715708095320072 0.026144788607835721  2.1776737694573329 0.013506187065048598  2.1838626832797936 0.004646294312389756  2.1901221948560905 7.7099057304958335e-14  2.1964298873157877 7.5856028481675074e-14 
 0.6363834285505755 8 0.83326102127593193 6 1 8
7 0 0  7 14 3  1.0327533101390174 0.5048397507828104  1.0688037068405511 0.57365350592752828  1.1055665504488839 0.64222570155641179  1.1431243616414135 0.71044672001971632  1.1815632577061772 0.77817256193504847  1.2209778041654797 0.84522428933563254  1.2614784410839952 0.9113872104201256  1.3385560776398695 1.0314724099691579  1.3747577378771401 1.0856761485702324  1.4118974183880546 1.1388551781680598  1.4500367673740606 1.1907722331557615  1.4892208366492794 1.2411201291798781  1.5294750219560638 1.2895325270236113  1.5707963267948966 1.3356006342458819 
 0.6363834285505755 8 0.83326102127593193 6 1 8
7 0 0  7 8 2  0.47195797392959915 4.6309519214375801  0.44638764286139077 4.075505871089204  0.4214861231889715 3.4875104404563158  0.39721402707313175 2.8653942383483599  0.37354706081667177 2.2074879128245226  0.3504724931561129 1.5121731248842176  0.32796640448240982 0.77719257198271785  0.30600927472709821 -1.4333196012544488e-07 
 -2.0772270001823614 8 3.4413441209701001 8
1 0 0 0 1 
1 0 0 1 0 
2 4.3469403767134338 30.000000000000004 -1 0 0 1 15
7 0 0  7 8 2  1.9623290642551834 4.9881339784653485e-16  1.940371995411766 0.77719038049871403  1.9178659574583932 1.5121683782918203  1.8947912441461947 2.2074882287454529  1.8711243532619253 2.8653945863945398  1.8468524315462116 3.4875055380764071  1.8219506930768241 4.075504689815193  1.796380397914308 4.6309518758018857 
 0.40230887645108659 8 5.9208764475380944 8
1 0 0 0 1 
1 1.9228114731731027 4.6309518948453032 1 0 
1 0 3.6820121538603763 1 0 
1 0 0 0 1 
1 31.702305273936304 -2 1 0 
7 0 0  5 6 2  1.5707963267948966 -0.25687333561659637  1.2566370614359663 -0.25687333561659509  0.94247779956981925 -0.25687333561659798  0.62831852722501846 -0.25687333561659564  0.31415926535899924 -0.25687333561659648  1.1102230246251565e-16 -0.25687333561659637 
 0 6 1 6
1 0 0 1 0 
1 1.5707963267948966 0 0 1 
1 11.920805845599745 41.594077837847387 0.90618313999526545 0.42288546533112387 
1 0 -3 1 0 
1 14.262338010794252 30 -0.90618313999526545 0.42288546533112387 
7 0 0  7 8 2  33.074767181143947 8.8817841970012523e-15  32.23105762767662 -1.0658901556135483  31.42863903045609 -2.0456410360414119  30.662374765451631 -2.9464983368341318  29.925678018776136 -3.7768483129764814  29.21558220371826 -4.5399114441448711  28.52739588146056 -5.2405423660262018  27.856653770434363 -5.8818940245597275 
 -0.73773616420171007 8 7.527411752202867 8
1 8.2651479164045778 0 0 1 
7 0 0  4 5 2  30.579671789009982 -3.0096111078961534  30.6442598201841 -3.0048263993913227  30.708955936852767 -3.001616395964676  30.773700981153226 -3  30.838432194116457 -3 
 0 5 1 5
7 0 0  4 5 2  0.063840792447456204 4.6143134199280036  0.066847637097314963 4.6387455395977586  0.069831930959848909 4.6632258718430908  0.072791136557871963 4.6877690030858483  0.075722856694973473 4.7123889803846915 
 0 5 1 5
7 0 0  10 56 7  -0.12643106887455602 3.6820121538603767  -0.12642508074275874 3.6820776995093687  -0.12624441281402168 3.6835871368206825  -0.12232438316088637 3.6955839817466747  -0.12793600447491557 3.6793630740527314  -0.11970549554720171 3.7045688532145382  -0.12507016108893371 3.6890117188017819  -0.12112999480928782 3.7013371707450715  -0.12152232564263528 3.7007025736963515  -0.12066166249156943 3.7038111535422331  -0.11928822757229036 3.7089959311720584  -0.11860141785980921 3.7115909008829959  -0.11791449223839025 3.7141886060366445  -0.1172274270519426 3.7167892011801027  -0.11654019864438513 3.7193928408602055  -0.11585278335960618 3.7219996796235217  -0.11516515754154086 3.7246098720176084  -0.11447729753407437 3.7272235725885627  -0.11378917968113167 3.7298409358838658  -0.11172398161757943 3.7377044775826049  -0.11034719938228531 3.7429574007601123  -0.10897044555871413 3.7482210920776682  -0.10759373208485047 3.7534957576299535  -0.10621707089868243 3.7587816035127619  -0.10484047393818362 3.7640788358196624  -0.10346395314135488 3.7693876606474253  -0.10208752044616098 3.7747082840893755  -0.10071118779060248 3.7800409122416143  -0.096582525756756701 3.7960754291126446  -0.093831071463411117 3.8068118462773097  -0.091081213879195336 3.817594797735238  -0.088333562650766362 3.8284240785285202  -0.085588727424642755 3.8392994837006165  -0.082847317847529911 3.8502208082927298  -0.080109943565933567 3.8611878473486883  -0.077377214226529822 3.8722003959101299  -0.074649739475879828 3.8832582490199523  -0.066484907930052642 3.9165671071220007  -0.06106471103296187 3.9389561408197653  -0.055673164011390705 3.9615238581376828  -0.050315892607350469 3.984265814394611  -0.044998522562938778 4.0071775649188615  -0.039726679620130212 4.0302546650250166  -0.034505989521037977 4.053492670043072  -0.029342078007652175 4.0768871352895282  -0.024240570822048099 4.1004336160900436  -0.0091401394746727233 4.1715157711167574  0.00066155564495133537 4.219552038092476  0.010129784180928213 4.2679996757493726  0.01922597935458125 4.3168653486774549  0.027916670167129069 4.3661772702712174  0.036160505921204456 4.4158601864995903  0.043906850178231649 4.46570725220373  0.051105944150133628 4.515448799887456  0.057730639526928716 4.564918001033468  0.063809700738920228 4.6143134199210962 
 0 11 0.03125 9 0.0625 9 0.125 9 0.25 9 0.5 9 1 11
7 0 0  11 82 9  -2.7755575615628914e-17 5.9208764475380953  -1.1878638022054733e-06 5.9207920480797878  0.0011732639594146026 5.91830654235482  -0.0026626593198754061 5.9246307761491011  0.084267991071821216 5.8794511877498357  -0.029033459883701752 5.9371442114505779  0.10927579029604566 5.8698514073818169  0.033550050402146821 5.9071626423528834  0.085656561355004324 5.8825931507838147  0.08533941735973255 5.8832445093179357  0.098540697385830031 5.8774209403682178  0.121575080133162 5.8673819326325072  0.13308536142416627 5.8623657358335768  0.14458849839028956 5.8573529549386461  0.15608425678938584 5.8523436987987649  0.16757240237916554 5.847338076234089  0.17905270091754563 5.8423361961110132  0.19052491816221703 5.8373381672408486  0.20198881987105782 5.8323440984877557  0.21344417180183473 5.8273540986750563  0.22489073971235266 5.8223682766511438  0.25920338865656262 5.8074236704556279  0.28207065842671686 5.7974654354958863  0.30493215920419675 5.787511242263716  0.32778995152158225 5.7775602966495851  0.35064609591290052 5.7676118045448872  0.37350265290999701 5.7576649718385076  0.39636168304729852 5.7477190044234492  0.41922524685680734 5.7377731081875556  0.44209540487233595 5.727826489023788  0.46497421762662977 5.7178783528211596  0.53364280170550304 5.688027010770524  0.57940637574940823 5.6681422265624848  0.62515681530731926 5.6482733982478166  0.67089646790152402 5.6284203712255767  0.71662768105493613 5.6085829908972284  0.7623528022897551 5.5887611026629127  0.80807417912874746 5.5689545519213439  0.85379415909441714 5.5491631840756312  0.89951508970925953 5.5293868445231356  0.94523931849588461 5.5096253786661951  1.0824289419387054 5.4503851383797182  1.1738899354941066 5.4109594378484607  1.2653563046183864 5.3716071970403796  1.3568321802853109 5.3323340827020287  1.4483216934718983 5.2931457615458308  1.5398289751501175 5.2540479003392235  1.631358156298067 5.2150461657791718  1.72291336788798 5.1761462246349117  1.814498740896499 5.1373537436165577  1.9061184062977004 5.0986743894721585  2.1810926726049069 4.9829927078500669  2.364563485080398 4.9063437257344056  2.5482237535268886 4.8302175047767815  2.7321082989793775 4.7546646671616921  2.9162519424704469 4.6797358350919973  3.1006895050357812 4.6054816307396758  3.2854558077081233 4.5319526763165721  3.4705856715222256 4.4591995939940574  3.6561139175119837 4.3872730059759819  3.842075366711323 4.3162235344457569  4.2149343135976265 4.1759800687474868  4.4018455525094069 4.1067918585271084  4.5892626368615321 4.0385891671337308  4.7772096466195624 3.9714239907626285  4.9657106617623876 3.9053483256149439  5.1547897622469323 3.8404141678823263  5.344471028058515 3.7766735137688103  5.534778539153284 3.7141783594654982  5.7257363755112518 3.6529807011742523  5.917368617097055 3.5931325350898486  6.3020300706686694 3.4762391797315249  6.4965249878342659 3.4188667697531177  6.6827101780436786 3.364855895135348  6.8950678702490213 3.306915961705573  7.068364460009068 3.2589821058366732  7.2722242001978392 3.2062172579661525  7.4866816289715103 3.1529916012495631  7.6506445108681191 3.112357182024982  7.8762902918644437 3.0602577409128791  8.0639366249179059 3.0182292727026661  8.2634042218252119 2.9754650383135388 
 0 12 0.015625 10 0.03125 10 0.0625 10 0.125 10 0.25 10 0.5 10 0.75 10 1 12
1 0 4.7123889803846915 1 0 
2 -7.7376619892057477 30 -0.34479008347233114 0.93867981673153222 -0.93867981673153222 -0.34479008347233114 14.332380757938118
7 0 0  9 50 7  -0.12585336052650573 3.6820121538603781  -0.12574971513411909 3.6820120814467066  -0.12555100797574287 3.6840684227617015  -0.12552377408689272 3.6836539846796765  -0.12558987419106124 3.6829616967767151  -0.12538715696438782 3.6845104103289854  -0.12471137725556264 3.6884460731135515  -0.12385776085039125 3.6927497119424797  -0.1233806063730483 3.6955636549259183  -0.12219802345440212 3.7021311958737404  -0.12160677398516616 3.7054170623256795  -0.12101545927732708 3.7087056849217692  -0.1204239721022002 3.7119977238278437  -0.11983220523109138 3.7152938392104544  -0.11924005143531771 3.7185946912349688  -0.11864740348618902 3.7219009400681911  -0.11805415415501525 3.7252132458756284  -0.11627228032929961 3.7351703147196194  -0.11508469931966715 3.7418175537745495  -0.1138974293263974 3.7484746551226671  -0.11271044649168074 3.7551422878974643  -0.11152372695770378 3.7618211212337274  -0.11033724686664786 3.7685118242645048  -0.10915098236071032 3.7752150661247175  -0.10796490958206885 3.7819315159477065  -0.10440719485460863 3.8021224967079528  -0.10203705932645755 3.8156329784140901  -0.099669416343454942 3.8291932111454985  -0.097305084160578204 3.8428031180618749  -0.094944881032830303 3.8564626223220171  -0.092589625215180466 3.8701716470860541  -0.090240134962634083 3.8839301155127184  -0.087897228530165558 3.8977379507617975  -0.080890715457976478 3.9393093264539578  -0.076249280931268218 3.9672216949483636  -0.071644366909368359 3.9953300628480379  -0.067082919708985458 4.0236323115246178  -0.062571885646854716 4.0521263223510413  -0.058118211039675398 4.0808099766983492  -0.05372884220418464 4.1096811559397395  -0.049410725457088661 4.1387377414465227  -0.036690970431160104 4.2264573608805858  -0.028557154708994791 4.2852218908071347  -0.020630455612524429 4.3471612329322831  -0.013614485345215298 4.4023463749195173  -0.0062133654850963201 4.4712889363004429  -0.00041950622199784414 4.524727640255346  0.005666486623668315 4.5911090616580248  0.01067017906531873 4.6509722160311116  0.015156755609011077 4.7122029167860244 
 0 10 0.03125 8 0.0625 8 0.125 8 0.25 8 0.5 8 1 10
7 0 0  9 58 8  0 5.0515715186811443  0.0040666045080351163 5.0512782679135197  0.0071039288837478594 5.0457863793068292  0.013534435412834151 5.0502708182301346  0.01701953886693644 5.0396551258924722  -0.0045653123021029236 5.0570661529432028  0.055328817352176381 5.025416161888776  0.059471331862918961 5.0249409353505134  0.081392194781625016 5.014636981684415  0.12026461865069919 4.9967725859336323  0.13968933673560827 4.9878419031007164  0.15910580378322856 4.9789114604119833  0.17851726260592773 4.9699799829675939  0.1979269560160192 4.9610461958705905  0.21733812682588863 4.9521088242201907  0.23675401784785416 4.9431665931194599  0.25617787189427704 4.9342182276685111  0.31448305154395106 4.9073509035702845  0.35332189660100477 4.8894446841820294  0.39213349483799781 4.8715436363399318  0.43092187414404731 4.8536476015809598  0.46969106240868475 4.8357564214398518  0.50844508752085116 4.8178699374538292  0.54718797737013158 4.7999879911582015  0.58592375984558054 4.7821104240892263  0.70212186881854 4.7284903851703586  0.77954863808597896 4.6927722712485034  0.85694512780513898 4.6570931904586876  0.93431969514240265 4.6214635972419646  1.0116806972639005 4.585893946039433  1.0890364913360961 4.5503946912926478  1.1663954345251422 4.5149762874422743  1.243765883997396 4.4796491889298835  1.4759368227625791 4.3739731727297144  1.6307993162025243 4.303923750780851  1.7858128484109794 4.2343683618307084  1.9410465905597578 4.1653997833569392  2.0965697138210304 4.0971107928428205  2.2524513893664779 4.0295941677642837  2.4087607883683355 3.9629426856045002  2.5655670819983456 3.8972491238412577  2.8803118008587605 3.7679633960692609  3.0382720792453597 3.7043746920841647  3.1968687463359449 3.6419420016556736  3.3561502718790011 3.580767178440361  3.516165125621689 3.5209520760934501  3.6769617773124943 3.4625985482714969  3.8385886966990386 3.4058084486302422  4.001094353529238 3.3506836308256465  4.3279600815728045 3.2439682662018496  4.4931945832841214 3.1921766652152508  4.6555211516474069 3.1430501976108891  4.8261210426714918 3.0943551281553479  4.9921370909506768 3.0488729370443632  5.1563969222087858 3.0060688837352787  5.3317300529368135 2.9633312230687365  5.4987621269699547 2.9248397429502395  5.6700113626225122 2.88793087100996 
 0 10 0.03125 8 0.0625 8 0.125 8 0.25 8 0.5 8 0.75 8 1 10
1 0 4.7123889803846915 1 0 
2 -7.7376619892057477 30 0.049201419462313073 -0.99878887675168537 0.99878887675168548 0.04920141946231308 14.332380757938118
8 3.6820121538603781 4.7123889803846915
1 1.5215750347106516 0 0 1 
8 3.6820121538603781 4.7123889803846915
1 0 4.4408920985006262e-16 0 1 
8 0.54041950027058538 1.5707963267948903
1 6.2831853071795862 0 0 1 
8 0.54041950027058538 1.5707963267948903
1 0 0 0 1 
1 0 1.5707963267948903 1 0 
2 0 0 1 0 -0 1 10.867619242061879
7 0 0  5 6 2  5.6700113580633973 2.8875033170947435  6.0066477076698517 2.8149490200157672  6.3436791334027518 2.7418888738373104  6.6816627916985745 2.6690227444239651  7.0211225469708065 2.5969962712993269  7.3624626927854351 2.5263512981162304 
 0 6 1 6
7 0 0  5 6 2  -6.8155311736111122 15.697314484704433  -6.7447151449351415 15.581264774125609  -6.6814588249436939 15.461334797597676  -6.6260953682016073 15.33873791785868  -6.5787045843373066 15.214705298985024  -6.5391430037497731 15.090368902852777 
 0 6 1 6
7 0 0  11 22 3  7.3624626927854351 1.333517536127232  7.0039621488592996 1.2784755169260644  6.6519667890733611 1.2244322646062744  6.3057493028156664 1.1712761122685196  5.9645450628334329 1.1188896636357548  5.6276829609582908 1.0671698807988959  5.2944072470166326 1.0160007304090575  4.9640918084014887 0.96528608290864115  4.6360370760002825 0.91491853065152473  4.3096193476846398 0.86480231416675091  3.9841957771880234 0.81483873469842749  3.3340834934375039 0.71502440132744127  3.0093946129531846 0.66517362174881611  2.6844439810951153 0.61528265443754393  2.3586090062031531 0.56525591041037582  2.0312679275584795 0.51499792826460411  1.7017949931619818 0.46441263379624709  1.3695569343345224 0.41340279874023084  1.0339112663254817 0.36186977984670943  0.69420694375894598 0.30971361952233167  0.34978790009508637 0.25683358925231436  -2.2204460492503131e-16 0.20312925702861589 
 0 12 0.5 10 1 12
8 0 1
1 1 0 0 1 
1 7.3624626927854351 0 0 1 
7 0 0  6 7 2  32.243159271338342 -2.3591214652055417e-16  31.517023685256699 -1.1504414190222569  30.830438348338543 -2.2323541206442896  30.179195236959739 -3.2525561580699618  29.559252529303119 -4.2174856827291247  28.967967819819957 -5.1313135549236568  28.401955590819441 -5.9992132948528907 
 -0.89631840964051834 7 6.4661442831449163 7
7 0 0  5 22 6  -9.9562103741541819 34.51883505345522  -9.9839041439068001 34.431177872582793  -10.017059156656352 34.342881333499221  -10.055769560340488 34.254391225637484  -10.100025332762494 34.166204094444367  -10.199546730350121 33.991137491232429  -10.25485211672768 33.904263391167298  -10.31548105604841 33.81872216766719  -10.381182028940508 33.735037333509467  -10.522421720578135 33.571874167888339  -10.598015933608639 33.492423144426851  -10.67801433671729 33.415834285352226  -10.761943899529127 33.342559514634445  -10.937120609911059 33.202944351813436  -11.028409484180322 33.13664937553709  -11.122580989925995 33.074455351867265  -11.219016458023519 33.016649307508445  -11.352006764391195 32.944448813211274  -11.387131908263187 32.926070389955875  -11.422436248575721 32.908278229436405  -11.45789148490042 32.891078464580225  -11.493469374661942 32.874475449358187 
 0 6 0.22776383752813234 4 0.45635671201617922 4 0.68628826911513285 4 0.91763266338902894 4 1 6
7 0 0  5 22 6  0 3.4413439755772641  0.39090234759406062 3.4768362961101968  0.78101691950904739 3.5151833703991713  1.1703080856506494 3.5562858333653313  1.558777218427893 3.599973910788187  2.3355431617594538 3.6922268227634003  2.7238364696671207 3.7408091195753364  3.1113664028723091 3.7915308739233624  3.4982101088018007 3.844099826692903  4.2729996035508551 3.9525985872391587  4.6609392499962707 4.0085464030475348  5.0484026882916089 4.0657040178209263  5.4355338786051544 4.1237090270485881  6.2118204056505029 4.2410545759004119  6.6009730482426736 4.3004010910470951  6.990105352901911 4.3598756058015073  7.3793838871277408 4.4191154608999197  7.9076619464706992 4.4986864279319168  8.0464027617357239 4.5195072779904857  8.1851878344366469 4.5402422649018552  8.3240235586330922 4.5608772619146487  8.4629159661979116 4.5813987824616591 
 0 6 0.22776383752813234 4 0.45635671201617922 4 0.68628826911513285 4 0.91763266338902894 4 1 6
7 0 0  11 42 5  11.688031559749639 41.48544983778401  11.656362727642763 41.470671049467732  11.623003476406836 41.456938505769585  11.587048985497235 41.445398884374704  11.551937696535743 41.436934972572473  11.517329913895047 41.431846928728312  11.481307362628375 41.430729068682098  11.444025624562288 41.434794775944326  11.408179700342268 41.445066800358589  11.375871270036038 41.461014876829495  11.345694552102168 41.480387261426849  11.290477418859693 41.525907636418999  11.265510583664167 41.551885977405341  11.243004844805684 41.579987810057823  11.222651749540516 41.609565317215569  11.204103359498479 41.640237846083707  11.187035169917024 41.671759531190965  11.171183616016995 41.703934218198356  11.156358166573046 41.73657769169062  11.142428004654029 41.769527203594535  11.129283295526427 41.802698305194269  11.091746534187582 41.903170331352534  11.069227369306013 41.971217630156048  11.048529370551503 42.039752002407461  11.029069225679898 42.108545820139732  11.010381329047041 42.177539327640105  10.992118459865114 42.246711564690116  10.974036296565746 42.316005587359584  10.955961767068212 42.385307986399503  10.937745235186185 42.45448270318316  10.919196522949399 42.523459143258613  10.861621261151695 42.730205475809157  10.82115214735504 42.867286581692404  10.775638013195625 43.004706854316268  10.72806162354283 43.13395176143036  10.667559262877843 43.275346020470188  10.605460974219046 43.393594883130241  10.527630336704322 43.522049733966249  10.434822828374447 43.635075702450891  10.326809048819603 43.733644938376798  10.203415432260119 43.810221384592232  10.07102453790753 43.864878669341721 
 0 12 0.125 10 0.25 10 0.5 10 1 12
8 0 1
1 0 0 0 1 
1 -17.653059623286566 30.000000000000004 0.90618313999526545 0.42288546533112387 
1 0 0 1 0 
1 -15.653059623286566 18 0 -1 
8 -18.000000000000004 54
1 26 18.000000000000004 0 1 
1 12.346940376713434 -43.999999999999993 -0.90618313999526545 0.42288546533112387 
1 0 0 1 0 
7 0 0  10 47 6  1.0491288540178569 15.088818860451076  1.0638168319663477 15.134981076860937  1.0868227805895974 15.175643236060294  1.1152403694020623 15.209540592131235  1.1541668491759149 15.238227364404812  1.1995985226067218 15.260079467896098  1.2449213200750568 15.274589621881118  1.288670699443426 15.284686389916411  1.3336368201604909 15.293282410367574  1.3797926732879748 15.298730783769811  1.4720564874951798 15.305953794546873  1.5181316285378741 15.307610593321053  1.5642982739732378 15.307740782266317  1.6105728861899959 15.306670092116807  1.6568878722377405 15.304639541752369  1.703139336543956 15.30182309233955  1.7492348336431507 15.298345301549562  1.7951411208926451 15.294298977693339  1.8409319112000657 15.289762833927554  1.9786430548281038 15.274931759382401  2.0702813931793456 15.26343306849402  2.1618230720302849 15.250825147827641  2.2532982921238549 15.237490108730853  2.3447112311612024 15.223711717881569  2.4360562512364585 15.209697019316845  2.5273341062918364 15.195597956516984  2.6185681495497781 15.181532994418253  2.7098205409659162 15.167608741499061  2.892596368368006 15.140274402114839  2.9840827027331853 15.126874475324719  3.0764603521519209 15.113789200653406  3.1625387125731748 15.101809568850006  3.26639177511256 15.088352312120138  3.3426921637592981 15.078672817844444  3.4460252917770111 15.066546744062247  3.532798112184949 15.057070864062723  3.6256678467181955 15.04771699942658  3.8097770123589876 15.030969360628115  3.9017738924495995 15.02348228895371  3.9938520727439735 15.016940442289147  4.0860580352502689 15.011405892689229  4.1783747424368585 15.006942667201356  4.2707506386104228 15.003615108090438  4.3631286513078891 15.001486233065773  4.4554751926681462 15.000616095501529  4.5478091608272253 15.001060144666353  4.6402309412920735 15.002867585944003 
 0 11 0.125 9 0.25 9 0.5 9 0.75 9 1 11
8 0 1
1 0 0 0 1 
7 0 0  5 22 6  -9.9562103746203263 -34.518835053324821  -9.9839041444192684 -34.431177872404788  -10.017059157215002 -34.342881333284105  -10.055769560939895 -34.25439122540017  -10.100025333388771 -34.16620409420392  -10.199546731027796 -33.991137490954479  -10.254852117438897 -33.904263390856215  -10.31548105677148 -33.818722167347943  -10.381182029646704 -33.735037333205383  -10.522421721229948 -33.571874167607199  -10.598015934227663 -33.492423144156241  -10.678014337279597 -33.415834285106861  -10.761943900019871 -33.342559514419278  -10.937120610207979 -33.202944351697461  -11.028409484349952 -33.136649375484915  -11.122580989991581 -33.074455351856578  -11.219016458041843 -33.016649307507087  -11.352006764416029 -32.944448813200943  -11.387131908264793 -32.926070389956365  -11.422436248566166 -32.908278229441478  -11.457891484893201 -32.891078464583543  -11.493469374671861 -32.874475449353504 
 0 6 0.22776383739530415 4 0.45635671193850924 4 0.68628826921346076 4 0.91763266349840766 4 1 6
7 0 0  5 22 6  0 0.40230979581949333  0.39090234762432963 0.36681747287110966  0.78101691951479746 0.32847039573443315  1.1703080855640837 0.28736792942906375  1.558777218169787 0.24367984812540189  2.3355431613101296 0.15142692726201223  2.7238364691972619 0.10284462543491224  3.1113664022909853 0.052122865533639096  3.4982101080267243 -0.00044609326160860441  4.2729996024718835 -0.10894486653378155  4.6609392488054642 -0.16489268904729348  5.0484026869554199 -0.22205031066768033  5.4355338771312303 -0.28005532660644761  6.2118204037528155 -0.39740088788695371  6.6009730460589209 -0.45674740874433983  6.9901053505534705 -0.5162219283471744  7.3793838848005677 -0.57546178698929573  7.9076619442965779 -0.65503275648736725  8.0464027594904621 -0.67585360695650876  8.1851878321516374 -0.69658859404465179  8.3240235563414657 -0.71722359098355681  8.4629159639342699 -0.73774511119037112 
 0 6 0.22776383739530415 4 0.45635671193850924 4 0.68628826921346076 4 0.91763266349840766 4 1 6
1 1.2294129510204641 15.655426022459272 -0.30320365727694698 -0.95292578001326189 
1 1.5707963267948966 0 0 1 
2 4.3469403767134338 -29.999999999999996 -1 0 0 1 15
1 0 0 1 0 
2 0.44573971864346618 -4.2173036917705993e-14 -0.95292578001326145 -0.30320365727694842 -0.30320365727694842 0.95292578001326145 4
1 0 1.5707963267948966 1 0 
1 12.346940376713434 -43.999999999999993 -0.90618313999526545 0.42288546533112387 
1 0 0 1 0 
1 -3.5589111833130858 -0.60640731455388486 0.30320365727694698 -0.95292578001326189 
1 1.5707963267948966 0 0 1 
1 -1.6530596232865662 5.2762142769425233e-15 0.30320365727694698 -0.95292578001326189 
1 0 0 1 0 
7 0 0  10 47 6  1.0491288540102535 -15.088818860427237  1.0638168319476258 -15.134981076801989  1.0868227805643877 -15.175643235965953  1.1152403693834649 -15.209540592010155  1.1541668491682595 -15.23822736424678  1.1995985226016064 -15.260079467692126  1.2449213200568134 -15.274589621645779  1.2886706994038384 -15.284686389656287  1.3336368200992781 -15.293282410086093  1.3797926732045867 -15.298730783471873  1.4720564873649917 -15.305953794223592  1.5181316283806243 -15.307610592988533  1.5642982737882707 -15.307740781928251  1.6105728859783459 -15.306670091773409  1.6568878719991365 -15.304639541409456  1.7031393362785641 -15.301823091993503  1.7492348333486143 -15.298345301207181  1.7951411205675207 -15.294298977351938  1.8409319108431683 -15.289762833590238  1.978643054382627 -15.27493175905731  2.0702813926734724 -15.263433068181346  2.1618230714621882 -15.250825147527348  2.2532982914912947 -15.237490108449675  2.3447112304636666 -15.223711717613213  2.4360562504727787 -15.209697019070486  2.5273341054630714 -15.195597956285019  2.6185681486553021 -15.181532994205979  2.7098205400048818 -15.167608741303869  2.8925963672655963 -15.140274401955416  2.9840827015719191 -15.126874475185272  3.0764603509024595 -15.113789200537949  3.1625387112785046 -15.101809568754348  3.2663917737211468 -15.088352312045297  3.342692162325382 -15.078672817783445  3.4460252902443256 -15.066546744015632  3.5327981105959494 -15.057070864023288  3.6256678450526709 -15.0477169993929  3.8097770105490829 -15.030969360600578  3.9017738902888386 -15.02348228892502  3.9938520704504361 -15.016940442259729  4.0860580331316303 -15.011405892656517  4.1783747406294225 -15.006942667172181  4.2707506369745527 -15.003615108058659  4.3631286494653709 -15.001486233037472  4.4554751901981966 -15.000616095468438  4.5478091576052222 -15.001060144623871  4.6402309379834747 -15.002867585879294 
 0 11 0.125 9 0.25 9 0.5 9 0.75 9 1 11
8 0 1
1 0 0 0 1 
2 4.3469403767134338 -29.999999999999996 -1 0 0 1 15
1 0 0 1 0 
2 -2.1530596232865662 -29.999999999999996 1.1102230246251565e-16 -1 -1 -1.1102230246251565e-16 1.1499999999999999
1 0 3 1 0 
2 4.3469403767134338 -36.499999999999993 1.1102230246251565e-16 -1 -1 -1.1102230246251565e-16 1.1499999999999999
1 0 2.9999999999999991 1 0 
2 4.3469403767134338 -29.999999999999996 1.1102230246251565e-16 -1 -1 -1.1102230246251565e-16 3.2000000000000002
1 0 3 1 0 
2 4.3469403767134338 -23.499999999999996 1.1102230246251565e-16 -1 -1 -1.1102230246251565e-16 1.1499999999999999
1 0 3.0000000000000009 1 0 
2 10.846940376713434 -29.999999999999996 1.1102230246251565e-16 -1 -1 -1.1102230246251565e-16 1.1499999999999999
1 0 3 1 0 
2 -2.1530596232865662 30.000000000000004 1.1102230246251565e-16 1 1 -1.1102230246251565e-16 1.1499999999999999
1 0 3 1 0 
2 4.3469403767134338 23.500000000000004 1.1102230246251565e-16 1 1 -1.1102230246251565e-16 1.1499999999999999
1 0 3.0000000000000009 1 0 
2 4.3469403767134338 30.000000000000004 1.1102230246251565e-16 1 1 -1.1102230246251565e-16 3.2000000000000002
1 0 3 1 0 
2 4.3469403767134338 36.500000000000007 1.1102230246251565e-16 1 1 -1.1102230246251565e-16 1.1499999999999999
1 0 2.9999999999999991 1 0 
2 10.846940376713434 30.000000000000004 1.1102230246251565e-16 1 1 -1.1102230246251565e-16 1.1499999999999999
1 0 3 1 0 
7 0 0  9 50 7  0.47195798152013352 3.6820121538603785  0.47176443720713107 3.6820144127786532  0.47115939765255171 3.6856448050334971  0.47126650422754673 3.6844029819133515  0.47143402427440517 3.6833163239057898  0.47103769640934184 3.6854398914136075  0.47010081110436269 3.6892277597756471  0.46911363594176264 3.6922963031766023  0.46843429493898198 3.6950999921084997  0.46687212773705744 3.7009805458370697  0.46609389263958184 3.7039131764752948  0.46531799357886267 3.7068401196029956  0.46454391808810724 3.7097633339354488  0.4637711537006341 3.7126847781883536  0.46299918794960471 3.7156064110769824  0.46222750836835808 3.7185301913169257  0.46145560249007889 3.7214580776235571  0.45913766856398341 3.7302599308900959  0.45759185951611242 3.736143026259926  0.45604563671054876 3.7420412785499546  0.45449910615360872 3.7479546514867019  0.45295237385122872 3.7538831087994096  0.45140554580986519 3.7598266142136954  0.44985872803544008 3.765785131458947  0.44831202653428914 3.7717586242614867  0.443672588868957 3.7897239205255482  0.44058049061902993 3.8017605933828302  0.43749015157213156 3.8138567623456021  0.43440247073789301 3.8260121148371251  0.43131834712554346 3.8382263382819954  0.42823867974484986 3.8504991201034686  0.42516436760503001 3.862830147725826  0.42209630971572376 3.8752191085727201  0.41291359582755616 3.9125588530589734  0.40681955741479997 3.9376873850234291  0.40076174048014312 3.9630439653949132  0.39474859565572457 3.9886212736041537  0.38878857357360735 4.0144119890866019  0.382890124865918 4.0404087912714681  0.37706170016475987 4.066604359594348  0.37131175010221656 4.0929913734857735  0.35432267572679027 4.172704790166299  0.34337610072288594 4.2262658903812005  0.33257178191765902 4.2828227066382665  0.32314938489496414 4.332511293681967  0.31257131685356287 4.3965429885739633  0.30473599815686642 4.4436894328594461  0.29581174336288585 4.5049507925389811  0.28851326375145853 4.5587857927809496  0.28170553459149883 4.614102003174712 
 0 10 0.03125 8 0.0625 8 0.125 8 0.25 8 0.5 8 1 10
7 0 0  9 66 9  -1.0408340855860843e-17 -2.0772270001823614  0.005551273084466013 -2.0764293368125335  0.0093123318983740697 -2.072788895304976  0.016920431076930302 -2.0704447472242662  0.022949433106715267 -2.0686383677902564  0.024932345728894002 -2.0671870366434089  0.025477254485009204 -2.0665412234873948  0.028317337637175338 -2.0659517669084515  0.034135650695004217 -2.0632726546780158  0.049875084867224459 -2.0565777730052512  0.060440649344876904 -2.0520823975523634  0.073445593164301992 -2.0465482136756141  0.088148406957062914 -2.0402909780905749  0.1036020373445974 -2.0337140357183188  0.1189333842466989 -2.0271892773720608  0.13362279819009004 -2.0209380974386093  0.14778357761688118 -2.0149123515648943  0.19175724334567038 -1.9962012398922968  0.22096155709479301 -1.9837762021473575  0.25007359491868952 -1.9713922693988148  0.27911254429541954 -1.9590415099397129  0.30809759270324749 -1.9467159920629895  0.33704792762016317 -1.934407784061617  0.36598273652444746 -1.9221089542286489  0.39492120689414029 -1.9098115708569869  0.48180516483400998 -1.872899965005008  0.53970756615239601 -1.8483136333576082  0.59759346826862347 -1.8237488757313496  0.65546660928868417 -1.7992058605602117  0.71333072731859704 -1.7746847562779366  0.77118956046438358 -1.7501857313186551  0.82904684683205476 -1.7257089541160755  0.88690632452760809 -1.701254593104212  1.0605025459160307 -1.6279592639423968  1.1762312188659982 -1.5791963854284248  1.2919660430918007 -1.5305457222864032  1.4077153111769494 -1.4820188156269665  1.5234873157073503 -1.4336272065620557  1.6392903492656219 -1.3853824362019098  1.7551327044378444 -1.3372960456584699  1.8710226738073086 -1.2893795760423652  2.2188603022622977 -1.1461745533102121  2.4509771714577062 -1.0514257354934491  2.6833887276821771 -0.95750130108703035  2.9161645410712942 -0.86450443616280737  3.1493741817627843 -0.77253832679341139  3.3830872198918676 -0.68170615905050247  3.6173732255960309 -0.59211111900668711  3.8523017690111767 -0.50385639273385907  4.3235830715368992 -0.33023393987476241  4.5599346408198427 -0.24488262418669376  4.7970547173351257 -0.16109342640603122  5.0350008902946346 -0.078968553698757257  5.2738307489113634 0.0013897867692707734  5.5136018823961761 0.07987938783201573  5.7543718799627728 0.15639804232363111  5.9961983308221622 0.230843543078117  6.4820793175521034 0.37538382278101246  6.7235490516246399 0.44494397322488433  6.9814668827420361 0.5153891946141913  7.1943169333239769 0.57403592280212867  7.4940853544977122 0.64784757849441466  7.6885909542148703 0.69718920832797815  7.973289023808138 0.76250042201461743  8.2113187860990813 0.81516312183294615  8.4629159661979116 0.86784305140671369 
 0 10 0.015625 8 0.03125 8 0.0625 8 0.125 8 0.25 8 0.5 8 0.75 8 1 10
7 0 0  4 5 2  0.28168607404647156 4.6143133735775583  0.27867922721475968 4.6387455106466762  0.27569493400929762 4.6632258369433517  0.27273572345338548 4.6877690096222686  0.26980400409463468 4.7123889803846835 
 0 5 1 5
7 0 0  4 5 2  9.2923864933123745 -3.0096111169732751  9.2277984161143269 -3.0048264028070117  9.1631023145409483 -3.0016163979238013  9.0983571614527925 -3.0000000000000004  9.0336259656752347 -3 
 0 5 1 5
1 0 4.7123889803846835 1 0 
2 -7.7376619892057477 30 1 0 -0 1 14.332380757938109
1 8.4629159661979116 0 0 1 
7 0 0  7 8 2  12.127690563885775 -5.9887559801768955  11.443252289636522 -5.340579474995276  10.741234868853853 -4.6307662929189242  10.016851274441439 -3.8561528031964714  9.2645432687802565 -3.0109281902353184  8.4818512971558899 -2.0925499924729736  7.6611541338154785 -1.0913497485622041  6.7972907205675916 4.4408920985006262e-16 
 -3.8815171837362534 8 4.5813987824616573 8
7 0 0  8 23 4  8.265147916404576 1.6363626629244954  7.7206970253755891 1.5550717180534823  7.1839966250914911 1.4749379844686794  6.6541036306226236 1.395820651921913  6.1300570307842008 1.3175762336296259  5.6108937607631599 1.2400609361845503  5.0956601344969989 1.1631323665034217  4.583418836814376 1.086650575809903  3.8181677945880188 0.97239237307553172  3.5636026889746275 0.93438373298058663  3.3094411805444417 0.89643535322663159  3.0555696228139446 0.85853026546975419  2.8018757007624897 0.8206517001640028  2.5482484308311797 0.78278308656179818  2.2945781609239901 0.74490805271352556  1.7869349798898093 0.66911279822216807  1.5329613474371204 0.63119246987926292  1.2787326055092341 0.5932340516174941  1.0241261998137601 0.55521924508444087  0.76906572549415164 0.51713664241392376  0.51341413625794652 0.47896578148003066  0.25709643246777919 0.44069546422720846  6.6613381477509392e-16 0.40230887645108671 
 0 9 0.5 7 0.75 7 1 9
8 0 1
1 1 0 0 1 
1 0 1 1 0 
1 14.262338010794252 30 -0.90618313999526545 0.42288546533112387 
1 0 -3 1 0 
8 -52.470740287756918 16.470740287756918
1 12.262338010794252 18 0 1 
8 -52.470740287756918 16.470740287756918
1 29 18 0 -1 
1 -15.737661989205748 -44 0.90618313999526545 0.42288546533112387 
1 0 -3 1 0 
2 -7.7376619892057477 -30 0.94089713943340136 -0.33869244604219106 0.33869244604219106 0.94089713943340136 14.332380757938115
1 0 4.7123889803846808 1 0 
1 -15.737661989205748 44 0.30320365727694698 -0.95292578001326189 
1 0 -3 1 0 
2 -7.7376619892057477 -30 1 0 -0 1 14.332380757938109
1 0 4.7123889803846835 1 0 
2 -3.83646133113578 -4.8489582294654022e-14 1 0 0 -1 2
1 -5.9751325261558073 3 1 0 
7 0 0  5 6 2  -6.8155311735362876 -15.697314484709267  -6.7447151450188683 -15.581264774376969  -6.6814588251032196 -15.461334798021396  -6.6260953683712147 -15.33873791835361  -6.5787045844876584 -15.214705299457643  -6.5391430038745968 -15.090368903245183 
 0 6 1 6
7 0 0  5 6 2  1.6924515285400337 0.63929099983986093  1.3558151408803334 0.7118453218936982  1.0187836767878853 0.78490549084311856  0.68079997974843187 0.85777164040571408  0.34134018532728444 0.9297981308903952  0 1.000443118701049 
 0 6 1 6
1 -1.7376619892057477 -1.0403311000055026e-15 -0.30320365727694698 -0.95292578001326189 
1 0 -3 1 0 
2 0 -6.5 -1.1102230246251565e-16 1 -1 -1.1102230246251565e-16 1.1499999999999999
1 0 8 1 0 
2 -6.5 0 -1.1102230246251565e-16 1 -1 -1.1102230246251565e-16 1.1499999999999999
1 0 8 1 0 
2 0 0 -1.1102230246251565e-16 1 -1 -1.1102230246251565e-16 3.2000000000000002
1 0 8 1 0 
2 6.5 0 -1.1102230246251565e-16 1 -1 -1.1102230246251565e-16 1.1499999999999999
1 0 8 1 0 
2 0 6.5 -1.1102230246251565e-16 1 -1 -1.1102230246251565e-16 1.1499999999999999
1 0 7.9999999999999991 1 0 
1 0 0 1 0 
7 0 0  5 6 2  1.5707963267948966 0.59459736937781926  1.2566370614360172 0.59459736937781626  0.94247779956896682 0.59459736937782348  0.6283185272260563 0.59459736937781571  0.31415926535899907 0.59459736937782048  1.1102230246251565e-16 0.59459736937781926 
 0 6 1 6
1 0 1 1 0 
1 45.5372218860972 0 0 -1 
1 0 0 0 1 
1 30.381150242038487 -2 1 0 
1 0 0 0 1 
8 13 16.000000000000011
1 2.207059380966248 13 0 -1 
8 13 16.000000000000011
1 13 5.0666666666666629 1 0 
1 0 0 0 1 
1 0 0 0 -1 
1 0 72 1 0 
1 0 0 0 1 
1 0 0 1 0 
1 0 0 0 1 
1 40 0 0 1 
1 0 0 0 -1 
8 -16.000000000000011 -13
1 13 66.933333333333337 -1 0 
8 -16.000000000000011 -13
1 30.89883133352745 13 0 1 
7 0 0  7 8 2  26.308599993937051 -9.2256539138026792e-15  25.444736565943877 -1.0913497671914789  24.624040042572574 -2.0925492277563196  23.841346505041685 -3.0109293441734444  23.089040074001108 -3.8561520232744786  22.364655660794877 -4.6307665207090301  21.662638424674164 -5.3405794751685587  20.978200150608348 -5.9887559801764469 
 -0.7377451111903629 8 7.7251708527439078 8
1 8.4629159639342699 0 0 1 
7 0 0  4 5 2  23.81350422220574 -3.0096111168973896  23.878092283603934 -3.0048264039204136  23.942788430653966 -3.0016163974851198  24.007533505411295 -3.0000000000000004  24.072264748818473 -3 
 0 5 1 5
7 0 0  4 5 2  0.063840786790827581 4.6143133739650599  0.066847632886661637 4.638745505057555  0.069831928176347494 4.6632258487572242  0.072791135179046174 4.6877689915067373  0.075722856694974361 4.7123889803846808 
 0 5 1 5
1 0 0 0 1 
7 0 0  7 8 2  5.9771760325294059 -1.4312351437339998e-07  5.9552189045439663 0.77719250438562726  5.9327128143356722 1.5121731068711735  5.9096382400746226 2.2074881233302488  5.8859712781601008 2.8653942911462891  5.8616991842637711 3.4875104194497872  5.8367976644977864 4.0755058587231883  5.8112273332617228 4.6309519214660142 
 0.40230965063809865 8 5.920880668733151 8
7 0 0  7 50 9  -4.821053715161692e-06 5.9208813557984019  0.0034947621647356672 5.9192507459286929  0.0070783877951343232 5.917735754239291  0.010689959410435265 5.9162591316512048  0.014294252853028306 5.9147723883186103  0.017876916234738586 5.9132557936288555  0.0214444699368266 5.9117183762024492  0.031330997230389873 5.9075193038347251  0.037635879030895283 5.9048384649889334  0.04393978536113851 5.9021565714511368  0.050243274815059427 5.8994744032102293  0.056546631230903761 5.8967923561485476  0.06284986369122296 5.894110442041872  0.094556989863378432 5.8806175815736399  0.11995773734881701 5.8698069125025478  0.1453561883099006 5.8589980167302462  0.17075270637138457 5.8481914093871827  0.19614721579085551 5.8373869931042401  0.22153963779751723 5.8265846657667995  0.51392408222261965 5.7022211547297879  0.78071754334528043 5.5889334401392183  1.0474151972081458 5.4760732733742374  1.314114361669078 5.3637815846165608  1.580930139229443 5.2522225754584815  1.8479751814733894 5.1415553078126841  2.4531523152444263 4.8934917534344793  2.7914875013326563 4.7567296032743229  3.1306242645898434 4.6219994577698147  3.470808927800396 4.489656767106891  3.8122853550427998 4.3600712910611277  4.1552902331100849 4.2336192862549593  4.7150531193953595 4.0339954782990377  4.9307397641092647 3.9586827957942563  5.1471567244872007 3.8848246936577735  5.3643517125689169 3.81251178276244  5.58236723765161 3.7418332320507344  5.8012395940208048 3.6728752946405758  6.1935998475620098 3.5529747537879111  6.3667483147074018 3.5013415832721018  6.5404569624965365 3.4508600678996482  6.7147367956922945 3.4015681982740369  6.8895957618585371 3.3535017225964694  7.0650384017773211 3.3066936591760174  7.4139352593476291 3.2164704328833831  7.5873690944561405 3.173009363998843  7.7613674846680976 3.1308189392492247  7.935928195104843 3.0899242470542112  8.1110460279746945 3.0503468356950156  8.2867125740150094 3.0121044217192994  8.4629159639342699 2.9752105983460955 
 0 8 0.0030371724078535056 6 0.0083878373922746663 6 0.029954265900042798 6 0.25673431528106294 6 0.54320839797837672 6 0.72186961419605955 6 0.86219327616405628 6 1 8
7 0 0  7 56 10  -0.1264311207274052 3.6820121538603776  -0.12630561299145801 3.6825240302257809  -0.126184340011193 3.6829647075741252  -0.12606459759497701 3.6833795889652228  -0.12594160907910271 3.6838489492122464  -0.12581869238711826 3.6843170028678651  -0.12569667408681187 3.6847699948512087  -0.12545204657709064 3.6856858737132927  -0.12532971235387291 3.6861441481392028  -0.12520736088791515 3.6866027044232696  -0.12508499540481829 3.6870614894284426  -0.12496261913020246 3.6875204500181074  -0.12484023528967202 3.6879795330552692  -0.12447307074717676 3.6893569900989172  -0.12422826225231884 3.6902758184111706  -0.1239834236167881 3.6911951428187066  -0.12373855683308874 3.6921149358003404  -0.12349366389374994 3.6930351698348067  -0.12324874679127656 3.6939558174009908  -0.12251392897201571 3.6967189181308995  -0.12202395588527458 3.6985626154333571  -0.12153389208990428 3.7004079344894487  -0.12104374141783893 3.7022548669031488  -0.12055350770101408 3.7041034042790999  -0.12006319477136793 3.7059535382213187  -0.11859202983976724 3.7115087045600204  -0.11761095658000477 3.7152184929018213  -0.1166296160126323 3.7189346140734951  -0.11564803746872923 3.7226570567885995  -0.11466625027938386 3.7263858097610902  -0.11368428377567578 3.7301208617045791  -0.11073793431471994 3.7413448805894935  -0.10877308240039579 3.7488527726037804  -0.10680785108349139 3.756385824420803  -0.10484247990177657 3.763943983085408  -0.10287720839302517 3.7715271956427094  -0.10091227609500773 3.7791354091375946  -0.095019215446475236 3.802034893570057  -0.091092846874520197 3.8174009779947906  -0.087170802374174822 3.8328663082308889  -0.083255127034102885 3.848430236279972  -0.079347925487114029 3.864091981804012  -0.07545136191013338 3.8798506321250432  -0.063800256252416948 3.9274141624257957  -0.056084407647877435 3.9595061151189923  -0.048437787930553082 3.9919725734382006  -0.040879160182080321 4.0248019387198912  -0.033428058154619439 4.057978910686054  -0.026104467579670783 4.0914839576268776  -0.0045765872713643685 4.1929104444953795  0.0091852767855121684 4.2617454811099647  0.022195009635133853 4.3315954522989397  0.034293271796724138 4.4022015933399734  0.04532631010010113 4.4731669513105849  0.055191516595214533 4.5440330385675116  0.063840870646814984 4.6143133739463256 
 0 8 0.00390625 6 0.0078125 6 0.015625 6 0.03125 6 0.0625 6 0.125 6 0.25 6 0.5 6 1 8
8 1.5707963267948966 3.1415926535897931
1 3.1415926535897931 15.156071644058713 -1 -0 
8 1.5707963267948966 3.1415926535897931
1 0.61610556204755429 0 0 1 
1 6.2831853071795862 -0 0 1 
1 0 -0 0 1 
1 5.9376584463899782 4.6309518948453015 1 0 
1 0 3.6820121538603772 1 0 
1 0 5.8309518948453007 1 0 
2 0 0 1 0 -0 1 12
1 0 4.6309518948453041 1 0 
1 0 3.6820121538603785 1 0 
8 0.86648001224484561 1.0567541949402071
7 0 0  5 6 2  4.3742047770993819 3.8484282505983214  4.3470125789677105 3.1747116650145073  4.3207252856705498 2.4551852626659256  4.2953446277499827 1.6878161717719471  4.2708610906985758 0.87029623182356619  4.2472582627202851 -1.4013563494606641e-14 
 0.86648001224484561 6 1.0567541949402071 6
8 0.86648001224484561 1.0567541949402071
5 13.169861634597867 -24.999999999999996 0 1 -1 0 15.50580039547455 9.3034802372847309
7 0 0  6 7 2  1.6474283772443694 4.6309519157086303  1.6372075535696413 3.9276269820426228  1.6272921372167508 3.1992154431523674  1.6176628607079597 2.4440596790017852  1.6083055022545134 1.6604966442393043  1.5992054567058211 0.84653812368519132  1.5903502769539226 -4.4408920985006262e-16 
 -1.5247783091630618 7 3.323664882030799 7
1 7.3624635388270931 0 0 1 
1 0 3.4985711369071804 1 0 
2 -7.7376619892057477 -30 1 0 -0 1 13.199999999999999
8 -2.1708180198249285 -2.0249102847449336
7 0 0  5 6 2  4.1771499168379318 2.0106417187913878e-14  4.1705771526583177 0.82891931977319055  4.1637707947793841 1.6268047659608982  4.1567203665758159 2.3951268621823636  4.1494148108894962 3.1352462570596966  4.1418425019268064 3.8484282505983525 
 -2.1708180198249285 6 -2.0249102847449336 6
8 -2.1708180198249285 -2.0249102847449336
5 30.406995344059546 -24.999999999999996 0 1 -1 0 5.6309250637147077 3.378555038228825
8 1.5707963267948966 3.1415926535897931
1 0 0 0 1 
8 1.5707963267948966 3.1415926535897931
1 3.1415926535897931 0.63636363636368998 -1 -0 
1 0 3.1415926535897931 1 0 
1 0.61610556204755307 2 -1 -0 
1 0 -3 1 0 
1 -15.737661989205748 -44 0.90618313999526545 0.42288546533112387 
1 0 0 0 -1 
1 46.17358552246079 0 0 -1 
1 0 0 0 1 
1 -7.1054273576010019e-15 -2 1 0 
7 0 0  5 6 2  1.5707963267948966 15.197837911019469  1.2566370614357869 15.197837911019379  0.94247779956963917 15.197837911019592  0.62831852722573867 15.197837911019374  0.31415926535899907 15.197837911019501  1.1102230246251565e-16 15.197837911019469 
 0 6 1 6
1 0 0 1 0 
1 0 -3 1 0 
1 -1.7376619892057477 -1.0403311000055026e-15 -0.30320365727694698 -0.95292578001326189 
1 0 1 1 0 
8 0 1
1 1 0 0 1 
7 0 0  11 22 3  0 2.1932768697338116  0.35850058827515058 2.2483188764276809  0.71049599112897022 2.3023621163937591  1.0567135139213559 2.3555182556868286  1.3979178112659081 2.4079046947409166  1.7347799114746978 2.459624459173452  2.0680557225710694 2.5107936065201595  2.3983711441713056 2.5615082336125905  2.7264259441676639 2.6118757785704925  3.0528436988859906 2.6619919815218753  3.3782673072144345 2.7119555492642973  4.0283796633479447 2.8117698587197562  4.3530685812150223 2.8616206265434392  4.6780192473115294 2.9115115816022854  5.0038542573814615 2.9615383134751436  5.3311953741560894 3.0117962838360706  5.6606683476988309 3.0623815665641834  5.9929064437005914 3.1133913894246845  6.3285521469954205 3.1649243956519584  6.6682565076084277 3.2170805435135392  7.0126755965700687 3.2699605621808092  7.3624635388270931 3.3236648820307986 
 0 12 0.5 10 1 12
1 0 8 1 0 
2 6.5 0 -1.1102230246251565e-16 -1 1 -1.1102230246251565e-16 1.1499999999999999
1 6.2831853071795862 -0 0 1 
1 0 -0 0 1 
1 0 7.9999999999999991 1 0 
2 0 -6.5 -1.1102230246251565e-16 -1 1 -1.1102230246251565e-16 1.1499999999999999
1 6.2831853071795862 -0 0 1 
1 0 -0 0 1 
1 0 8 1 0 
2 0 0 -1.1102230246251565e-16 -1 1 -1.1102230246251565e-16 3.2000000000000002
1 6.2831853071795862 -0 0 1 
1 0 -0 0 1 
1 0 8 1 0 
2 0 6.5 -1.1102230246251565e-16 -1 1 -1.1102230246251565e-16 1.1499999999999999
1 6.2831853071795862 -0 0 1 
1 0 -0 0 1 
1 0 8 1 0 
2 -6.5 0 -1.1102230246251565e-16 -1 1 -1.1102230246251565e-16 1.1499999999999999
1 6.2831853071795862 -0 0 1 
1 0 -0 0 1 
1 6.2831853071795862 -0 0 1 
1 0 -0 0 1 
1 6.2831853071795862 -0 0 1 
1 0 -0 0 1 
1 6.2831853071795862 -0 0 1 
1 0 -0 0 1 
1 6.2831853071795862 -0 0 1 
1 0 -0 0 1 
1 6.2831853071795862 -0 0 1 
1 0 -0 0 1 
8 3.6820121538603772 4.7123889803846808
1 0.34552686078960804 0 0 1 
8 3.6820121538603772 4.7123889803846808
1 0 1.3322676295501878e-15 0 1 
7 0 0  9 50 7  1.6474283952429158 3.6820121538603785  1.6473261748412138 3.6820120826127103  1.6470833606840891 3.6842953759175807  1.6471870793977905 3.6831659024528842  1.6472178686291319 3.6826740721165554  1.646829979561802 3.6852399730875933  1.6460869192847809 3.6895458703523349  1.6453397448714522 3.6932694893545279  1.6448356210649075 3.6962295084827472  1.6436526857969915 3.7027998596282985  1.6430612737968877 3.7060870658452982  1.6424698336862062 3.7093768312237434  1.641878281719851 3.7126696842809062  1.6412865341539626 3.7159661535340471  1.6406945072430017 3.7192667675003479  1.6401021172431764 3.7225720546972267  1.6395092804092941 3.7258825436417347  1.637729178172413 3.735831201270325  1.6365426473108478 3.7424735871728285  1.63535632441557 3.7491264334360235  1.6341702134887695 3.7557902529366145  1.6329843185345321 3.7624655585522371  1.631798643554375 3.7691528631592397  1.6306131925525178 3.7758526796354004  1.6294279695309977 3.7825655208572573  1.6258729964174545 3.8027446573919206  1.6235047174189057 3.8162471538667893  1.6211389577161865 3.8297993146816198  1.6187765335274289 3.8434010653901236  1.6164182610715219 3.8570523315481182  1.6140649565665413 3.8707530387085103  1.6117174362312712 3.8845031124272906  1.6093765162839839 3.8983024782579707  1.6023760062617811 3.9398482287506025  1.5977386362331218 3.9677432040615819  1.5931378343643137 3.9958338674357448  1.5885805321619135 4.0241180986205389  1.5840736611332646 4.0525937773628389  1.5796241527847565 4.0812587834105845  1.5752389386236763 4.1101109965103797  1.5709249501566409 4.1391482964100197  1.5582174563586944 4.2268090957495899  1.5500917051969607 4.285532298188639  1.5421724445848408 4.3474338796346874  1.5351644304981822 4.402565897221689  1.5277689887934602 4.4714795916725363  1.5219821810841934 4.5248581015633631  1.5159007137124689 4.5912031987886328  1.5109015319388877 4.6510173580164098  1.506418289613213 4.7122025549299247 
 0 10 0.03125 8 0.0625 8 0.125 8 0.25 8 0.5 8 1 10
7 0 0  8 51 8  7.3624635388270949 -1.524778309163062  7.3579515078456037 -1.5244529373203979  7.3567859634926869 -1.5193124707018621  7.333949968923422 -1.5167190278649489  7.3853422762702383 -1.5317239779093905  7.3063644671764303 -1.5014870914165654  7.3044896927198604 -1.498117245339545  7.2794803114031197 -1.4871141165483486  7.2357708175883229 -1.4670252014248297  7.2139309670227361 -1.4569828017322135  7.1921014787359461 -1.4469406976902148  7.1702778186654301 -1.4368971270800308  7.1484554527479736 -1.4268503276833095  7.1266298469211078 -1.4167985372811729  7.1047964671217407 -1.4067399936551923  7.0392594036180194 -1.376538816449612  6.9956064367222996 -1.3564109071106962  6.9519862336749227 -1.3362891466247839  6.9083931495507205 -1.3161734750466421  6.8648215394244243 -1.2960638324312412  6.8212657583711565 -1.2759601588332723  6.7777201614654805 -1.2558623943076974  6.6470969884162896 -1.1955866481124873  6.5600641264097392 -1.1554399929252575  6.4730679997166067 -1.1153461624443617  6.3860960902918613 -1.0753208057668786  6.2991358800884285 -1.0353795719893899  6.2121748510618762 -0.99553811020904759  6.1252004851652826 -0.95581206952251885  5.8641998227295788 -0.83702715803525907  5.6900928639763766 -0.75835409562806932  5.5157758735687796 -0.6803368038582609  5.3411453369818593 -0.6031141747789347  5.1660977396903869 -0.52682510044311981  4.9905295671696006 -0.45160847290392414  4.8143373048942806 -0.37760318421439737  4.4604975717847219 -0.23229306864084179  4.2828220238224999 -0.16099267601450462  4.104318329406488 -0.09119939616787702  3.924914023490556 -0.023065676720236947  3.7445366410282874 0.043256034709158668  3.5631137169735005 0.10761329050102114  3.3805727862799042 0.1698536430360959  3.0131099815225229 0.28979564635410821  2.8270615393227958 0.34775631039590726  2.6457742770178414 0.4020554768415206  2.447667820756247 0.45705267985782499  2.2725169447284861 0.50429848013117518  2.0720476644022274 0.55385071819480303  1.8849637651311304 0.59737097846765197  1.6924515251168535 0.63886261625047625 
 0 9 0.03125 7 0.0625 7 0.125 7 0.25 7 0.5 7 0.75 7 1 9
1 0.61610556204755307 0 0 1 
1 0.63636363636368287 0 0 -1 
1 0 0 0 1 
7 0 0  6 7 2  17.77162993166467 -5.9992132948901595  17.205617447266931 -5.1313131634816207  16.614332666574029 -4.2174851725688089  15.994391520181308 -3.2525580672321364  15.343147523687559 -2.2323546868413473  14.656561846682985 -1.1504414340614884  13.930426251120386 -3.4458806972846482e-15 
 -2.939351064378029 7 4.4231124744490637 7
1 0 0 1 0 
1 0 0 1 0 
1 62 0 0 -1 
1 0 0 0 1 
1 0 -72 1 0 
1 0 0 1 0 
8 -55.5 -5.5
1 13 -5.5 0 1 
8 -55.5 -5.5
1 1 -5.5 0 -1 
8 6.5 42.5
1 6.5 -61 1 0 
8 6.5 42.5
1 -6.5 1 1 0 
8 -55.5 -5.5
1 49 -5.5 0 1 
8 -55.5 -5.5
1 1 -5.5 0 -1 
8 6.5 42.5
1 6.5 -11 1 0 
8 6.5 42.5
1 -6.5 1 1 0 
1 0 40 1 0 
1 0 -72 1 0 
1 62 0 0 1 
1 0 72 1 0 
1 0 40 1 0 
1 0 0 1 0 
1 62 0 0 1 
1 0 0 1 0 
1 62 0 0 -1 
1 40 0 0 1 
8 -32.5 -2.5
1 2.5 18 -1 0 
8 -32.5 -2.5
1 2 -2.5 0 -1 
8 9 45
1 35 9 0 1 
8 9 45
1 2 9 0 -1 
8 -32.5 -2.5
1 2.5 54 -1 0 
8 -32.5 -2.5
1 2 -2.5 0 -1 
8 9 45
1 5 9 0 1 
8 9 45
1 2 9 0 -1 
1 0 50 1 0 
1 0 0 0 1 
8 -54.25 -4.25
1 3.5 -4.25 0 -1 
8 -54.25 -4.25
1 10.5 -4.25 0 1 
1 0 0 1 0 
1 0 0 0 1 
8 5.25 41.25
1 -5.25 3.5 1 0 
8 5.25 41.25
1 5.25 -58.5 1 0 
1 36 0 0 1 
1 0 50 1 0 
8 -54.25 -4.25
1 3.5 -4.25 0 -1 
8 -54.25 -4.25
1 46.5 -4.25 0 1 
1 0 0 1 0 
1 36 0 0 1 
8 5.25 41.25
1 -5.25 3.5 1 0 
8 5.25 41.25
1 5.25 -8.5 1 0 
1 0 30 1 0 
1 0 0 1 0 
1 20 0 0 1 
1 0 0 1 0 
1 0 0 1 0 
1 0 0 1 0 
1 20 0 0 -1 
1 30 0 0 1 
1 0 -36 1 0 
1 0 30 1 0 
2 12 -27 1 0 -0 1 4
1 0 7 1 0 
2 12 -9 1 0 -0 1 4
1 0 7 1 0 
1 20 0 0 1 
1 0 36 1 0 
1 0 0 1 0 
1 0 -36 1 0 
1 20 0 0 -1 
1 0 0 0 1 
1 0 0 1 0 
1 0 0 1 0 
1 57 0 0 -1 
1 0 0 0 1 
1 0 0 0 -1 
1 0 0 0 1 
1 0 -67 1 0 
1 0 0 1 0 
1 6.2831853071795862 -0 0 1 
1 0 -0 0 1 
1 0 0 1 0 
2 0 0 1 0 -0 1 4
1 6.2831853071795862 -0 0 1 
1 0 -0 0 1 
1 0 0 1 0 
2 0 0 1 0 -0 1 4
1 0 0 0 1 
1 0 0 1 0 
1 0 35 1 0 
1 0 0 1 0 
1 57 0 0 1 
1 0 0 1 0 
1 0 67 1 0 
1 57 0 0 1 
1 35 0 0 1 
1 57 0 0 -1 
1 0 67 1 0 
1 0 0 0 1 
1 35 0 0 1 
1 0 0 0 -1 
1 0 35 1 0 
1 0 -67 1 0 
1 0 0 1 0 
1 0 0 1 0 
1 3 0 0 -1 
1 0 0 0 1 
1 0 -62.5 1 0 
1 0 0 1 0 
1 0 0 0 -1 
1 0 0 0 1 
1 0 0 1 0 
1 0 25.399999999999999 1 0 
1 3 0 0 -1 
1 25.399999999999999 0 0 1 
1 0 -62.5 1 0 
1 0 25.399999999999999 1 0 
1 0 0 0 -1 
1 25.399999999999999 0 0 1 
1 0 0 0 1 
1 0 0 1 0 
1 3 0 0 1 
1 0 0 1 0 
1 0 0 0 1 
1 0 62.5 1 0 
1 3 0 0 1 
1 0 62.5 1 0 
1 0 0 1 0 
1 0 0 1 0 
1 5 0 0 -1 
1 0 0 0 1 
1 0 -63 1 0 
1 0 0 1 0 
1 0 0 0 -1 
1 0 0 0 1 
1 0 0 1 0 
1 0 25.399999999999999 1 0 
1 5 0 0 -1 
1 25.399999999999999 0 0 1 
1 0 -63 1 0 
1 0 25.399999999999999 1 0 
1 0 0 0 -1 
1 25.399999999999999 0 0 1 
1 0 0 0 1 
1 0 0 1 0 
1 5 0 0 1 
1 0 0 1 0 
1 0 0 0 1 
1 0 63 1 0 
1 5 0 0 1 
1 0 63 1 0 
1 0 0 1 0 
1 0 0 1 0 
1 15 0 0 -1 
1 0 0 0 1 
1 0 -55 1 0 
1 0 0 1 0 
1 0 0 0 -1 
1 0 0 0 1 
1 0 0 1 0 
1 0 30 1 0 
1 15 0 0 -1 
1 30 0 0 1 
1 0 -55 1 0 
1 0 30 1 0 
1 0 0 0 -1 
1 30 0 0 1 
1 0 0 0 1 
1 0 0 1 0 
1 15 0 0 1 
1 0 0 1 0 
1 0 0 0 1 
1 0 55 1 0 
1 15 0 0 1 
1 0 55 1 0 
Curves 212
5 30.999999999999996 -28.975609756097565 164.78048780487805 0 -0.30320365727694704 0.952925780013262 -1 -0 0 0 -0.952925780013262 -0.30320365727694704 5.6309250637147077 3.378555038228825
8 0 1.0327533066233965
3 8 -41.408079730537864 160.82470190391979 -0 0.30320365727694704 -0.952925780013262 0 -0.952925780013262 -0.30320365727694704 -1 -0 0 2.71996027794113 2
7 0 0  4 5 2  9.0000000001571756 -41.135232685213666 160.91151687286626  9.242826135611713 -40.991611450931444 160.9572145383197  9.485605279146391 -40.847869828243041 161.00295050922077  9.728334089570156 -40.703999473611546 161.04872744021452  9.9710084891449497 -40.559990270093152 161.09454855042492 
 0 5 1 5
1 6 -44 160 1 0 0 
8 0 1
7 0 0  5 18 5  9.9710084891449497 -40.559990270093152 161.09454855042492  9.8720344175378276 -40.618724018877899 161.07586053944794  9.7775258280977386 -40.684385191491323 161.05496834816185  9.6881513799982741 -40.756493457338834 161.03202480902854  9.6044773918851671 -40.834490305735308 161.0072076299933  9.4789329759414862 -40.96940148831942 160.96428134462565  9.4332585110751808 -41.023066286021709 160.94720618172036  9.3900720929159114 -41.078616790168702 160.92953102130997  9.3494732963281475 -41.135902837888146 160.91130364249014  9.2220585687734111 -41.333671412903321 160.84837727771259  9.1474552647963563 -41.48137410449354 160.80138096675205  9.0888704773845497 -41.635831219921066 160.75223552093419  9.0470308195528268 -41.794888228857872 160.70162647263612  9.0133862909013729 -42.014332218100861 160.63180338514974  9.0066988188758863 -42.07265014221236 160.61324768202334  9.0022337044133067 -42.131172506083544 160.59462692988251  9 -42.189795756034684 160.57597407762532  9 -42.248415677632444 160.55732228438967 
 0 6 0.27709817211074267 4 0.44890804496544523 4 0.85431740303418002 4 1 6
1 6 -44 160 0 0.95292578001326189 0.30320365727694698 
1 6 -29.999999999999996 183 0.85749292571254421 -1.2601511601184397e-16 -0.51449575542752657 
2 9.971008489144948 -30 168 1 0 0 -0 0.99878887675168548 0.049201419462314044 0 -0.049201419462314044 0.99878887675168548 12.617394906513029
2 10.028991510855052 -30 168 1 0 0 0 0 1 0 -1 0 12.582605093486961
7 0 0  6 17 4  4.5537554857061666 -14.132129646091636 167.95504807474353  4.6266202899564517 -14.175946207781545 167.94251742066879  4.6994464385570041 -14.219739524261668 167.92999341425585  4.7722339315078237 -14.263509595532001 167.91747605550469  4.8449827688089124 -14.307256421592543 167.90496534441542  4.9176929504602667 -14.350980002443293 167.89246128098787  6.1422487680213935 -15.087355075086187 167.68187284253901  7.2256899686801699 -15.742045753803819 167.49667965647288  8.2475714921724794 -16.362749115667437 167.32315178468727  9.2142584959211309 -16.953210278988564 167.16016311189102  10.129987010570236 -17.515912244859052 167.0069559691533  11.06085379714211 -18.091661714863122 166.8525231164048  11.126277693227806 -18.132126982332444 166.84166914776372  11.196271688257083 -18.175418897054183 166.83005698962941  11.270835782229938 -18.221537459028344 166.81768664200192  11.349969975146372 -18.270482668254925 166.80455810488107  11.433674267006387 -18.322254524733925 166.79067137826704 
 -1.360810722744596 7 -0.89631840964051834 5 6.4661442831449163 5 6.9811179865453674 7
2 6 -30 168 1 0 0 -0 0 1 0 -1 0 15
2 9.971008489144948 -30 168 1 0 0 0 0 1 0 -1 0 12.617394906513027
8 0.6363834285505755 1
7 0 0  7 26 5  7.4112593472519119 -42.893187277585852 162.16218802676522  7.3608842336275853 -42.901595121714408 162.10747936722916  7.3111625759588525 -42.908873579343485 162.05165662645257  7.2620951437388319 -42.91502356539025 161.99476852537919  7.2136853915566803 -42.920041899859726 161.93685794411499  7.1659393336457589 -42.923921320906821 161.87796223685299  7.118865418431791 -42.926650497898493 161.81811354679786  6.9721089207617863 -42.931596727634492 161.62585558914722  6.8749696560223637 -42.929521964001196 161.490077332433  6.7811251633319571 -42.921842171201902 161.35023721145666  6.6907714148336463 -42.908294442329058 161.20652438174039  6.6042059614439816 -42.888530950601478 161.05911263576459  6.5218503283370053 -42.862084310716511 160.90814883772623  6.3768914723458003 -42.79885706099067 160.61937535824305  6.31319062537571 -42.763905319412906 160.48256910470752  6.2535445695035596 -42.722950248413675 160.34320295138255  6.1985280212961706 -42.675427753769576 160.20137602036783  6.1489878042612114 -42.620662996748095 160.05737687598267  6.1060110556914644 -42.557921435327323 159.91169375510771  6.0524850063849476 -42.447689918089921 159.6862264059117  6.0361523816231166 -42.406637723479356 159.60725328021203  6.0224189712753056 -42.36287948025933 159.52814812863704  6.0115814598616035 -42.316289670749597 159.44911420591112  6.0039841645040957 -42.266774216861108 159.3704465959805  6.0000000000000009 -42.214291740132488 159.29253025509911  6 -42.158883933556986 159.21583575459309 
 0 8 0.16516305578871987 6 0.52248805999953474 6 0.83326102127593193 6 1 8
7 0 0  7 20 4  11.341889030767373 -36.208383651190609 178.03209914522614  11.280786770782749 -36.186770798560858 178.08736321188758  11.223771500756454 -36.166603580048282 178.13893079194506  11.170843220688496 -36.147881995652838 178.18680188539864  11.122001930578872 -36.130606045374556 178.23097649224832  11.07724763042758 -36.114775729213413 178.27145461249407  11.036580320234624 -36.100391047169431 178.30823624613598  10.350424926008474 -35.857686842443961 178.92883092555041  9.6398898747081887 -35.620113350621473 179.53560863443559  8.8648236174978354 -35.372283687850455 180.16612967595134  8.0185604125800403 -35.111471307173659 180.82574973266543  7.0985595527629961 -34.836346975483039 181.51629304761934  6.0961394130202757 -34.543962913817118 182.24375341800919  4.9496784938085856 -34.216500577661662 183.05073664265683  4.8959643239238106 -34.201158260047187 183.08854554943818  4.8419998329813181 -34.185744443512021 183.126530654894  4.7877850209811115 -34.170259128056145 183.16469195902437  4.7333198879231881 -34.154702313679572 183.20302946182923  4.6786044338075499 -34.139074000382294 183.24154316330859  4.6236386586341967 -34.123374188164327 183.2802330634625 
 -4.3580997814334523 8 -3.8815171837362534 6 4.5813987824616573 6 4.9953615204346891 8
2 6 -30 168 1 0 0 -0 0 1 0 -1 0 15
7 0 0  7 14 3  4.759843222082238 -44.311228164418885 161.43660948280311  4.795083654009292 -44.298682270206449 161.4602574818548  4.8301632694247107 -44.286193628043229 161.48379756540982  4.8650820683284923 -44.273762237929198 161.50722973346814  4.8998400507206368 -44.261388099864369 161.53055398602979  4.9344372166011441 -44.249071213848751 161.55377032309477  4.9688735659700125 -44.236811579882328 161.57687874466305  6.0706163693590227 -43.844581748839467 162.31620035183531  7.0516439053098159 -43.483057665152067 162.99234377821219  7.9539520232005394 -43.137968300623093 163.63319277105427  8.7854839215616636 -42.806857199341096 164.24431483877785  9.5489264775662672 -42.489105496384497 164.827971125071  10.250299601565255 -42.182603838765083 165.38914517743714  10.893033580238498 -41.885648904384148 165.93220271311188 
 -1.0031235505873162 8 -0.73773616420171007 6 7.527411752202867 8
2 9.971008489144948 -30 168 1 0 0 0 -0.93867981673153245 -0.34479008347233064 0 0.34479008347233064 -0.93867981673153245 12.617394906513029
1 8 -43.406444117837907 161.27190546177593 0 -0.42288546533112387 -0.90618313999526545 
7 0 0  7 8 2  6.0000000000000018 -41.485449837783996 160.65890881696379  6.0000000000000018 -41.892143879986222 160.84869936999149  6.1174977731032048 -42.298835954811452 161.03848900490644  6.3524745555957596 -42.672091115259121 161.21267474645694  6.6905061183539383 -42.978409618215842 161.35562338116085  7.1024042700332135 -43.19134161680185 161.45499164717549  7.5512010494871538 -43.297816117774502 161.50467974762597  8.0000000000000018 -43.297816117774502 161.50467974762597 
 0 8 1 8
1 6 -41.594077837847379 160.42613453111369 0 -0.42288546533112387 -0.90618313999526545 
1 6 -30 190 0 -0.42288546533112387 -0.90618313999526545 
7 0 0  7 14 3  5.7604257494198015 -44.067032593792383 159.85635872758772  5.7946506423598274 -44.055576267553008 159.88090799810075  5.8288755352998551 -44.04411994131361 159.90545726861373  5.8631004282398811 -44.032663615074206 159.93000653912671  5.8973253211799079 -44.021207288834816 159.95455580963969  5.9315502141199365 -44.009750962595426 159.97910508015266  5.9657751070599634 -43.998294636356029 160.00365435066561  7.0658901556135589 -43.630045802994282 160.7927589935837  8.0456410360413617 -43.290714641118278 161.51989719760289  8.946498336834205 -42.966672620845394 162.21427295533204  9.7768483129764192 -42.655134274319522 162.88185512645802  10.5399114441449 -42.354845075139025 163.52533198184449  11.240542366026197 -42.063821082016702 164.14895482425038  11.881894024559831 -41.780173992278137 164.75677001654685 
 -1.0031235505873162 8 -0.73773616420171007 6 7.527411752202867 8
7 0 0  4 5 2  9.009611107896152 -42.931698734168528 162.28921699821029  9.0048263993913213 -42.959012073786418 162.23068841331482  9.0016163959646764 -42.986371121188945 162.17206188316652  9 -43.013750859375854 162.11339101562319  9 -43.041124748491256 162.05473268180447 
 0 5 1 5
8 0 1
7 0 0  7 62 11  9.9710084891449497 -42.29762816000072 165.17741326700875  9.9709894078691015 -42.297636449543106 165.17739820568747  9.9708301191010378 -42.297707087721797 165.17727859540932  9.9706324796069428 -42.297761597018585 165.17698608356093  9.9703340630833459 -42.297804436181096 165.17637227062298  9.9698325991636239 -42.297872834982286 165.17532430631772  9.9691104124244756 -42.297986628980006 165.17388048575623  9.9672881253550951 -42.298256899074623 165.1701594411158  9.9662214470379826 -42.298414246759513 165.16797468121266  9.9651565342036772 -42.298571258809048 165.16579029985556  9.9640919191836534 -42.29872865358 165.16360548627401  9.9630269588782507 -42.298886746307986 165.16141988494721  9.9619618347566963 -42.299045449107496 165.15923359560401  9.9523879324147 -42.300474154246864 165.13956531564705  9.9438939188935027 -42.301770361172501 165.1220539231366  9.9354055703241446 -42.303098263752737 165.10450764803892  9.9269338749864335 -42.304453014401425 165.08693273881971  9.918471007899603 -42.305838961793683 165.06932503459734  9.9100221731824139 -42.307254095122509 165.0516875979678  9.8934411180201902 -42.310094941688554 165.01696074544034  9.8853082232024967 -42.311518509620036 164.99987348047517  9.8771883469936803 -42.312970303600423 164.98275880280153  9.869082060823251 -42.314450531989728 164.96561720509638  9.8609899445032791 -42.315959403443387 164.9484491920503  9.8529125862283902 -42.317497126912301 164.93125528036748  9.8320097580929033 -42.321559421269797 164.88660984240272  9.8192078841319113 -42.324128656120322 164.85911932631146  9.8064473677481114 -42.32677246458325 164.83156658269493  9.7937306584530734 -42.32949169947608 164.80395382147148  9.7810602482146187 -42.332287218045096 164.77628333027437  9.768438671456817 -42.335159881965275 164.74855747445199  9.7357701601015467 -42.34282837011046 164.67636341784473  9.7158032341207274 -42.347745606109775 164.63181286493631  9.6959782739382625 -42.35286582018049 164.58713700565198  9.6763060663096585 -42.358192564147096 164.54234637243047  9.6567976379251892 -42.363729386816523 164.49745206283947  9.6374642554099008 -42.369479833978041 164.45246573957556  9.5684588598772056 -42.39098718490493 164.29004696475428  9.5198659404898525 -42.407999368215194 164.17215483112207  9.4727397321148601 -42.426546096908076 164.05393659897413  9.4272937351697141 -42.446688607332696 163.93563747304717  9.383747627965505 -42.468483565299643 163.81753299666792  9.3423210091363131 -42.491979357767299 163.69992755501235  9.2725894637391928 -42.536987385702119 163.49163712840513  9.2433847738822017 -42.55782907586876 163.40063262360079  9.2157155014663026 -42.579754612850252 163.31029899054047  9.1896817565810984 -42.602775978254961 163.22080769358311  9.1653780686305844 -42.626898400369164 163.13233897616647  9.142890126526579 -42.652118777048678 163.04507880211514  9.1097729530686138 -42.694410853876171 162.90703354756261  9.0979522083880511 -42.710798316001728 162.85536734924389  9.0868458242521886 -42.727583549151113 162.80425954731871  9.0764686432137474 -42.744762263731836 162.75375273082872  9.0668335648922582 -42.762328738127472 162.70388931448662  9.0579512998998233 -42.780275740430071 162.65471112063059  9.0418554237859592 -42.816582757757793 162.5586807005032  9.0346145891650558 -42.834929517064779 162.51180243025641  9.0281154987422791 -42.853626381464814 162.46566284420481  9.0223637170927482 -42.872663584820295 162.4202994895966  9.0173623969717323 -42.892029963368472 162.3757483818795  9.0131121817578315 -42.911712977605156 162.33204361941799  9.0096111078961503 -42.931698734168506 162.28921699821032 
 0 8 0.0037132232628304118 6 0.0090034587791212317 6 0.051302304893807271 6 0.092145237539824176 6 0.15719816384309176 6 0.26121080075860587 6 0.53206090187423638 6 0.7443248176660423 6 0.87332576013564023 6 1 8
2 9 -30 168 1 0 0 0 -0.93867981673153245 -0.34479008347233064 0 0.34479008347233064 -0.93867981673153245 14.332380757938118
8 0 1
7 0 0  6 37 8  9.9706894105106851 -17.419438479057888 167.03410237109304  9.9706894534189754 -17.41940391159633 167.03455293960073  9.9702107240905224 -17.419074242825371 167.03509248617107  9.9696943957379727 -17.418724244193537 167.03560107738826  9.9693391215846656 -17.418476316144872 167.03604173197246  9.9691010348646447 -17.418300488118913 167.0364604207802  9.9678727302532231 -17.417437751531928 167.0380456787278  9.9675665369920363 -17.417222852207708 167.03843505852183  9.9666867493418358 -17.416603615675523 167.0395721200893  9.9646588513633709 -17.415181454595658 167.04216758276553  9.9614613180874887 -17.41292623963562 167.0462694743922  9.9465556227098766 -17.402353791960358 167.0654200924061  9.9355782146474727 -17.394466830373254 167.07957859790056  9.9246351791083995 -17.386501783306013 167.0937584794097  9.9137221036065153 -17.378455366835389 167.10795791884311  9.902843834552872 -17.370329758348877 167.122176575514  9.8024844934762019 -17.294385828568409 167.25394086705796  9.715356066249365 -17.221214253418676 167.37269767744871  9.6313178859589179 -17.142643856641747 167.49216696232219  9.5511228477337475 -17.058758455430809 167.61174264605773  9.4755722786070891 -16.969710854438453 167.7307116439041  9.3595731215243276 -16.814241611461739 167.9252022058042  9.3160138721257368 -16.750627177329175 168.00153795228474  9.2750172033170664 -16.684984032317214 168.07702526077989  9.2368138705044931 -16.617409048201107 168.15140432600253  9.2016283637148923 -16.548028746707278 168.22439273970875  9.1421166315712483 -16.415780780988189 168.35715083921232  9.1169620990422864 -16.353335880541167 168.41735440136321  9.0943364254073114 -16.289774526078347 168.4761089408122  9.0743623688978179 -16.225222543352903 168.53321108195505  9.0571441892699998 -16.159827988237748 168.5884543357663  9.0285976572076212 -16.028725219589933 168.69399111330597  9.0171814784954698 -15.963037112057004 168.74434896289912  9.0085843005224309 -15.896861341395791 168.7925176343204  9.0028527295887137 -15.830381454187133 168.83831138526651  9 -15.763796108119868 168.88156229951019  9 -15.69731448470443 168.92213081559464 
 0 7 0.0071990346003062717 5 0.021711049447726165 5 0.062634741815453615 5 0.40046948823634998 5 0.62164838675022027 5 0.81230982874535673 5 1 7
2 9 -30 168 1 0 0 -0 0.99878887675168548 0.049201419462314044 0 -0.049201419462314044 0.99878887675168548 14.332380757938118
2 11 -30.000000000000004 182.33238075793813 -0 1 3.1918911957973251e-16 0 -3.1918911957973251e-16 1 1 0 0 2
2 9 -30 178.86761924206189 0 1 0 0 -0 1 1 0 -0 2
2 11 -30 168 1 0 0 0 0 1 0 -1 0 10.867619242061879
7 0 0  5 6 2  9 -15.697314484704433 168.92213081559464  9 -15.581264774125609 168.99294684427062  9 -15.461334797597672 169.05620316426206  9 -15.338737917858689 169.11156662100413  9 -15.214705298985024 169.15895740486843  9 -15.090368902852777 169.19851898545596 
 0 6 1 6
7 0 0  7 44 8  7.9999999999999973 -14.482411545897174 169.39195996266903  7.9787149388691114 -14.495318426043506 169.38785322807701  7.9574512021591737 -14.508166820860568 169.38344528422155  7.9362109355012587 -14.520951362861936 169.37873692096321  7.914996273728609 -14.533666737900949 169.37372907117199  7.893809340878871 -14.546307685405335 169.36842281260505  7.8726522501912832 -14.558868998325016 169.36281936746514  7.8304019580269344 -14.583822047949466 169.35102083746443  7.8093087485867896 -14.596213790367459 169.34482574810954  7.7882495995376262 -14.608515586682294 169.33833620218414  7.7672266221097432 -14.620722330933857 169.33155370592902  7.7462419200624026 -14.632828973874775 169.32447990329658  7.7252975947274241 -14.644830521936251 169.3171165751975  7.662592060713898 -14.680505064700897 169.29416376584152  7.620958269881223 -14.703847971942324 169.27771145164002  7.5795111234015922 -14.726711294040138 169.26012400005757  7.5382673255335932 -14.749056492460095 169.2414188826337  7.4972432479723903 -14.77084616181398 169.22161552555517  7.4564552400366342 -14.792043916979059 169.20073541552932  7.3348471026007012 -14.853756150696544 169.13493464474547  7.2547829701836353 -14.892389539747048 169.08685359765713  7.1758543817374285 -14.928233835076661 169.0347451243239  7.0981844432904513 -14.961027183045518 168.97882562014553  7.0218895570605033 -14.990529463950526 168.91933892131317  6.9470770581790049 -15.016524607852743 168.85655326428733  6.8372255407401141 -15.049971644521545 168.75785994627802  6.8010029068945794 -15.06019637716245 168.72420970167173  6.7651867825019973 -15.069473079220311 168.68984311303197  6.7297884133016561 -15.07777963420847 168.65479761158304  6.6948182483922301 -15.085095611156122 168.61911180887228  6.6602858686762785 -15.091402315606471 168.58282537381447  6.592113961920834 -15.101963365629166 168.50913244558072  6.5584744322629307 -15.10621771075934 168.47172594843661  6.5252899755347409 -15.109428965543414 168.43380002697864  6.4925682908957523 -15.111582001469976 168.39539620355157  6.4603160862552249 -15.112663511060994 168.35655681365222  6.4285390212188283 -15.112662040549914 168.31732487546574  6.3346468601092809 -15.109379967423074 168.19858203809852  6.2739708196530257 -15.102821700483039 168.11802414135673  6.2152499197395716 -15.091816649555454 168.03641870169949  6.158502819650991 -15.07631825376825 167.95412273592339  6.1037293427018007 -15.056311085059001 167.87149835694325  6.050908767754505 -15.031811198179597 167.78890773878294  6.0000000000000018 -15.00286760134334 167.70670955703162 
 0 8 0.0625 6 0.125 6 0.25 6 0.5 6 0.625 6 0.75 6 1 8
7 0 0  6 17 4  5.5645170225424536 -13.0127333694952 169.85958483697877  5.6370975187853771 -13.056388191457339 169.84569466635438  5.7096780150282989 -13.100043013419478 169.83180449573004  5.7822585112712206 -13.143697835381621 169.81791432510573  5.854839007514145 -13.187352657343768 169.80402415448145  5.9274195037570712 -13.23100747930591 169.79013398385715  7.150441419022286 -13.966615621030504 169.55607684785468  8.2323541206442137 -14.620880488758083 169.34790166266561  9.2525561580700533 -15.241466838648485 169.15044236952392  10.217485682729066 -15.832226226904222 168.9624734732557  11.131313554923674 -16.39567666989921 168.78319378685089  12.059919278964648 -16.9727708425286 168.59957291374087  12.125099506442808 -17.013277947400422 168.58668428946342  12.194753977287379 -17.056565629331846 168.57291093612156  12.268882691498353 -17.102633888322863 168.55825285371529  12.347485649075734 -17.15148272437348 168.54271004224458  12.43056285001952 -17.203112137483689 168.52628250170946 
 -1.360810722744596 7 -0.89631840964051834 5 6.4661442831449163 5 6.9811179865453674 7
8 0 1
7 0 0  5 22 6  6 -34.518835053455213 182.30315075086762  6 -34.431177872582786 182.33084452062025  6 -34.342881333499214 182.36399953336979  6 -34.254391225637477 182.40270993705391  6 -34.16620409444436 182.44696570947593  6 -33.991137491232422 182.54648710706357  6 -33.904263391167291 182.60179249344111  6 -33.818722167667183 182.66242143276185  6 -33.73503733350946 182.72812240565395  6 -33.571874167888332 182.86936209729157  6 -33.492423144426844 182.94495631032208  6 -33.415834285352219 183.02495471343073  6 -33.342559514634438 183.10888427624255  6 -33.202944351813429 183.2840609866245  6 -33.136649375537083 183.37534986089375  6 -33.074455351867257 183.46952136663944  6 -33.016649307508438 183.56595683473697  6 -32.944448813211267 183.69894714110464  6 -32.926070389955868 183.73407228497663  6 -32.908278229436398 183.76937662528917  6 -32.891078464580218 183.80483186161385  6 -32.874475449358179 183.84040975137538 
 0 6 0.22776383752813234 4 0.45635671201617922 4 0.68628826911513285 4 0.91763266338902894 4 1 6
7 0 0  8 37 6  6.0000000000000018 -41.485449837783996 160.65890881696379  6.0000000000000018 -41.465129001791915 160.70245346015034  5.9999999999999929 -41.44689189844393 160.74933566926504  6.0000000000000053 -41.43392862284643 160.80211077837959  5.9999999999999867 -41.428932843664349 160.84329561382413  5.9999999999999956 -41.429188427615827 160.90102822354288  5.9999999999999982 -41.447279711651568 160.94794080201837  5.9999999999999867 -41.471838226646092 160.99087571992439  5.999999999999992 -41.534456664516689 161.06683306372094  5.9999999999999778 -41.572016721060642 161.0996447109853  6.0000000000000266 -41.612763389952057 161.12767526596164  5.9999999999999165 -41.655500976939784 161.15222353756602  6.0000000000000524 -41.699659545403918 161.17437814605489  5.9999999999999529 -41.744692824079912 161.19459232595727  5.9999999999999911 -41.790116796063877 161.21295659700556  5.999999999999976 -41.928333314637626 161.26459471566221  6.0000000000000187 -42.022464984982122 161.29397200363931  5.9999999999999156 -42.11703676186454 161.32065491480986  6.000000000000079 -42.211983803620363 161.34596242084891  5.9999999999998952 -42.307349613720675 161.37066605297591  6.0000000000000391 -42.402740916284735 161.39533595548485  5.9999999999999698 -42.497611438464524 161.42054565717228  6.0000000000000009 -42.68713776080422 161.47332546438858  5.9999999999999432 -42.78160858656512 161.50087280083588  6.0000000000000826 -42.875533589509516 161.5300868477706  5.999999999999873 -42.96874030556085 161.56152925346731  6.0000000000000888 -43.061023858930696 161.5958186832076  5.9999999999999485 -43.152033527040764 161.6336354655524  5.9999999999999973 -43.241159305483698 161.6757262387251  6.0000000000000009 -43.413677640418555 161.77009095510013  5.999999999999952 -43.497023460685128 161.8223411874944  6.000000000000087 -43.576954836892781 161.8806141382982  5.9999999999998854 -43.651931187238517 161.94578474197203  6.0000000000000773 -43.719904334970629 162.01839391957736  5.9999999999999689 -43.778850398386723 162.09839447507022  6.0000000000000044 -43.827301677439337 162.18489698818672  5.9999999999999991 -43.864878560704653 162.27591572805414 
 0 9 0.125 7 0.25 7 0.5 7 0.75 7 1 9
1 6 -30 190 0 -0.42288546533112387 -0.90618313999526545 
1 6.0000000000000009 -17.999999999999996 188 0 1 0 
1 6 44 160 0 -0.42288546533112387 0.90618313999526545 
7 0 0  7 44 8  6 -15.088818860451074 171.29781152269558  6 -15.121791872280987 171.28732011021714  5.9999999999999121 -15.151764600491846 171.27272138303798  6.0000000000000933 -15.178493137347138 171.2538867411684  5.9999999999998463 -15.201854598185838 171.23102307405793  6.0000000000000115 -15.2218471211993 171.20467275886628  5.9999999999999263 -15.238589867469639 171.17571366073238  5.9999999999999369 -15.266056174482681 171.11500460496543  5.9999999999998828 -15.276710971772562 171.08339993164427  5.9999999999999574 -15.284926050996377 171.05146994963573  5.999999999999865 -15.291247329549497 171.01936035455574  5.9999999999999263 -15.296100649987586 170.986880182091  5.9999999999998845 -15.299764425936692 170.95394428904055  5.9999999999998881 -15.307498012149702 170.85515892545786  5.9999999999998126 -15.308407588663838 170.78870622777518  5.9999999999999369 -15.306806304606255 170.7243269005759  5.9999999999997762 -15.303104703670757 170.65603332326026  5.9999999999998765 -15.298037789125077 170.5912587544546  5.9999999999998268 -15.291880078941512 170.52566778387464  5.9999999999998437 -15.270697268919612 170.32897867278885  5.999999999999746 -15.253043581696057 170.19790005491947  5.9999999999999405 -15.233865548166637 170.06767935462304  5.9999999999997149 -15.213828550024282 169.93713266359219  5.9999999999998881 -15.193471011094765 169.80630329042583  5.9999999999998304 -15.173467751981217 169.67629714528806  5.9999999999998632 -15.14417848103767 169.48044931168704  5.9999999999998419 -15.134542989020195 169.41506226486831  5.9999999999998979 -15.125115254006799 169.34983346718781  5.9999999999998499 -15.115918988380605 169.28464259041633  5.9999999999998934 -15.106960363463322 169.21926708816159  5.9999999999998872 -15.098266914778796 169.15366299065519  5.9999999999999059 -15.081585979849601 169.02282840848076  5.9999999999998872 -15.073600173056166 168.95765479840765  5.9999999999999529 -15.065876715271617 168.89163207812285  5.999999999999881 -15.058586328442898 168.82600376360713  5.9999999999999627 -15.051767275690937 168.7608479128354  5.9999999999999307 -15.045313752257245 168.69497386661618  5.999999999999968 -15.027416974992361 168.49770475371048  5.9999999999999334 -15.017417564746552 168.36666966258866  6.0000000000000515 -15.009376450910233 168.23390436813543  5.9999999999999174 -15.003818910509079 168.10308461276085  6.0000000000000391 -15.000657418364769 167.97045507547412  5.9999999999999893 -15.000285532108968 167.838740590908  6 -15.002867591077113 167.70670947595812 
 0 8 0.0625 6 0.125 6 0.25 6 0.5 6 0.625 6 0.75 6 1 8
8 0 1
7 0 0  5 22 6  6 34.518835053324828 182.30315075133376  6 34.431177872404795 182.33084452113269  6 34.342881333284112 182.36399953392845  6 34.254391225400177 182.40270993765333  6 34.166204094203927 182.44696571010221  6 33.991137490954486 182.54648710774123  6 33.904263390856222 182.60179249415233  6 33.81872216734795 182.66242143348492  6 33.735037333205391 182.72812240636014  6 33.571874167607206 182.86936209794339  6 33.492423144156248 182.94495631094111  6 33.415834285106868 183.02495471399303  6 33.342559514419285 183.10888427673331  6 33.202944351697468 183.28406098692142  6 33.136649375484922 183.3753498610634  6 33.074455351856585 183.46952136670501  6 33.016649307507095 183.56595683475527  6 32.94444881320095 183.69894714112945  6 32.926070389956372 183.73407228497823  6 32.908278229441486 183.76937662527959  6 32.891078464583551 183.80483186160663  6 32.874475449353511 183.84040975138529 
 0 6 0.22776383739530415 4 0.45635671193850924 4 0.68628826921346076 4 0.91763266349840766 4 1 6
1 6 -15.655426022459267 171.11752742569297 0 0.95292578001326189 0.30320365727694698 
2 6 30 168 1 0 0 -0 0 1 0 -1 0 15
2 6 4.7449251194648517e-14 171.90120065806997 1 0 0 -0 0.30320365727694787 0.95292578001326167 0 -0.95292578001326167 0.30320365727694787 4
1 6 44 160 0 -0.42288546533112387 0.90618313999526545 
1 6 0.60640731455389019 175.90585156002652 0 0.95292578001326189 -0.30320365727694698 
1 6 0 174 0 0.95292578001326189 -0.30320365727694698 
7 0 0  7 44 8  6 15.08881886042724 171.29781152270317  6 15.121791872229789 171.28732011022529  5.9999999999999138 15.151764600405805 171.27272138302951  6.0000000000000933 15.178493137225114 171.25388674115413  5.9999999999998446 15.201854598028389 171.23102307403943  6.0000000000000133 15.221847121008613 171.20467275884866  5.9999999999999281 15.238589867249372 171.17571366071957  5.9999999999999387 15.266056174211009 171.11500460496924  5.9999999999998828 15.276710971479185 171.08339993166211  5.9999999999999574 15.284926050685451 171.05146994966577  5.999999999999865 15.291247329224456 171.01936035460741  5.9999999999999245 15.296100649651828 170.98688018215816  5.9999999999998845 15.299764425592466 170.95394428912621  5.9999999999998881 15.307498011786237 170.85515892559738  5.9999999999998144 15.308407588295324 170.78870622795301  5.9999999999999369 15.306806304238602 170.72432690080612  5.9999999999997762 15.303104703306044 170.65603332351154  5.9999999999998765 15.298037788766635 170.59125875475496  5.9999999999998286 15.29188007859158 170.52566778421979  5.9999999999998455 15.270697268598395 170.32897867326008  5.9999999999997478 15.253043581399146 170.19790005547705  5.999999999999944 15.233865547897201 170.06767935527051  5.9999999999997167 15.213828549782505 169.93713266433844  5.9999999999998881 15.193471010879154 169.80630329125773  5.9999999999998304 15.173467751791428 169.67629714621998  5.9999999999998632 15.14417848088314 169.48044931276618  5.9999999999998419 15.134542988876731 169.41506226599819  5.9999999999998979 15.125115253873973 169.34983346836248  5.9999999999998499 15.115918988257633 169.28464259164858  5.9999999999998934 15.10696036334965 169.21926708943914  5.9999999999998836 15.098266914673243 169.15366299198573  5.9999999999999059 15.081585979758842 169.02282840991217  5.9999999999998872 15.073600172971743 168.95765479989245  5.9999999999999529 15.065876715193054 168.89163207965623  5.999999999999881 15.058586328368349 168.82600376519628  5.9999999999999627 15.051767275619889 168.7608479144715  5.9999999999999307 15.045313752188225 168.69497386830588  5.999999999999968 15.02741697492603 168.49770475555434  5.9999999999999316 15.017417564676739 168.36666966453421  6.0000000000000515 15.009376450832001 168.23390437018421  5.9999999999999156 15.003818910415742 168.10308461490874  6.0000000000000391 15.000657418250352 167.97045507772123  5.9999999999999876 15.00028553196222 167.83874059321892  6 15.00286759089883 167.70670947839278 
 0 8 0.0625 6 0.125 6 0.25 6 0.5 6 0.625 6 0.75 6 1 8
2 6 30 168 1 0 0 -0 0 1 0 -1 0 15
2 6 30 174.5 1 -1.1102230246251565e-16 1.2325951644078309e-32 1.1102230246251565e-16 1 -1.1102230246251565e-16 0 1.1102230246251565e-16 1 1.1499999999999999
2 6 36.5 168 1 -1.1102230246251565e-16 1.2325951644078309e-32 1.1102230246251565e-16 1 -1.1102230246251565e-16 0 1.1102230246251565e-16 1 1.1499999999999999
2 6 30 168 1 -1.1102230246251565e-16 1.2325951644078309e-32 1.1102230246251565e-16 1 -1.1102230246251565e-16 0 1.1102230246251565e-16 1 3.2000000000000002
2 6 23.5 168 1 -1.1102230246251565e-16 1.2325951644078309e-32 1.1102230246251565e-16 1 -1.1102230246251565e-16 0 1.1102230246251565e-16 1 1.1499999999999999
2 6 30 161.5 1 -1.1102230246251565e-16 1.2325951644078309e-32 1.1102230246251565e-16 1 -1.1102230246251565e-16 0 1.1102230246251565e-16 1 1.1499999999999999
2 6 -30 174.5 1 1.1102230246251565e-16 1.2325951644078309e-32 1.1102230246251565e-16 -1 -1.1102230246251565e-16 0 1.1102230246251565e-16 -1 1.1499999999999999
2 6 -23.5 168 1 1.1102230246251565e-16 1.2325951644078309e-32 1.1102230246251565e-16 -1 -1.1102230246251565e-16 0 1.1102230246251565e-16 -1 1.1499999999999999
2 6 -30 168 1 1.1102230246251565e-16 1.2325951644078309e-32 1.1102230246251565e-16 -1 -1.1102230246251565e-16 0 1.1102230246251565e-16 -1 3.2000000000000002
2 6 -36.5 168 1 1.1102230246251565e-16 1.2325951644078309e-32 1.1102230246251565e-16 -1 -1.1102230246251565e-16 0 1.1102230246251565e-16 -1 1.1499999999999999
2 6 -30 161.5 1 1.1102230246251565e-16 1.2325951644078309e-32 1.1102230246251565e-16 -1 -1.1102230246251565e-16 0 1.1102230246251565e-16 -1 1.1499999999999999
8 0 1
7 0 0  8 58 9  9.9706460147940721 -35.73614019944992 179.23836462211943  9.9706452085769488 -35.735687699557275 179.2385961245985  9.9703152663374173 -35.735141021956125 179.23909753079244  9.9698520843750771 -35.734563731249175 179.23970440695663  9.9693890886665297 -35.733996995758098 179.24030584384354  9.9689972348653697 -35.733459587523484 179.24084445670312  9.9686850083021916 -35.73294788230492 179.24131638528266  9.9683984239845884 -35.732435859580931 179.2417712938269  9.9668081793662626 -35.730072989879389 179.24405123856178  9.966507053773574 -35.729633006185601 179.24448008812524  9.9661654546809135 -35.729119843771642 179.24497211151711  9.9651366128584939 -35.727600470946456 179.24644453249101  9.963142336397885 -35.7246477238347 179.24929843673834  9.9602173470957478 -35.720322551064996 179.2534897768258  9.9567407233342387 -35.715175053210707 179.25848597717828  9.9501702583309246 -35.705441918203071 179.26794422955143  9.9469430218342332 -35.700658483359895 179.27259798579766  9.9437113889579685 -35.695865594868266 179.27726624690371  9.9404700414353329 -35.691055230314966 179.28195686822454  9.9372207146831713 -35.686229864113095 179.2866675442537  9.9339721894260666 -35.68140248561766 179.29138567433299  9.9307402833204108 -35.676596617240953 179.29608822836167  9.8866348115742131 -35.610968603014108 179.36037750402136  9.8459926738930754 -35.549978929317874 179.4209905246353  9.8056901408104924 -35.488934882091421 179.48256116804475  9.7657941191763911 -35.427898385873526 179.54507071210662  9.7263777709737678 -35.366936888040428 179.60849482842801  9.6875185327896851 -35.306123302922074 179.67280443447493  9.6492945562465042 -35.245535670734675 179.73796758068619  9.5851767511584356 -35.142489446577983 179.85075867299548  9.5589267012111279 -35.099877354457199 179.89798153309766  9.5330670494810441 -35.057451000415917 179.94560123137327  9.5076276960425155 -35.015241712403721 179.99360282542864  9.4826390992451355 -34.973282258414969 180.04196987790556  9.4581321027964194 -34.931606764421801 180.09068438989451  9.4341377628444381 -34.8902506323072 180.13972673434816  9.3750924519087437 -34.787017908478809 180.26398027218204  9.3407507975560904 -34.725606036262747 180.3395904846567  9.3077704456807435 -34.665141956565314 180.41583231285938  9.2762606542195787 -34.605760689607358 180.49262125339217  9.2463291765304501 -34.547602908449875 180.56986239765723  9.2180797325545765 -34.490812687028715 180.6474506159955  9.1916094799788937 -34.43553524818941 180.72527074182491  9.1512709130278793 -34.34762011277089 180.85303828082968  9.1362991832295251 -34.314003339293784 180.90292241414397  9.1221143535701934 -34.28110208375211 180.9528173856566  9.1087378862327757 -34.248953764879658 181.00268878038744  9.0961893546489208 -34.217595127860527 181.05250073324686  9.0844861501317755 -34.187061844507355 181.10221612384109  9.0736431885086901 -34.157388113439502 181.1517967712775  9.0539645919941965 -34.10058229632434 181.24930949587244  9.0450835825906086 -34.073403765884571 181.29725075064476  9.0370408869102015 -34.04710058758095 181.34499129497371  9.0298452304636641 -34.021700823773365 181.39249446840981  9.0235026526859929 -33.997230376887742 181.43972332443843  9.0180163937170796 -33.973712685761228 181.48664090655043  9.0133867811823283 -33.951168421987312 181.53321052431306  9.0096111169732751 -33.929615186261053 181.57939602944063 
 0 9 0.0057816400052369014 7 0.02436217687036548 7 0.042385482699165034 7 0.27336488992592195 7 0.43724723792620179 7 0.68599779634535196 7 0.84509356826087778 7 1 9
7 0 0  4 5 2  9.0096111169732751 -33.929615186261053 181.5793960294406  9.0048264028070122 -33.902301827180317 181.63792465604217  9.0016163979238009 -33.874942786161341 181.69655117251142  9 -33.847563001969725 181.75522213863627  9 -33.820189120121896 181.81388045688163 
 0 5 1 5
2 9 -30 168 1 0 0 0 0 1 0 -1 0 14.332380757938109
7 0 0  7 20 4  12.316459504993933 -35.27495794282239 178.69651869395199  12.259331487383523 -35.249447798520322 178.75118328888493  12.205641212556726 -35.225472755875053 178.80255838026764  12.155388680513536 -35.203032814886583 178.85064396810003  12.108573891253956 -35.18212797555492 178.89544005238218  12.06519684477799 -35.162758237880055 178.93694663311405  12.025257541085637 -35.144923601861983 178.9751637102957  11.340579474995309 -34.839185069404515 179.63031770841999  10.630766292918832 -34.542312105745786 180.26647405911285  9.8561528031966485 -34.235980812345566 180.92289825926613  9.0109281902351324 -33.917840691297634 181.60462709006933  8.0925499924730815 -33.586851632667688 182.31388935857362  7.0913497485621741 -33.239790730851865 183.05759129103041  5.9466167297648411 -32.856606086746687 183.87870124268576  5.8932334595296822 -32.838736724135188 183.91699273399612  5.8398501892945243 -32.820867361523696 183.95528422530651  5.7864669190593672 -32.802997998912218 183.9935757166169  5.7330836488242083 -32.785128636300733 184.03186720792732  5.6797003785890512 -32.767259273689241 184.07015869923774  5.6263171083538932 -32.749389911077749 184.10845019054813 
 -4.3580997814334523 8 -3.8815171837362534 6 4.5813987824616573 6 4.9953615204346891 8
7 0 0  8 37 6  8.0000000000000018 -43.297816117774502 161.50467974762597  7.96576274363201 -43.293756583510657 161.51337874961993  7.9315473543361383 -43.290110141705441 161.52236016122939  7.8973595499255635 -43.286883507110495 161.53161539170111  7.8632049576586587 -43.28408305494218 161.54113563822025  7.8290895003568108 -43.281714833065756 161.55091177869031  7.7950187920589249 -43.279784502894067 161.56093455120632  7.7609986191484728 -43.278297381650873 161.57119443692926  7.6930707395755604 -43.27621943913794 161.5921690451201  7.6591630348601987 -43.275628618090416 161.60288376708323  7.6253172776423872 -43.275490889886157 161.61381620823062  7.5915391579359177 -43.275810828620827 161.62495647677952  7.5578343362690035 -43.276592634620542 161.63629450174  7.5242084351850194 -43.277840130145272 161.64782004720809  7.4906670293163478 -43.279556756026523 161.65952272729191  7.390312843463982 -43.286123195645438 161.69513060972523  7.3237701001829683 -43.292389571070956 161.71953565259179  7.2576315356383247 -43.300569150767856 161.74452298237048  7.1919403756837417 -43.310680246148742 161.77000626332099  7.1267386458670181 -43.322734942865054 161.79589745816449  7.0620668828178248 -43.336739071050275 161.82210729727154  6.9979638517436973 -43.352692227728681 161.8485457505289  6.87096868830404 -43.388483475045263 161.90169925315567  6.8080765500592495 -43.408321553388582 161.92841430344038  6.7458265864450873 -43.43009556599754 161.95517733636817  6.684253452435529 -43.453792763682266 161.98189775301765  6.6233894750524955 -43.47939432976824 162.00848514886118  6.5632644015991497 -43.506875541305888 162.03484979086909  6.5039051478891592 -43.536205930370741 162.06090309449414  6.3867659450694276 -43.598492960191315 162.11221310700026  6.3289860111891052 -43.631449585425884 162.13746981104507  6.2720195625260393 -43.666183396073848 162.16224126569477  6.2158873856397969 -43.702652832596215 162.18644213367617  6.1606070388620937 -43.74081105633487 162.20998915493399  6.106192655197936 -43.780606305039228 162.23280161373384  6.0526547452261301 -43.821982251765881 162.25480180948585  5.9999999999999982 -43.864878343430568 162.27591550655058 
 0 9 0.125 7 0.25 7 0.5 7 0.75 7 1 9
1 6 -30 190 0 -0.42288546533112387 -0.90618313999526545 
1 9 -18 188 0 -1 0 
1 6 44 160 0 -0.42288546533112387 0.90618313999526545 
2 9 30 168 1 0 0 -0 0.33869244604219095 0.94089713943340147 0 -0.94089713943340147 0.33869244604219095 14.332380757938115
1 6 -44 160 0 0.95292578001326189 0.30320365727694698 
2 9 30 168 1 0 0 0 0 1 0 -1 0 14.332380757938109
8 5.9751325261558073 6.5912380882033634
2 9 4.7449251194648517e-14 171.90120065806997 -1 -0 -0 -0 0 1 0 1 -0 2
7 0 0  5 6 2  9 15.697314484709265 168.92213081566945  9 15.581264774376965 168.99294684418686  9 15.461334798021387 169.0562031641025  9 15.338737918353615 169.11156662083457  9 15.214705299457641 169.15895740471808  9 15.090368903245182 169.19851898533113 
 0 6 1 6
1 6 0 174 0 0.95292578001326189 -0.30320365727694698 
2 11 -23.5 168 1 1.1102230246251565e-16 1.2325951644078309e-32 1.1102230246251565e-16 -1 -1.1102230246251565e-16 0 1.1102230246251565e-16 -1 1.1499999999999999
2 11 -30 161.5 1 1.1102230246251565e-16 1.2325951644078309e-32 1.1102230246251565e-16 -1 -1.1102230246251565e-16 0 1.1102230246251565e-16 -1 1.1499999999999999
2 11 -30 168 1 1.1102230246251565e-16 1.2325951644078309e-32 1.1102230246251565e-16 -1 -1.1102230246251565e-16 0 1.1102230246251565e-16 -1 3.2000000000000002
2 11 -30 174.5 1 1.1102230246251565e-16 1.2325951644078309e-32 1.1102230246251565e-16 -1 -1.1102230246251565e-16 0 1.1102230246251565e-16 -1 1.1499999999999999
2 11 -36.5 168 1 1.1102230246251565e-16 1.2325951644078309e-32 1.1102230246251565e-16 -1 -1.1102230246251565e-16 0 1.1102230246251565e-16 -1 1.1499999999999999
7 0 0  7 8 2  6 -15.088818860451074 171.29781152269558  6 -14.952741377273572 170.87013943270915  6.1174977731032021 -14.81666455236854 170.44246941157741  6.3524745555957214 -14.691775526354789 170.04996104411003  6.6905061183539329 -14.58928312025037 169.72784205349126  7.1024042700332135 -14.518037300424304 169.50392661975647  7.5512010494871449 -14.482411545897172 169.39195996266903  7.9999999999999973 -14.482411545897174 169.39195996266903 
 0 8 1 8
1 6 -0.60640731455384667 173.80705221809649 1 0 0 
1 8 -15.049018707905372 169.21167586566645 0 0.95292578001326189 0.30320365727694698 
1 -7 -30.933333333333337 188 1 -0 0 
1 -20 -36 188 -0 1 0 
1 -20 36 188 1 0 -0 
1 -20 -36 188 1 0 -0 
1 20 -36 188 -0 1 0 
1 -7 30.933333333333337 188 -1 -0 0 
7 0 0  7 20 4  5.6263171083532502 32.74938991107296 184.1084501905579  5.6797003785885005 32.767259273684466 184.07015869924751  5.7330836488237509 32.78512863629598 184.03186720793715  5.7864669190590012 32.802997998907479 183.99357571662676  5.8398501892942534 32.820867361518999 183.95528422531638  5.8932334595295055 32.838736724130499 183.91699273400599  5.9466167297647559 32.856606086742012 183.87870124269563  7.0913497671914785 33.23979073708302 183.05759127767951  8.0925492277563347 33.586851368264441 182.31388992514755  9.0109293441734089 33.917841089094836 181.60462623765352  9.8561520232745075 34.235980544257153 180.92289883373527  10.630766520709026 34.542312183914348 180.26647389161158  11.340579475168555 34.839185069481786 179.63031770825341  12.025257541085205 35.144923601861819 178.97516371029613  12.065196844777587 35.162758237879906 178.93694663311447  12.108573891253593 35.182127975554785 178.89544005238258  12.155388680513216 35.203032814886477 178.8506439681004  12.20564121255646 35.225472755874968 178.80255838026793  12.259331487383324 35.249447798520251 178.75118328888513  12.316459504993812 35.274957942822347 178.6965186939521 
 -1.1517078419870628 8 -0.7377451111903629 6 7.7251708527439078 6 8.2017534504415934 8
7 0 0  4 5 2  9.0096111168973891 33.929615185827842 181.57939603036891  9.0048264039204131 33.902301833428631 181.63792464265293  9.0016163974851207 33.874942773178262 181.69655120033238  9 33.847563022111586 181.75522209547512  9 33.820189120121881 181.81388045688163 
 0 5 1 5
7 0 0  7 20 4  4.6236386583451532 34.123374188086693 183.28023306366271  4.6786044335184398 34.139074000304596 183.24154316350911  4.7333198876340967 34.154702313601838 183.20302946202997  4.7877850206921213 34.17025912797839 183.16469195922528  4.8419998326925162 34.185744443434281 183.12653065509508  4.8959643236352806 34.201158259969496 183.08854554963935  4.9496784935204134 34.216500577584029 183.05073664285808  6.09613943139707 34.543962919070005 182.24375340507839  7.0985587827105734 34.836346751222194 181.5162936049521  8.0185615809200375 35.111471646619691 180.82574888937833  8.8648228248198251 35.372283458044848 180.16613024660845  9.6398901068505456 35.620113417837153 179.5356084675698  10.350424926182358 35.857686842505352 178.92883092539242  11.036580320234654 36.100391047169452 178.30823624613595  11.077247630427648 36.114775729213449 178.27145461249407  11.12200193057898 36.130606045374599 178.23097649224823  11.170843220688656 36.147881995652916 178.18680188539855  11.223771500756669 36.166603580048374 178.13893079194492  11.280786770783022 36.186770798560971 178.08736321188732  11.341889030767714 36.208383651190729 178.03209914522583 
 -1.1517078419870628 8 -0.7377451111903629 6 7.7251708527439078 6 8.2017534504415934 8
8 0 1
7 0 0  7 50 9  9.9710084996755075 35.73626095540137 179.23805877239633  9.970325960450138 35.735350483816092 179.23898331156028  9.9697205736194743 35.734449002839668 179.23985151197036  9.9691408180851244 35.733550462983807 179.24070117747053  9.9685543525983444 35.732651069040806 179.24155603769282  9.9679480157600544 35.731749280083612 179.24242574805774  9.9673278260208189 35.730845809465748 179.24330588977409  9.9656463649001203 35.728354222858634 179.24571433578694  9.9645723560091017 35.726764528597933 179.24725253118558  9.9634977303425707 35.725174636126489 179.24879198676305  9.9624230074220481 35.72358460874451 179.25033232129195  9.9613484509558123 35.721994478965122 179.25187334158926  9.9602740688389186 35.720404248514463 179.2534150425162  9.9548689043910397 35.712403771218248 179.26117507831893  9.9505396143693776 35.705991863757284 179.267404655658  9.9462128984072518 35.699578363991556 179.27364552912221  9.9418890990589279 35.693163373298397 179.27989748596838  9.9375681510151281 35.68674694484293 179.28616061308662  9.9332499860043129 35.680329132031197 179.29243499950348  9.8835603932458334 35.606410557579515 179.36481447261187  9.8385234947789861 35.538768686947641 179.43213568537703  9.7939252593593213 35.471068517846255 179.50065512691012  9.7498617345958642 35.403401624911353 179.5703465571271  9.706446463581754 35.335870217706081 179.6411688742522  9.6637912118450142 35.268585233644792 179.7130787585852  9.5692435524455703 35.11713500055604 179.87816504573996  9.5178758576836255 35.033189838831568 179.97195547956829  9.4681510874025943 34.95007385835693 180.06728539090528  9.4203212177867464 34.86805616881859 180.16402165669004  9.3746464879805806 34.787432341431973 180.26200161206316  9.3313868547173957 34.708519340153295 180.36103082794821  9.265471551826689 34.583703525363106 180.52315592192667  9.2411890414248603 34.536554867058648 180.58574845426278  9.2180026950941265 34.490280041512356 180.64860496220678  9.1959711383185674 34.444961439926651 180.71166448924106  9.1751500508397985 34.400682444311208 180.77486080465229  9.1555908126516954 34.357526026308463 180.83812273551669  9.1230039730877053 34.28262297294895 180.95105354611184  9.109475409268569 34.250415153444912 181.00072632432187  9.0967756469077337 34.218989223153628 181.05035608887289  9.0849246669481687 34.188383747103309 181.09990439117911  9.0739398707907828 34.158635973074695 181.14933137761969  9.0638357081793934 34.129781284971834 181.19859608864726  9.0455761417549692 34.074424973795807 181.29583744249049  9.0373890098191616 34.047890358467548 181.34382145384075  9.0300725152392882 34.022280106233403 181.39156918948692  9.0236340938367459 33.997623090627989 181.43904054653052  9.018077870440198 33.973945349564644 181.48619531305775  9.013404518032468 33.951269672204894 181.53299355956239  9.0096111168973891 33.929615185827849 181.57939603036888 
 0 8 0.0030371724078535056 6 0.0083878373922746663 6 0.029954265900042798 6 0.25673431528106294 6 0.54320839797837672 6 0.72186961419605955 6 0.86219327616405628 6 1 8
2 8 -1.2128146291077422 175.71290377812301 0 -0.95292578001326178 -0.30320365727694742 0 -0.30320365727694742 0.95292578001326178 -1 -0 0 2
1 6 30.000000000000004 183 0.85749292571254421 -1.2601511601184397e-16 -0.51449575542752657 
2 9.971008489144948 30 168 1 0 0 -0 0.33869244604219095 0.94089713943340147 0 -0.94089713943340147 0.33869244604219095 12.617394906513033
2 11 30 168 1 0 0 -0 0 1 0 -1 0 12
2 9.971008489144948 30 168 1 0 0 0 0 1 0 -1 0 12.617394906513027
5 30.999999999999996 38.430656934306576 171.93430656934308 0 -0.90618313999526545 -0.42288546533112387 -1 -0 0 -0 0.42288546533112387 -0.90618313999526545 15.50580039547455 9.3034802372847309
7 0 0  6 17 4  11.433674267008072 18.322254524733953 166.79067137827801  11.349969995840929 18.270482681053874 166.80455810145682  11.270835815340098 18.22153747950664 166.81768663651573  11.196271725505575 18.175418920092255 166.8300569834548  11.126277726337365 18.132127002810716 166.84166914227387  11.060853817835465 18.091661727662014 166.85252311297307  10.129986614744457 17.51591200003941 167.00695603479903  9.2142579764733679 16.953209962694057 167.16016319976455  8.247573415539355 16.362750297070143 167.3231514628024  7.2256905319441644 15.742046086068378 167.4966795572949  6.1422487822486564 15.087355083641349 167.6818728400892  4.9176929503795188 14.350980002394763 167.89246128100157  4.8449827687546874 14.307256421559975 167.90496534442468  4.7722339314624458 14.263509595504766 167.91747605551259  4.6994464385027976 14.219739524229139 167.92999341426537  4.6266202898757411 14.175946207733091 167.94251742068295  4.5537554855812781 14.132129646016624 167.95504807476539 
 -3.4543247677784845 7 -2.939351064378029 5 4.4231124744490637 5 4.8876048348593244 7
2 9 30 168 1 0 0 -0 0 1 0 -1 0 13.199999999999999
5 30.999999999999996 28.975609756097565 164.78048780487805 0 0.30320365727694704 0.952925780013262 -1 0 -0 -0 -0.952925780013262 0.30320365727694704 5.6309250637147077 3.378555038228825
2 8 1.212814629107839 175.71290377812301 0 -0.95292578001326167 0.30320365727694787 -0 0.30320365727694787 0.95292578001326167 -1 -0 0 2
2 8 4.7449251194648517e-14 171.90120065806997 1 0 0 -0 0.30320365727694787 0.95292578001326167 0 -0.95292578001326167 0.30320365727694787 2
1 6 44 160 0 -0.42288546533112387 0.90618313999526545 
1 6 44 160 1 0 0 
1 8 -3.8857805861880479e-15 174 0 0.95292578001326189 -0.30320365727694698 
7 0 0  7 8 2  6 15.08881886042724 171.29781152270317  6 14.952741377249637 170.87013943271643  6.1174977731031941 14.816664552344953 170.44246941158693  6.3524745555957631 14.691775526330662 170.04996104411592  6.6905061183539276 14.589283120226739 169.72784205350021  7.1024042700332268 14.518037300400422 169.50392661976372  7.551201049487152 14.482411545873342 169.39195996267662  8 14.482411545873347 169.39195996267665 
 0 8 1 8
1 6 0 174 0 0.95292578001326189 -0.30320365727694698 
7 0 0  7 44 8  8 14.482411545873347 169.39195996267665  7.9787149391217502 14.495318426391187 169.38785322796642  7.9574512026497395 14.508166821557735 169.38344528400967  7.9362109362155007 14.520951363884441 169.37873692064579  7.9149962746530642 14.533666739225952 169.37372907075053  7.8938093420001607 14.546307687011362 169.3684228120832  7.8726522514967936 14.558869000190763 169.36281936684628  7.8304019596759575 14.583822050294446 169.35102083665805  7.8093087503951857 14.596213792931604 169.34482574721255  7.7882496014933027 14.60851558944667 169.33833620120174  7.7672266242012276 14.620722333878883 169.33155370486256  7.7462419222783527 14.632828976983312 169.32447990215363  7.7252975970570228 14.644830525190471 169.31711657397958  7.6625920633529496 14.680505068343123 169.29416376441557  7.6209582726845548 14.703847975777046 169.27771145009334  7.5795111263301003 14.726711298006933 169.26012399840815  7.5382673285507389 14.749056496504323 169.24141888090296  7.4972432510444449 14.770846165886155 169.22161552376215  7.4564552431322086 14.792043921035123 169.20073541369501  7.3348471056801143 14.853756154586721 169.13493464284693  7.2547829731366704 14.892389543370012 169.08685359579565  7.1758543844677591 14.928233838315716 169.03474512258035  7.098184445720646 14.961027185820447 168.97882561858816  7.0218895591307229 14.990529466213662 168.91933892000904  6.9470770598484339 15.016524609586021 168.85655326328066  6.8372255417762275 15.049971645470912 168.75785994576805  6.8010029077141976 15.060196377852522 168.72420970133368  6.7651867831024077 15.069473079655603 168.68984311287556  6.7297884136820176 15.077779634397938 168.65479761160711  6.694818248555209 15.085095611109594 168.61911180908228  6.6602858686264632 15.091402315337845 168.58282537420658  6.5921139614610018 15.101963364947173 168.50913244633088  6.5584744316056396 15.106217709886295 168.47172594936109  6.52528997469072 15.10942896449729 168.43380002807189  6.4925682898780561 15.111582000270548 168.39539620480355  6.4603160850806169 15.11266350973027 168.35655681504912  6.4285390199068724 15.11266203911107 168.31732487699404  6.3346468584547795 15.109379965734064 168.19858203996159  6.2739708178623133 15.102821698725759 168.11802414336546  6.2152499179338649 15.09181664783954 168.03641870376109  6.1585028179779515 15.076318252207916 167.95412273789594  6.1037293413494496 15.056311083773108 167.87149835868553  6.0509087669435573 15.031811197284703 167.78890774013155  6 15.002867600937897 167.70670955771834 
 0 8 0.0625 6 0.125 6 0.25 6 0.5 6 0.625 6 0.75 6 1 8
2 11 30 174.5 1 -1.1102230246251565e-16 1.2325951644078309e-32 1.1102230246251565e-16 1 -1.1102230246251565e-16 0 1.1102230246251565e-16 1 1.1499999999999999
1 1.1499999999999999 6.5 3 0 0 1 
2 11 36.5 168 1 -1.1102230246251565e-16 1.2325951644078309e-32 1.1102230246251565e-16 1 -1.1102230246251565e-16 0 1.1102230246251565e-16 1 1.1499999999999999
1 7.6500000000000004 -2.8166876380389135e-16 3 0 0 1 
2 11 30 168 1 -1.1102230246251565e-16 1.2325951644078309e-32 1.1102230246251565e-16 1 -1.1102230246251565e-16 0 1.1102230246251565e-16 1 3.2000000000000002
1 3.2000000000000002 -7.8377395145430609e-16 3 0 0 1 
2 11 23.5 168 1 -1.1102230246251565e-16 1.2325951644078309e-32 1.1102230246251565e-16 1 -1.1102230246251565e-16 0 1.1102230246251565e-16 1 1.1499999999999999
1 -5.3499999999999996 -2.8166876380389116e-16 3 0 0 1 
2 11 30 161.5 1 -1.1102230246251565e-16 1.2325951644078309e-32 1.1102230246251565e-16 1 -1.1102230246251565e-16 0 1.1102230246251565e-16 1 1.1499999999999999
1 1.1499999999999999 -6.5 3 0 0 1 
1 1.1499999999999999 -6.5 3 0 0 1 
1 -5.3499999999999996 -2.8166876380389116e-16 3 0 0 1 
1 3.2000000000000002 -7.8377395145430609e-16 3 0 0 1 
1 7.6500000000000004 -2.8166876380389135e-16 3 0 0 1 
1 1.1499999999999999 6.5 3 0 0 1 
2 11 30.000000000000004 182.33238075793813 0 1 -2.2204460492503131e-16 0 2.2204460492503131e-16 1 1 -0 0 2
8 0 1
7 0 0  6 37 8  9.9706887900105539 17.419438097541118 167.03410247481384  9.9706888332239227 17.419403200967917 167.03455733236879  9.9702065790295205 17.419071324390334 167.03509800491182  9.9696858022038679 17.418718457917091 167.03560904125717  9.9693268512058193 17.418467926852433 167.03605469587868  9.9690866481765656 17.418290391696132 167.03647892890956  9.967912355832361 17.417465588947099 167.03799436998329  9.9676113549991001 17.417254342856175 167.03837780628032  9.9665914357056238 17.416536609738611 167.03969489857857  9.9643075169928554 17.41493523988423 167.04261732824386  9.960911419101766 17.412537102826501 167.04697547553357  9.9461901924707021 17.402091752327372 167.0658911068831  9.9352143889395208 17.394203093320744 167.08004942461559  9.9242727146827772 17.386236201298594 167.09422905300821  9.9133612372817215 17.378188075472291 167.10842825124314  9.9024844931376492 17.370060710678345 167.12264662867915  9.8022449499231517 17.294180426652989 167.25426991488925  9.7152307512418652 17.221087709222147 167.37288160786682  9.6313002908242655 17.142609613100749 167.49220309760483  9.551203727620031 17.058829714039117 167.61163046258957  9.4757393664214948 16.969900232952138 167.73045330072526  9.359838148650276 16.814619357947986 167.92474362523714  9.3163013058147524 16.751066796130164 168.00102171055389  9.2753219384299594 16.685488427122099 168.07645378115566  9.23713024278935 16.617980798894539 168.15078074797012  9.2019501959641623 16.54866999403075 168.223720984735  9.1424128887189529 16.416502227648525 168.35645053534267  9.1172330911068986 16.354065548186689 168.41667037198795  9.094581411152328 16.290511389998475 168.47544260136797  9.0745807121695705 16.225965465166926 168.53256385853976  9.0573353895828692 16.16057571715676 168.58782763383499  9.028707647508158 16.029357483978171 168.69350631209056  9.0172477449341937 15.963546686055748 168.74397799096224  9.0086174347969692 15.897245285136473 168.79225313074105  9.0028637233631912 15.830637825654037 168.83814484832564  9 15.763924091937225 168.88148420111534  9 15.697314484709279 168.92213081566942 
 0 7 0.0073688762094224541 5 0.02121097927098705 5 0.062162817626459879 5 0.39983226315379572 5 0.62099697946510701 5 0.81180864907497918 5 1 7
1 6 0.60640731455394192 173.80705221809649 1 0 0 
7 0 0  6 17 4  12.430562850036571 17.203112137535555 168.52628250169323  12.347485669505977 17.151482737103255 168.54271003819431  12.268882724177862 17.102633908657413 168.55825284724526  12.19475401405222 17.056565652198021 168.572910928846  12.125099539129055 17.013277967725092 168.58668428299646  12.059919299408369 16.972770855238611 168.59957290969672  11.131313163481641 16.395676426546615 168.78319386428132  10.217485172568749 15.832225915694936 168.96247357227679  9.2525580672322167 15.241468015206202 169.15044199516441  8.2323546868412958 14.620880821868562 169.34790155667636  7.1504414340615083 13.966615630062989 169.55607684498059  5.9274195037567416 13.231007479304468 169.79013398385766  5.8548390075134797 13.187352657342828 169.80402415448179  5.7822585112702178 13.143697835381181 169.81791432510587  5.7096780150269559 13.100043013419539 169.83180449572998  5.6370975187836931 13.056388191457891 169.84569466635409  5.5645170225404312 13.012733369496246 169.85958483697823 
 -3.4543247677784845 7 -2.939351064378029 5 4.4231124744490637 5 4.8876048348593244 7
1 -20 -36 188 0 0 1 
1 -20 -36 250 -0 1 0 
1 -20 36 188 0 0 1 
1 -20 -30.5 201 0 -1 0 
1 -20 25 194.5 0 0 1 
1 -20 -30.5 237 0 -1 0 
1 -20 -25 194.5 0 0 1 
1 20 36 188 0 0 1 
1 -20 36 250 1 0 -0 
1 20 -36 188 0 0 1 
1 -20 -36 250 1 0 -0 
1 20 -36 250 -0 1 0 
1 -17.5 -18 250 -1 -0 0 
1 15 -27 250 -0 1 0 
1 -17.5 18 250 -1 -0 0 
1 -15 -27 250 -0 1 0 
1 -21 25 201 1 0 -0 
1 -17.5 -29.25 201 0 -1 0 
1 -21 -25 201 1 0 -0 
1 -17.5 25 195.75 0 0 1 
1 -21 25 237 1 0 -0 
1 -17.5 -29.25 237 0 -1 0 
1 -21 -25 237 1 0 -0 
1 -17.5 -25 195.75 0 0 1 
1 15 -18 248 0 0 1 
1 -15 -18 268 1 0 -0 
1 -15 -18 248 0 0 1 
1 15 -18 268 -0 1 0 
1 15 18 248 0 0 1 
2 15 9 260 1 0 0 -0 0 1 0 -1 0 4
2 15 -9 260 1 0 0 -0 0 1 0 -1 0 4
1 -15 18 268 1 0 -0 
1 -15 18 248 0 0 1 
1 -15 -18 268 -0 1 0 
1 -17.5 -33.5 190.5 0 0 1 
1 -17.5 -33.5 247.5 -0 1 0 
1 -17.5 -33.5 190.5 -0 1 0 
1 -17.5 33.5 190.5 0 0 1 
1 8 9 264 1 0 0 
2 8 9 260 1 0 0 -0 0 1 0 -1 0 4
1 8 -9 264 1 0 0 
2 8 -9 260 1 0 0 -0 0 1 0 -1 0 4
1 -17.5 -33.5 190.5 1 0 -0 
1 17.5 -33.5 190.5 0 0 1 
1 -17.5 -33.5 247.5 1 0 -0 
1 -17.5 33.5 247.5 1 0 -0 
1 17.5 -33.5 247.5 -0 1 0 
1 -17.5 33.5 190.5 1 0 -0 
1 17.5 -33.5 190.5 -0 1 0 
1 17.5 33.5 190.5 0 0 1 
1 -12.699999999999999 -31.25 193 0 0 1 
1 -12.699999999999999 -31.25 196 -0 1 0 
1 -12.699999999999999 31.25 193 0 0 1 
1 -12.699999999999999 -31.25 193 -0 1 0 
1 12.699999999999999 -31.25 193 0 0 1 
1 12.699999999999999 -31.25 196 -0 1 0 
1 12.699999999999999 31.25 193 0 0 1 
1 12.699999999999999 -31.25 193 -0 1 0 
1 -12.699999999999999 -31.25 193 1 0 -0 
1 -12.699999999999999 -31.25 196 1 0 -0 
1 -12.699999999999999 31.25 193 1 0 -0 
1 -12.699999999999999 31.25 196 1 0 -0 
1 -12.699999999999999 -31.5 201 0 0 1 
1 -12.699999999999999 -31.5 206 -0 1 0 
1 -12.699999999999999 31.5 201 0 0 1 
1 -12.699999999999999 -31.5 201 -0 1 0 
1 12.699999999999999 -31.5 201 0 0 1 
1 12.699999999999999 -31.5 206 -0 1 0 
1 12.699999999999999 31.5 201 0 0 1 
1 12.699999999999999 -31.5 201 -0 1 0 
1 -12.699999999999999 -31.5 201 1 0 -0 
1 -12.699999999999999 -31.5 206 1 0 -0 
1 -12.699999999999999 31.5 201 1 0 -0 
1 -12.699999999999999 31.5 206 1 0 -0 
1 -15 -27.5 215 0 0 1 
1 -15 -27.5 230 -0 1 0 
1 -15 27.5 215 0 0 1 
1 -15 -27.5 215 -0 1 0 
1 15 -27.5 215 0 0 1 
1 15 -27.5 230 -0 1 0 
1 15 27.5 215 0 0 1 
1 15 -27.5 215 -0 1 0 
1 -15 -27.5 215 1 0 -0 
1 -15 -27.5 230 1 0 -0 
1 -15 27.5 215 1 0 -0 
1 -15 27.5 230 1 0 -0 
Polygon3D 0
PolygonOnTriangulations 0
Surfaces 88
1 6 -44 160 0 -0.30320365727694704 0.952925780013262 0 0.952925780013262 0.30320365727694704 -1 0 0 
3 6 -30 168 1 0 0 -0 0 1 0 -1 0 15
-0.54041950027058416
2 8 -41.594077837847379 160.42613453111369 0 -0.42288546533112387 -0.90618313999526545 0 -0.90618313999526545 0.42288546533112387 -1 -0 0 2
1 6 -30 190 0 0.90618313999526545 -0.42288546533112387 0 -0.42288546533112387 -0.90618313999526545 -1 0 -0 
5 11 -30 168 1 0 0 0 -0.93867981673153245 -0.34479008347233064 0 0.34479008347233064 -0.93867981673153245 14.332380757938118 2
1 6.0000000000000009 -1.0403311000055026e-15 175.73766198920575 1 0 0 -0 0 1 0 -1 0 
5 11 -30 168 1 0 0 -0 0.99878887675168548 0.049201419462314044 0 -0.049201419462314044 0.99878887675168548 14.332380757938118 2
5 9 -30 168 1 0 0 0 0 1 0 -1 0 10.867619242061879 2
9 1 1 0 0 2 6 3 17 2 4 4.5537554857061666 -14.132129646091636 167.95504807474353  1 4.6266202899564517 -14.175946207781545 167.94251742066879  1 4.6994464385570041 -14.219739524261668 167.92999341425585  1 4.7722339315078237 -14.263509595532001 167.91747605550469  1 4.8449827688089124 -14.307256421592543 167.90496534441542  1 4.9176929504602667 -14.350980002443293 167.89246128098787  1 6.1422487680213935 -15.087355075086187 167.68187284253901  1 7.2256899686801699 -15.742045753803819 167.49667965647288  1 8.2475714921724794 -16.362749115667437 167.32315178468727  1 9.2142584959211309 -16.953210278988564 167.16016311189102  1 10.129987010570236 -17.515912244859052 167.0069559691533  1 11.06085379714211 -18.091661714863122 166.8525231164048  1 11.126277693227806 -18.132126982332444 166.84166914776372  1 11.196271688257083 -18.175418897054183 166.83005698962941  1 11.270835782229938 -18.221537459028344 166.81768664200192  1 11.349969975146372 -18.270482668254925 166.80455810488107  1 11.433674267006387 -18.322254524733925 166.79067137826704  1 
4.7637160028453556 -14.253918186771072 169.4646623951183  0.79570401475630737 4.8368666173518458 -14.296677939120652 169.45105701937072  0.79549335352126149 4.9100523920967918 -14.33945824417644 169.43744510412569  0.79536695678023406 4.9832500817924252 -14.382245514045088 169.42383097280393  0.79532482453322506 5.0564364237262502 -14.425026150647733 169.41021895206666  0.79536695678023417 5.1295881623979982 -14.467786560121356 169.3966133672341  0.7954933535212616 6.3561144118456498 -15.184745112424254 169.16849019150135  0.79904311303648234 7.4434181623973359 -15.822090562365222 168.96569845742943  0.80248694823596456 8.4711682748263666 -16.426400779070768 168.77341793393171  0.80603943152962365 9.4455540303551508 -17.001343744752972 168.59048153576057  0.80970806678664742 10.370612934543427 -17.549350153379986 168.41611586028819  0.81349525015038793 11.312778732213914 -18.110044759925231 168.23771303093292  0.81768626532399502 11.378641312802088 -18.149240402348511 168.22524169016182  0.81785065352059216 11.449092896631031 -18.191167017784057 168.21190140343236  0.81790544958612443 11.524160882883663 -18.235840911827058 168.19768698260052  0.81785065352059194 11.6038763830815 -18.283280599331626 168.18259253657635  0.81768626532399502 11.688274264040796 -18.333506829974603 168.16661146318992  0.81741228499633356 
5.5645170225424536 -13.0127333694952 169.85958483697877  1 5.6370975187853771 -13.056388191457339 169.84569466635438  1 5.7096780150282989 -13.100043013419478 169.83180449573004  1 5.7822585112712206 -13.143697835381621 169.81791432510573  1 5.854839007514145 -13.187352657343768 169.80402415448145  1 5.9274195037570712 -13.23100747930591 169.79013398385715  1 7.150441419022286 -13.966615621030504 169.55607684785468  1 8.2323541206442137 -14.620880488758083 169.34790166266561  1 9.2525561580700533 -15.241466838648485 169.15044236952392  1 10.217485682729066 -15.832226226904222 168.9624734732557  1 11.131313554923674 -16.39567666989921 168.78319378685089  1 12.059919278964648 -16.9727708425286 168.59957291374087  1 12.125099506442808 -17.013277947400422 168.58668428946342  1 12.194753977287379 -17.056565629331846 168.57291093612156  1 12.268882691498353 -17.102633888322863 168.55825285371529  1 12.347485649075734 -17.15148272437348 168.54271004224458  1 12.43056285001952 -17.203112137483689 168.52628250170946  1 

0 3
7.3624626927854351 3

-1.360810722744596 7
-0.89631840964051834 5
6.4661442831449163 5
6.9811179865453674 7

1 6 5.2762142769425233e-15 172.34694037671343 -1 -0 -0 0 0 -1 0 -1 0 
5 11 -30 168 1 0 0 0 0 1 0 -1 0 14.332380757938109 2
9 1 1 0 0 2 7 3 20 2 4 11.341889030767373 -36.208383651190609 178.03209914522614  1 11.280786770782749 -36.186770798560858 178.08736321188758  1 11.223771500756454 -36.166603580048282 178.13893079194506  1 11.170843220688496 -36.147881995652838 178.18680188539864  1 11.122001930578872 -36.130606045374556 178.23097649224832  1 11.07724763042758 -36.114775729213413 178.27145461249407  1 11.036580320234624 -36.100391047169431 178.30823624613598  1 10.350424926008474 -35.857686842443961 178.92883092555041  1 9.6398898747081887 -35.620113350621473 179.53560863443559  1 8.8648236174978354 -35.372283687850455 180.16612967595134  1 8.0185604125800403 -35.111471307173659 180.82574973266543  1 7.0985595527629961 -34.836346975483039 181.51629304761934  1 6.0961394130202757 -34.543962913817118 182.24375341800919  1 4.9496784938085856 -34.216500577661662 183.05073664265683  1 4.8959643239238106 -34.201158260047187 183.08854554943818  1 4.8419998329813181 -34.185744443512021 183.126530654894  1 4.7877850209811115 -34.170259128056145 183.16469195902437  1 4.7333198879231881 -34.154702313679572 183.20302946182923  1 4.6786044338075499 -34.139074000382294 183.24154316330859  1 4.6236386586341967 -34.123374188164327 183.2802330634625  1 
11.74921848107298 -35.520567277144394 178.17021297754775  0.92384243252698917 11.68899823583534 -35.495509584265861 178.22390803371599  0.9241490433517916 11.632705930838462 -35.472086310506839 178.27410076319953  0.92435345056832685 11.580320290288359 -35.450288602992202 178.32081013644517  0.92445565417659448 11.531822643922165 -35.430108693010432 178.36405280069184  0.92445565417659437 11.487196904924446 -35.411539886824585 178.40384309966157  0.92435345056832674 11.446429552136447 -35.394576558269534 178.44019308942245  0.9241490433517916 10.749798242961191 -35.104707705593874 179.06134063087029  0.9183977904918661 10.028706453885444 -34.822834999735996 179.6653535719941  0.91277058490201035 9.2433964212870112 -34.531580413446321 180.28947054261539  0.90700051585235941 8.3882599052236042 -34.228618008221112 180.93867569666872  0.90111179939133401 7.4614231325168587 -33.913028954351255 181.61493795496173  0.89516190350597635 6.4546276858703138 -33.581971974837082 182.32434576820623  0.88916895499454418 5.3070894625507226 -33.216132132565157 183.10828828736044  0.88286764023873621 5.2530190037888094 -33.198894250895464 183.145226605224  0.88267173733216475 5.1987740633450858 -33.181600743757578 183.18228412051948  0.88257378587887902 5.1443726440656601 -33.164257350531869 183.21944853457455  0.88257378587887914 5.0898328569804452 -33.146869845088183 183.25670747481098  0.88267173733216497 5.035172901209525 -33.129444029379869 183.2940485084716  0.88286764023873643 4.9804110437296627 -33.111985726993218 183.33145915644309  0.8831614945985935 
12.316459504993933 -35.27495794282239 178.69651869395199  1 12.259331487383523 -35.249447798520322 178.75118328888493  1 12.205641212556726 -35.225472755875053 178.80255838026764  1 12.155388680513536 -35.203032814886583 178.85064396810003  1 12.108573891253956 -35.18212797555492 178.89544005238218  1 12.06519684477799 -35.162758237880055 178.93694663311405  1 12.025257541085637 -35.144923601861983 178.9751637102957  1 11.340579474995309 -34.839185069404515 179.63031770841999  1 10.630766292918832 -34.542312105745786 180.26647405911285  1 9.8561528031966485 -34.235980812345566 180.92289825926613  1 9.0109281902351324 -33.917840691297634 181.60462709006933  1 8.0925499924730815 -33.586851632667688 182.31388935857362  1 7.0913497485621741 -33.239790730851865 183.05759129103041  1 5.9466167297648411 -32.856606086746687 183.87870124268576  1 5.8932334595296822 -32.838736724135188 183.91699273399612  1 5.8398501892945243 -32.820867361523696 183.95528422530651  1 5.7864669190593672 -32.802997998912218 183.9935757166169  1 5.7330836488242083 -32.785128636300733 184.03186720792732  1 5.6797003785890512 -32.767259273689241 184.07015869923774  1 5.6263171083538932 -32.749389911077749 184.10845019054813  1 

0 3
8.4629159661979116 3

-4.3580997814334523 8
-3.8815171837362534 6
4.5813987824616573 6
4.9953615204346891 8

9 1 1 0 0 2 7 3 14 2 3 4.759843222082238 -44.311228164418885 161.43660948280311  1 4.795083654009292 -44.298682270206449 161.4602574818548  1 4.8301632694247107 -44.286193628043229 161.48379756540982  1 4.8650820683284923 -44.273762237929198 161.50722973346814  1 4.8998400507206368 -44.261388099864369 161.53055398602979  1 4.9344372166011441 -44.249071213848751 161.55377032309477  1 4.9688735659700125 -44.236811579882328 161.57687874466305  1 6.0706163693590227 -43.844581748839467 162.31620035183531  1 7.0516439053098159 -43.483057665152067 162.99234377821219  1 7.9539520232005394 -43.137968300623093 163.63319277105427  1 8.7854839215616636 -42.806857199341096 164.24431483877785  1 9.5489264775662672 -42.489105496384497 164.827971125071  1 10.250299601565255 -42.182603838765083 165.38914517743714  1 10.893033580238498 -41.885648904384148 165.93220271311188  1 
5.1169911024407009 -43.70578594373761 160.63045869199078  0.88316154387173262 5.1521253936596425 -43.694584982763487 160.65446075122108  0.88297315633133022 5.1871788530024014 -43.683409791334149 160.67840758999824  0.88284756463772851 5.2221439655110133 -43.672262765250032 160.70229407446428  0.88278476879092771 5.2570132507267964 -43.661146289313066 160.72611509432917  0.88278476879092771 5.2917792680233724 -43.650062735626499 160.74986556651464  0.88284756463772873 5.3264346218983416 -43.639014461907841 160.77354043876889  0.88297315633133022 6.429266630382104 -43.28742694272151 161.52694226559677  0.88902863088079986 7.4145954506627225 -42.963677155042909 162.22069181062221  0.89488180627737723 8.3236220251762951 -42.654685421819607 162.88281695324389  0.90069463400898597 9.1637190013871557 -42.35792163831114 163.51873934647583  0.90645004872881274 9.937147850714414 -42.072359289442424 164.13065866548075  0.91209554037662921 10.648805722755965 -41.795955400996597 164.72295271215012  0.91760786135003669 11.301465649411238 -41.526852429240961 165.29960193734078  0.92295002710124752 
5.7604257494198015 -44.067032593792383 159.85635872758772  1 5.7946506423598274 -44.055576267553008 159.88090799810075  1 5.8288755352998551 -44.04411994131361 159.90545726861373  1 5.8631004282398811 -44.032663615074206 159.93000653912671  1 5.8973253211799079 -44.021207288834816 159.95455580963969  1 5.9315502141199365 -44.009750962595426 159.97910508015266  1 5.9657751070599634 -43.998294636356029 160.00365435066561  1 7.0658901556135589 -43.630045802994282 160.7927589935837  1 8.0456410360413617 -43.290714641118278 161.51989719760289  1 8.946498336834205 -42.966672620845394 162.21427295533204  1 9.7768483129764192 -42.655134274319522 162.88185512645802  1 10.5399114441449 -42.354845075139025 163.52533198184449  1 11.240542366026197 -42.063821082016702 164.14895482425038  1 11.881894024559831 -41.780173992278137 164.75677001654685  1 

0 3
8.2651479164045778 3

-1.0031235505873162 8
-0.73773616420171007 6
7.527411752202867 8

9 0 0 0 0 7 8 8 37 2 6 6.0000000000000018 -41.485449837783996 160.65890881696379  6.0000000000000018 -41.465129001791915 160.70245346015034  5.9999999999999929 -41.44689189844393 160.74933566926504  6.0000000000000053 -41.43392862284643 160.80211077837959  5.9999999999999867 -41.428932843664349 160.84329561382413  5.9999999999999956 -41.429188427615827 160.90102822354288  5.9999999999999982 -41.447279711651568 160.94794080201837  5.9999999999999867 -41.471838226646092 160.99087571992439  5.999999999999992 -41.534456664516689 161.06683306372094  5.9999999999999778 -41.572016721060642 161.0996447109853  6.0000000000000266 -41.612763389952057 161.12767526596164  5.9999999999999165 -41.655500976939784 161.15222353756602  6.0000000000000524 -41.699659545403918 161.17437814605489  5.9999999999999529 -41.744692824079912 161.19459232595727  5.9999999999999911 -41.790116796063877 161.21295659700556  5.999999999999976 -41.928333314637626 161.26459471566221  6.0000000000000187 -42.022464984982122 161.29397200363931  5.9999999999999156 -42.11703676186454 161.32065491480986  6.000000000000079 -42.211983803620363 161.34596242084891  5.9999999999998952 -42.307349613720675 161.37066605297591  6.0000000000000391 -42.402740916284735 161.39533595548485  5.9999999999999698 -42.497611438464524 161.42054565717228  6.0000000000000009 -42.68713776080422 161.47332546438858  5.9999999999999432 -42.78160858656512 161.50087280083588  6.0000000000000826 -42.875533589509516 161.5300868477706  5.999999999999873 -42.96874030556085 161.56152925346731  6.0000000000000888 -43.061023858930696 161.5958186832076  5.9999999999999485 -43.152033527040764 161.6336354655524  5.9999999999999973 -43.241159305483698 161.6757262387251  6.0000000000000009 -43.413677640418555 161.77009095510013  5.999999999999952 -43.497023460685128 161.8223411874944  6.000000000000087 -43.576954836892781 161.8806141382982  5.9999999999998854 -43.651931187238517 161.94578474197203  6.0000000000000773 -43.719904334970629 162.01839391957736  5.9999999999999689 -43.778850398386723 162.09839447507022  6.0000000000000044 -43.827301677439337 162.18489698818672  5.9999999999999991 -43.864878560704653 162.27591572805414  
6.0000000000000018 -41.892143879986222 160.84869936999149  5.9999999997453077 -41.871836953429032 160.88618846872399  5.9999999995087974 -41.853375095675993 160.92657868151943  5.9999999992899324 -41.839493634665914 160.97205906895718  5.9999999990880903 -41.832502339514136 161.00764279556549  5.9999999989027648 -41.830073959959662 161.05744688499661  5.9999999987333501 -41.842995879304119 161.09801189510497  5.9999999985792707 -41.861524455043245 161.13520135520508  5.9999999983007042 -41.910282284724033 161.20114883039687  5.999999998176186 -41.940083081841202 161.22972617802301  5.9999999980659435 -41.972679988530686 161.25423654930466  5.9999999979691863 -42.007048777446229 161.27579179591729  5.9999999978857508 -42.042701531533062 161.29532358222002  5.9999999978145864 -42.079170564313678 161.31321893268341  5.9999999977554994 -42.11604149570428 161.32955395194702  5.9999999976122194 -42.228523458145098 161.37566924910837  5.9999999975622318 -42.305484675537592 161.40218102458638  5.9999999975530329 -42.383096442032212 161.42646651813212  5.9999999975804847 -42.461305794971636 161.44964394321266  5.9999999976394269 -42.540151749564188 161.47236203553999  5.9999999977259844 -42.619298045069989 161.49509673741429  5.9999999978350695 -42.698276390048406 161.51832678349439  5.9999999980897956 -42.856604023152457 161.5668495927292  5.9999999982352774 -42.935794760036963 161.59212283965815  5.9999999983946006 -43.014794210841025 161.61883155026027  5.9999999985626706 -43.093452727897649 161.64744419462903  5.9999999987357144 -43.17159201528748 161.67847814235736  5.999999998908403 -43.248907921805404 161.71250371319715  5.9999999990767314 -43.324873233965917 161.75014822782902  5.9999999993951025 -43.472407703985645 161.83405188927173  5.9999999995451416 -43.543936800005689 161.88029071184226  5.9999999996817195 -43.612793113309806 161.93162254311622  5.9999999997997691 -43.677650208129116 161.98878513587343  5.9999999998954712 -43.736745813150833 162.05223024243449  5.9999999999635838 -43.788337778018864 162.12190587822627  6.0000000000000044 -43.831160026442042 162.19703858193927  5.9999999999999991 -43.864878529665496 162.27591569641078  
6.1174977731032048 -42.298835954811452 161.03848900490644  6.1161604759916663 -42.280133697752348 161.07066491388099  6.1239758123410599 -42.270666249241607 161.10802446996672  6.1266853946916946 -42.260524730246161 161.14657123910436  6.129050595505201 -42.255263878633485 161.17820820675419  6.1310784136855867 -42.252960708900034 161.21885949577998  6.1327344535051767 -42.260727707974837 161.25292271158494  6.1340497553424322 -42.272377516234194 161.284438814217  6.1360110986010836 -42.303747879751263 161.34128894436429  6.1366586737469451 -42.323205655260196 161.36651117637888  6.1369894875590481 -42.344784391045543 161.38880366993814  6.1370168626969841 -42.367816084606822 161.40892587459214  6.1367542091821594 -42.391971386283295 161.42750817466413  6.1362159244698606 -42.416944740091793 161.44482136283713  6.135416093746108 -42.442469643662584 161.46093100744793  6.1322627838403871 -42.521052794110716 161.50684812571413  6.1291587582037259 -42.575805432647492 161.53400188008979  6.1251593097121848 -42.632004208185222 161.55910874650431  6.1203625747769461 -42.689540775446666 161.58298173165156  6.1148693455186205 -42.748377264005214 161.6061217472828  6.108787080685933 -42.808250282795775 161.6289173545118  6.1022270120129498 -42.868817843629188 161.65175858414605  6.0883616800250913 -42.991680563696562 161.69837108209754  6.0810582930633199 -43.053878519988984 161.72213082302085  6.0734971007038494 -43.116658675405901 161.74669101932872  6.0657929240410304 -43.179883833113784 161.77242699478015  6.0580652357116218 -43.243401650918329 161.79974255459203  6.0504409059102899 -43.306982295555912 161.82907010652835  6.0430569484082648 -43.370256097038485 161.86087078203866  6.0290695847301778 -43.495046308864957 161.93039833267991  6.0224682893203001 -43.556535147970102 161.9681083214513  6.0163967859522147 -43.616807450481915 162.00934357457453  6.0110245849738559 -43.674985528603841 162.05460685634853  6.006534682181873 -43.729901709614808 162.10419232502761  6.0031049395319727 -43.780375768961633 162.15805321328469  6.0103998142325867 -43.833201472613048 162.2192670923082  5.9999999975566194 -43.864878463823054 162.27591563467806  
6.3524745555957596 -42.672091115259121 161.21267474645694  6.3482714669727676 -42.655661687884376 161.23984927376054  6.3484549674920254 -42.643023728688796 161.26968099075697  6.3461924758429973 -42.631758248254755 161.30161259054475  6.3437510069098089 -42.624863401525609 161.3274314472927  6.3411239657618061 -42.620058265380372 161.36121941018845  6.3382054897535571 -42.623632571555156 161.38897120823771  6.3350467185772192 -42.630487583540422 161.41450275290552  6.3282312343628346 -42.651018831528106 161.46015725754654  6.3245782017628915 -42.664492852869195 161.48019257598494  6.3206957448306751 -42.679844557842905 161.49774318256922  6.3165925055141106 -42.696502549130187 161.51350119038347  6.3122773430106047 -42.714172035440697 161.5280292149736  6.3077614961276183 -42.732595250962831 161.54157155779552  6.303055466545179 -42.75155500473214 161.55419096170672  6.2883709358395548 -42.810254069977489 161.59031089207753  6.2778338425565821 -42.851578452049068 161.6118713107191  6.2666183915560643 -42.894280142068673 161.63214486810989  6.2547740406926788 -42.93822003724609 161.6518177341778  6.2423569301751076 -42.983338686870681 161.67129720936208  6.2294395829825744 -43.029413168855839 161.6908942389195  6.2161040327691381 -43.076166451960745 161.71092080721147  6.1887327257448277 -43.171292035339917 161.75248361683654  6.1747014736933972 -43.219589604713519 161.77401170828523  6.1604112210042885 -43.268475501012404 161.7965503368211  6.1459536727134756 -43.317850486961071 161.8203866819797  6.1314322961733394 -43.367610051666027 161.84582730152815  6.1169689762333821 -43.417591923460954 161.87319418060065  6.1027106704225558 -43.467523582813314 161.90282078084519  6.0749614578376665 -43.566415967540479 161.96727539828154  6.0614756129863032 -43.615350589989966 162.00208321438487  6.0485272241856753 -43.663553296513797 162.03990865509164  6.0363428168439786 -43.710335983767663 162.08107336988164  6.0251821115606514 -43.75475253177899 162.1256835233045  6.0152933885167696 -43.795808544659806 162.173529777673  6.0114197625286296 -43.835112340166873 162.22512652509616  5.9999999941358872 -43.86487844613761 162.27591562419633  
6.6905061183539383 -42.978409618215842 161.35562338116085  6.681153942888697 -42.963895654402911 161.37762975593628  6.669252093572581 -42.946517389993538 161.39936925062241  6.6588195644069748 -42.933414749798018 161.42471539315309  6.6484840359148771 -42.924423620947707 161.44451729139402  6.6382229313451004 -42.916899917098917 161.47184789316938  6.6278647944302014 -42.916684054081919 161.49350831126503  6.617473660098792 -42.919377477991411 161.51325715115786  6.5965740327592188 -42.930813628557857 161.54801822740427  6.5860710602691501 -42.93939585212734 161.5629592240285  6.5755260588724793 -42.949723143434952 161.57580098567936  6.5649393237651417 -42.961281609497696 161.58720037496431  6.554311478123056 -42.973793558571181 161.59768010049478  6.5436467172509092 -42.987030156616946 161.60746697385648  6.5329481341839921 -43.000805726638589 161.61661913368431  6.5007191118548766 -43.043849619147792 161.6430884429715  6.47906717380849 -43.074656018089939 161.65924193009377  6.4572516426258453 -43.106808613422821 161.67499853790142  6.4352455271555868 -43.140133803106465 161.69093046537543  6.4130319455139952 -43.174547841557711 161.70734838344046  6.3906186963238589 -43.209847910699459 161.72447623344021  6.3680279707509166 -43.245795077807735 161.74253871133899  6.3224944399214369 -43.31918320244543 161.78098416401241  6.2995583922240783 -43.35656491608664 161.80136141921699  6.2764822450702171 -43.394508876947747 161.82306411718753  6.2533029902865849 -43.432938686363912 161.84628326297386  6.2300754294562237 -43.471780595908854 161.87122259673617  6.2068821746741607 -43.510917152137111 161.89809123772093  6.1838436493032809 -43.550140841394345 161.92709632821848  6.1384125281564925 -43.628074627739586 161.98977502685332  6.1160275241768227 -43.666758926972918 162.02342510891026  6.0940963270696473 -43.70500143180481 162.05968871106992  6.0728591498210482 -43.742239508893036 162.09871790545822  6.0526062287911238 -43.777669658320356 162.14043652409273  6.0336108843792253 -43.810410079910334 162.18446263387489  6.0133685905625036 -43.835539281504616 162.22810649827699  5.9999999912038309 -43.864878435412827 162.27591561973247  
7.1024042700332135 -43.19134161680185 161.45499164717549  7.0847247090469869 -43.179441541122628 161.47215580088962  7.059026504388104 -43.160042454954741 161.48698683783499  7.0380363192255251 -43.146778594982756 161.50632310696864  7.0174626430501545 -43.13715187757613 161.52099100286927  6.9972706574955179 -43.128527752472884 161.54238277034676  6.9772600980038817 -43.125998841801035 161.55886704344286  6.9574923705801606 -43.125942557546033 161.57385298405629  6.9183660070285669 -43.130971675045188 161.6000171164882  6.8990135049642261 -43.135934280739086 161.61113957289905  6.879874299396703 -43.142443510885691 161.6206308534951  6.8609389667573737 -43.150062759065655 161.62906969051394  6.8421984455595481 -43.158548336052888 161.63690911049727  6.8236476403340331 -43.167708209479258 161.64434396392318  6.8052802270652135 -43.177391382092893 161.6514219885282  6.7506635262499239 -43.208040961480833 161.67235124154033  6.7149128606920048 -43.230475698576718 161.68575064289402  6.6797471296442028 -43.25424708632724 161.69949825846663  6.6450581483411231 -43.279181685138298 161.7140288884909  6.6107488692748086 -43.305193857574423 161.72954757318925  6.5767495495539379 -43.3321141944689 161.74618536290606  6.5430062974127727 -43.359750158931924 161.76407377039908  6.4758776983176203 -43.416607737540311 161.80260204018359  6.4424998592961549 -43.445784077854192 161.82323807729585  6.4092621961137271 -43.475609043485541 161.84532491054881  6.3761269359744572 -43.506029156635691 161.86895793841032  6.3430759099422387 -43.536997485517581 161.89424037424274  6.3101216449105646 -43.568434742409487 161.92127455670047  6.2773184555710904 -43.600190381784209 161.95015326007621  6.2122286171953061 -43.663817014956095 162.01174874929808  6.1799504046968297 -43.695664537384346 162.04444202958899  6.1479961087141426 -43.727437300612962 162.07920675815956  6.1165526570717201 -43.758693579171741 162.11606026509384  6.0858623029119236 -43.788780417501037 162.15480339295803  6.0561482320141158 -43.81695516030392 162.19496259164157  6.0190329375477116 -43.833888866980715 162.23171022678153  5.9999999902264793 -43.864878421491504 162.27591560769679  
7.5512010494871538 -43.297816117774502 161.50467974762597  7.5244030278853318 -43.289876987600984 161.51763030705243  7.4978132063688054 -43.282687866409958 161.53109699966333  7.4714138626926605 -43.276208963044475 161.54523269032791  7.4451844511607419 -43.271316924695903 161.55779217484601  7.419106870196873 -43.266520150220337 161.57229968247862  7.3930387902181591 -43.263390025316781 161.58492343403915  7.367034214580805 -43.261238667366975 161.59700297608475  7.3151104577488653 -43.258937196718477 161.61982372629939  7.2891958780059429 -43.258784248914957 161.63056077173638  7.2633384740404159 -43.259499018927514 161.64080634646928  7.2375390822852905 -43.260966224909275 161.65076693671801  7.2117987970452146 -43.263103370286508 161.66059220631902  7.1861216695022732 -43.265862313145071 161.67035157811821  7.1605108071841954 -43.269214407587867 161.68006884662597  7.0838520073189226 -43.280928835994814 161.70930677184657  7.032987671406441 -43.290958637721459 161.72888219734503  6.9823708039418051 -43.302970183349956 161.74882980274657  6.9319824340359286 -43.316826386282223 161.76927200887235  6.8818113864581036 -43.332433996009797 161.79025594452949  6.831866273156459 -43.349712248602664 161.81180867991671  6.7821667719775363 -43.36858768389272 161.83395670174633  6.6832616131724816 -43.409442574806391 161.8794625583335  6.6340615837661181 -43.431421100929775 161.90282159050639  6.585138543130042 -43.454892551074032 161.9267850998981  6.5365223500154759 -43.479815716588426 161.95135436525126  6.4882564852333218 -43.506157485786481 161.97652642817988  6.4404062537404325 -43.533883992839009 162.00228695075469  6.3930669867218919 -43.56295176675777 162.02860307296893  6.2996775006313026 -43.623645993835325 162.0822294676214  6.2536336160334338 -43.65526318257006 162.10952634289313  6.2083366540035501 -43.688116374391072 162.13729991192156  6.1639785598514498 -43.722105134338534 162.16543921318993  6.1207912740550086 -43.757058984360988 162.19373145503084  6.0789908462398969 -43.792733723091388 162.22186416260212  6.0387215491586304 -43.828807748996304 162.24942732858355  5.9999999926698591 -43.864878363177333 162.27591554285598  
8.0000000000000018 -43.297816117774502 161.50467974762597  7.96576274363201 -43.293756583510657 161.51337874961993  7.9315473543361383 -43.290110141705441 161.52236016122939  7.8973595499255635 -43.286883507110495 161.53161539170111  7.8632049576586587 -43.28408305494218 161.54113563822025  7.8290895003568108 -43.281714833065756 161.55091177869031  7.7950187920589249 -43.279784502894067 161.56093455120632  7.7609986191484728 -43.278297381650873 161.57119443692926  7.6930707395755604 -43.27621943913794 161.5921690451201  7.6591630348601987 -43.275628618090416 161.60288376708323  7.6253172776423872 -43.275490889886157 161.61381620823062  7.5915391579359177 -43.275810828620827 161.62495647677952  7.5578343362690035 -43.276592634620542 161.63629450174  7.5242084351850194 -43.277840130145272 161.64782004720809  7.4906670293163478 -43.279556756026523 161.65952272729191  7.390312843463982 -43.286123195645438 161.69513060972523  7.3237701001829683 -43.292389571070956 161.71953565259179  7.2576315356383247 -43.300569150767856 161.74452298237048  7.1919403756837417 -43.310680246148742 161.77000626332099  7.1267386458670181 -43.322734942865054 161.79589745816449  7.0620668828178248 -43.336739071050275 161.82210729727154  6.9979638517436973 -43.352692227728681 161.8485457505289  6.87096868830404 -43.388483475045263 161.90169925315567  6.8080765500592495 -43.408321553388582 161.92841430344038  6.7458265864450873 -43.43009556599754 161.95517733636817  6.684253452435529 -43.453792763682266 161.98189775301765  6.6233894750524955 -43.47939432976824 162.00848514886118  6.5632644015991497 -43.506875541305888 162.03484979086909  6.5039051478891592 -43.536205930370741 162.06090309449414  6.3867659450694276 -43.598492960191315 162.11221310700026  6.3289860111891052 -43.631449585425884 162.13746981104507  6.2720195625260393 -43.666183396073848 162.16224126569477  6.2158873856397969 -43.702652832596215 162.18644213367617  6.1606070388620937 -43.74081105633487 162.20998915493399  6.106192655197936 -43.780606305039228 162.23280161373384  6.0526547452261301 -43.821982251765881 162.25480180948585  5.9999999999999982 -43.864878343430568 162.27591550655058  

0 8
1 8

0 9
0.125 7
0.25 7
0.5 7
0.75 7
1 9

1 6.0000000000000009 -1.0403311000055026e-15 175.73766198920575 1 0 0 -0 0 1 0 -1 0 
1 11 -30 168 1 0 0 -0 0 1 0 -1 0 
9 0 0 0 0 7 7 8 44 2 8 6 -15.088818860451074 171.29781152269558  6 -15.121791872280987 171.28732011021714  5.9999999999999121 -15.151764600491846 171.27272138303798  6.0000000000000933 -15.178493137347138 171.2538867411684  5.9999999999998463 -15.201854598185838 171.23102307405793  6.0000000000000115 -15.2218471211993 171.20467275886628  5.9999999999999263 -15.238589867469639 171.17571366073238  5.9999999999999369 -15.266056174482681 171.11500460496543  5.9999999999998828 -15.276710971772562 171.08339993164427  5.9999999999999574 -15.284926050996377 171.05146994963573  5.999999999999865 -15.291247329549497 171.01936035455574  5.9999999999999263 -15.296100649987586 170.986880182091  5.9999999999998845 -15.299764425936692 170.95394428904055  5.9999999999998881 -15.307498012149702 170.85515892545786  5.9999999999998126 -15.308407588663838 170.78870622777518  5.9999999999999369 -15.306806304606255 170.7243269005759  5.9999999999997762 -15.303104703670757 170.65603332326026  5.9999999999998765 -15.298037789125077 170.5912587544546  5.9999999999998268 -15.291880078941512 170.52566778387464  5.9999999999998437 -15.270697268919612 170.32897867278885  5.999999999999746 -15.253043581696057 170.19790005491947  5.9999999999999405 -15.233865548166637 170.06767935462304  5.9999999999997149 -15.213828550024282 169.93713266359219  5.9999999999998881 -15.193471011094765 169.80630329042583  5.9999999999998304 -15.173467751981217 169.67629714528806  5.9999999999998632 -15.14417848103767 169.48044931168704  5.9999999999998419 -15.134542989020195 169.41506226486831  5.9999999999998979 -15.125115254006799 169.34983346718781  5.9999999999998499 -15.115918988380605 169.28464259041633  5.9999999999998934 -15.106960363463322 169.21926708816159  5.9999999999998872 -15.098266914778796 169.15366299065519  5.9999999999999059 -15.081585979849601 169.02282840848076  5.9999999999998872 -15.073600173056166 168.95765479840765  5.9999999999999529 -15.065876715271617 168.89163207812285  5.999999999999881 -15.058586328442898 168.82600376360713  5.9999999999999627 -15.051767275690937 168.7608479128354  5.9999999999999307 -15.045313752257245 168.69497386661618  5.999999999999968 -15.027416974992361 168.49770475371048  5.9999999999999334 -15.017417564746552 168.36666966258866  6.0000000000000515 -15.009376450910233 168.23390436813543  5.9999999999999174 -15.003818910509079 168.10308461276085  6.0000000000000391 -15.000657418364769 167.97045507547412  5.9999999999999893 -15.000285532108968 167.838740590908  6 -15.002867591077113 167.70670947595812  
6 -14.952741377273572 170.87013943270915  5.9999999999597433 -14.98328929765826 170.86194768471395  5.9999999999210756 -15.011257191348726 170.85019235157068  5.9999999998843245 -15.036435227747752 170.83476331724404  5.9999999998487583 -15.058717317995171 170.81583804891807  5.9999999998151878 -15.078101114744697 170.7938815952669  5.9999999997829185 -15.094688012202376 170.76964658672404  5.9999999997216005 -15.12267828006355 170.71869988438922  5.9999999996924025 -15.134022711180776 170.69211271936499  5.999999999664821 -15.143263105941056 170.6652046530977  5.9999999996385309 -15.150866664117435 170.63810078271845  5.9999999996138191 -15.157197672293849 170.6106376593838  5.9999999995903996 -15.16249405735412 170.58274255762032  5.9999999995243574 -15.175543705217258 170.49895311923319  5.9999999994857021 -15.180541040883183 170.44241846891069  5.9999999994524469 -15.183317698181686 170.38749883079913  5.9999999994238555 -15.184220066202643 170.32906445460242  5.9999999994002211 -15.183872804119938 170.27348948003007  5.9999999993808819 -15.182506015178108 170.2170609106517  5.9999999993356097 -15.175814347124037 170.04739554010334  5.9999999993220934 -15.16796766603928 169.93372398884222  5.9999999993236299 -15.158415960447376 169.82021244887571  5.9999999993374935 -15.147692149850815 169.70587705528266  5.9999999993624922 -15.136223437571031 169.59078976346726  5.9999999993959818 -15.12455737413366 169.4759368159215  5.9999999994563993 -15.106879425717656 169.30229360489892  5.9999999994781845 -15.100964106274361 169.24421552232025  5.9999999995014717 -15.095091431322766 169.18617074699685  5.9999999995258282 -15.089278566264648 169.12806148776315  5.9999999995512008 -15.083527882094092 169.06970250650582  5.9999999995771933 -15.077860310052086 169.01106178183912  5.9999999996300479 -15.066837082505387 168.8939405637779  5.9999999996568674 -15.061482866467202 168.8355088194692  5.999999999683939 -15.056204508101429 168.77627506293385  5.9999999997107887 -15.051146179289653 168.71731109677694  5.9999999997374562 -15.046338775924223 168.65868987576161  5.999999999763423 -15.04168997195986 168.59939698032289  5.9999999998389422 -15.028530002441391 168.42167131282454  5.9999999998858735 -15.020788179342571 168.30339752017227  5.9999999999275904 -15.014089641167617 168.18349104711277  5.9999999999616733 -15.008877973813862 168.06515353239877  5.9999999999866205 -15.005075951690786 167.94521785988721  5.9999999999999893 -15.003023203499559 167.82607134168191  6 -15.002867592543717 167.70670948754005  
6.1174977731032021 -14.81666455236854 170.44246941157741  6.1167327396744735 -14.844486206150874 170.43563077757162  6.1212741393112911 -14.868989556546611 170.42190187997002  6.1229668112506612 -14.892260960262698 170.40816833383212  6.1245257839675995 -14.913501052550339 170.39222702203739  6.1259500632063313 -14.932709638580606 170.3743671820593  6.1272398743717096 -14.949948715163412 170.35505418853521  6.1295534506913807 -14.980736226343639 170.31480491814395  6.1305778714450678 -14.994242821399638 170.29394705866613  6.1314733253538236 -15.006213385198931 170.27284040141913  6.1322422672507866 -15.016957773606517 170.25155604440229  6.1328869033828175 -15.026722357182502 170.22998752976585  6.1334098885496413 -15.035667809286407 170.20808661635675  6.1346252926370051 -15.060205063978602 170.14212392441104  6.1349621375383343 -15.073563973359251 170.09746722705864  6.1348620789024109 -15.08486520687879 170.05353973289903  6.1343191946113587 -15.094469122272882 170.00713750203863  6.1333944587873876 -15.102653604713771 169.96223041228868  6.1320940128374852 -15.109664515379695 169.91650491322574  6.1271470260858099 -15.127474672631308 169.77822515586641  6.1224561447122419 -15.135096514249984 169.68453398893931  6.1165822971015835 -15.139642214118789 169.58979374903402  6.1097217694343655 -15.141568879287966 169.49339467322778  6.1020879767693854 -15.141230094575572 169.39541055315561  6.0939087785261039 -15.139032058652642 169.29650703230254  6.0811311249253812 -15.133180516735107 169.14576042517868  6.0767874268787496 -15.130807919643134 169.09513145873643  6.0723896278033385 -15.128059589507801 169.04427871494485  6.0679641543529046 -15.124958542866789 168.99314640860121  6.0635364595506696 -15.121520455558198 168.94162294118948  6.0591340016564912 -15.117769655558988 168.8896971928086  6.0504444444100214 -15.109740576086512 168.78553243541046  6.046157689373568 -15.105462852983164 168.73332645465237  6.0419461038975912 -15.100898711375658 168.68039773766046  6.0378498800027778 -15.096130321060365 168.62746001899862  6.0338976967521738 -15.091187453875358 168.57457355416958  6.0301056058789966 -15.086043035930954 168.52108716443794  6.019316874391115 -15.070200093046449 168.36029169451365  6.0129065480406174 -15.059083521558994 168.25265346899587  6.0074800839883187 -15.047552612735105 168.14347321967338  6.0032834205348804 -15.0359578978938 168.03499263702932  6.0004977157553681 -15.024429406555793 167.9252615158166  6.0102107128694202 -15.010358806869426 167.80674103731261  5.9999999997510631 -15.002867595891749 167.70670951071202  
6.3524745555957214 -14.691775526354789 170.04996104411003  6.3499552791065046 -14.716767769200731 170.04415135618669  6.3499802361745248 -14.739704723149893 170.03505015193392  6.3486350441429975 -14.76119511994264 170.02481806094852  6.3472092910743587 -14.780959670646931 170.01281689002241  6.3456952348088915 -14.798997962721188 169.99927701381273  6.3440880631507586 -14.8153550805959 169.98456389663539  6.3406837245897512 -14.844888130763039 169.95379228843601  6.3388881331732945 -14.858022585157064 169.937797472179  6.3370019250969243 -14.869818681627104 169.92156449216677  6.3350256393088706 -14.880550520332916 169.90513996847233  6.3329592200707658 -14.890442727206267 169.88843287801507  6.3308036887959318 -14.899640592326536 169.87140113963929  6.324081070079079 -14.925259440239756 169.8199123185629  6.3192531096991864 -14.939780990009769 169.78479389263796  6.3141238008529195 -14.952503522657661 169.749986093188  6.3086361569665401 -14.963925750854035 169.71293570214712  6.3028938279577114 -14.974069729775154 169.67680199207206  6.2968688709825411 -14.983274804834496 169.63975031969284  6.2780139774402661 -15.008258175496104 169.52691751701406  6.2644071297804462 -15.021443547885362 169.44943291079775  6.2499265486179745 -15.0321302789004 169.37009089683872  6.2347038400663743 -15.040705869665658 169.28843315885928  6.2189134433822639 -15.047406390554803 169.20457511487177  6.202766795825994 -15.05246421807866 169.11912858013838  6.1782559774361632 -15.05772420176635 168.98785027884256  6.1700380201538829 -15.059091393437608 168.94358677235061  6.1618037320269012 -15.060092702785546 168.89896306659739  6.1535751671523409 -15.0607398784748 168.85394157177026  6.1453722477640298 -15.061041171692436 168.80843772092007  6.1372199319145571 -15.061006343906113 168.76245445610166  6.1210908303964739 -15.060297005338596 168.66997897292407  6.1131148717592465 -15.059622390555544 168.623517274888  6.1052279533874421 -15.058625197974383 168.57632180784609  6.097486078236491 -15.05732934241057 168.52903059920325  6.0899178730558496 -15.055745531155798 168.48171184920278  6.0825219285677665 -15.053870522207928 168.43381341716562  6.0609893753992754 -15.047435141717136 168.28971154957571  6.0475050969743025 -15.042061459548068 168.19311274482456  6.0350584712803395 -15.035678455777276 168.09515226844124  6.0239271272536534 -15.028421066272362 167.99797354008732  6.0142380648225204 -15.020403380949011 167.90002614611808  6.0114148848926074 -15.010879448906143 167.80009432270626  5.999999999402549 -15.002867597059129 167.70670951535612  
6.6905061183539329 -14.58928312025037 169.72784205349126  6.6846674256368166 -14.611522524665643 169.72330196809691  6.677352528493361 -14.633146579402004 169.71967102320522  6.6708472087971531 -14.65290423436327 169.71321024696692  6.6643627971359791 -14.671155070027124 169.70524362298437  6.6578847315689682 -14.687898079260311 169.6959628333708  6.651402845872993 -14.70316591094997 169.68566631006806  6.6384198932167324 -14.730883829068516 169.66385215976197  6.6319211900549506 -14.74329134412636 169.65238853606641  6.6254165195931574 -14.754504575265457 169.64066142024058  6.6189037424676851 -14.764777742929553 169.62870010829127  6.6123798278183514 -14.774325151164467 169.61642359053016  6.6058433606861326 -14.783284210857905 169.60379400621036  6.5862044268687452 -14.808466967222838 169.56532228226499  6.5730651574193235 -14.823081350429414 169.53867429392429  6.5599229682152291 -14.83615589016417 169.51192552226078  6.5466688103628758 -14.848313235238852 169.48296367285124  6.5334346134599253 -14.859368102671567 169.45441023142664  6.5201549195603965 -14.869742493434906 169.42475784527434  6.4802106056443955 -14.898914168979893 169.33341091116102  6.4534454127887084 -14.915795197173509 169.26930640547795  6.4266012272092485 -14.930922428612627 169.20241605597903  6.3996876578142485 -14.944612075397831 169.13242849997943  6.3727790420695083 -14.956984819907973 169.05953646265129  6.3460058620960886 -14.968111679698712 168.98436843597182  6.3061357685056949 -14.982950940730699 168.86773960252503  6.2928952017282631 -14.98758896167946 168.82822811280855  6.2797278989012728 -14.991914770844307 168.78822495473872  6.2666437620315811 -14.995927575249548 168.74771062994753  6.25364955223381 -14.999625986253143 168.70662412662242  6.2407596463649018 -15.003004404465857 168.66498444798728  6.2152539409466208 -15.00909440487669 168.58103983356156  6.2026393821313643 -15.011805351323522 168.53876442922174  6.1901407957528365 -15.014191913742222 168.49573526094639  6.1778192604324689 -15.016228048227429 168.45255570974876  6.1656948612861306 -15.017905354745846 168.40930722965592  6.1537427042679189 -15.019235274350597 168.36550310763809  6.1185426067957494 -15.022129829636741 168.23370966021571  6.0959466133197742 -15.022600526749784 168.14535406579131  6.0742900941119853 -15.021601165083238 168.05589937495574  6.0538091527964566 -15.019063004592871 167.96751822414134  6.0345152949111425 -15.015054451334402 167.87896456876425  6.0134859867850237 -15.011186902623379 167.79699992726893  5.9999999991038235 -15.002867597850235 167.70670951768227  
7.1024042700332135 -14.518037300424304 169.50392661975647  7.0912738200972854 -14.537339010431166 169.50007516096105  7.075477102032937 -14.557124513506949 169.50008217948925  7.0622779439617327 -14.574872195143648 169.49617035539066  7.0492225057745737 -14.591379900672612 169.49100102389647  7.0362924685153319 -14.60664554621027 169.4847275246278  7.0234743965019284 -14.62069099646339 169.47758453168436  6.9980450781552124 -14.646433133005852 169.4621915757395  6.9854364576326882 -14.658090158155467 169.45398547371232  6.9729331361981854 -14.668746742099854 169.4454932298508  6.9605305967428679 -14.678623522796169 169.43673183049737  6.9482233310131623 -14.687910128297016 169.42763310676654  6.9360076260086894 -14.696727130804998 169.41816507514315  6.8996377991321705 -14.721809740569411 169.38902968408493  6.875752885321293 -14.736790681690774 169.36845289128826  6.8522610629388554 -14.7505333935535 169.34743063666301  6.8290240315135833 -14.763674718490522 169.32428620657811  6.8061712180592453 -14.775917745778214 169.30111143432319  6.7836127283209402 -14.787691489675046 169.27671818479928  6.7168033638448179 -14.821614152849563 169.200624369097  6.6734237797194265 -14.842394649109458 169.14599445327372  6.6311295802114065 -14.861945778679841 169.08788114365461  6.5897935260544154 -14.880469967327244 169.0261099390161  6.5493597665528958 -14.897966492001599 168.96093007831581  6.5098341143518264 -14.914364291318437 168.89295691901285  6.4517938049045798 -14.937199727271478 168.78658325162002  6.4326563799372023 -14.944517187099741 168.75039791549091  6.413737233037736 -14.951517778547444 168.71362042699184  6.3950297981861786 -14.958188612107124 168.67624748006696  6.3765239562567508 -14.964518085426739 168.63824100018229  6.3582179811552173 -14.970487543745932 168.59963197655529  6.322042990749126 -14.981638336921707 168.52161661216851  6.3041753538302379 -14.986818778782272 168.48223676473268  6.286484999252786 -14.991615893197777 168.44211042139659  6.2690219424272797 -14.99597239967625 168.40177482605904  6.2517905717539728 -14.999865339675466 168.36131679907979  6.234745215588104 -15.003309807846831 168.32033283266193  6.1842680524299656 -15.012169938740426 168.19696817451427  6.1514902340434556 -15.016115949958692 168.11419040985405  6.1195176161035674 -15.018011001476015 168.03049010362932  6.0884663307149793 -15.017645361638895 167.94791279244299  6.0582014616351207 -15.015029772483109 167.86553115214622  6.019024808154354 -15.013379274453275 167.79544555928186  5.9999999990042472 -15.002867598602803 167.70670952231828  
7.5512010494871449 -14.482411545897172 169.39195996266903  7.5344128244937725 -14.498491579538582 169.38790461575044  7.5177206740813443 -14.514123064201884 169.38350237808058  7.5011056568381553 -14.529311386429006 169.37876882666822  7.4845524887953658 -14.54405830572983 169.37372069128284  7.4680495434290446 -14.558361954816828 169.36837585633236  7.4515888516576014 -14.572216839552848 169.36275336042164  7.4187433520304085 -14.59901083835968 169.35099343241143  7.402360509835499 -14.611932488212238 169.34486295048961  7.3860191331464478 -14.624424352096533 169.33848426995019  7.3697179408787843 -14.63655385265297 169.33184402986876  7.353454905120647 -14.648386621334609 169.32492517976235  7.3372293432731857 -14.659962848163886 169.31771897024655  7.2886733440364724 -14.693895198131973 169.29527289057813  7.2564575216857303 -14.715500383329163 169.27918366710213  7.2244369207532531 -14.736152269919867 169.26202416611048  7.192524583698507 -14.756251603287687 169.24360772503258  7.1608341941900644 -14.775441360448244 169.2241783436173  7.1293149345561107 -14.793991628927357 169.20362247642328  7.0353070682429797 -14.847624146710766 169.1386915412296  6.9733723149597155 -14.880696212016195 169.09105317925454  6.9122500974842698 -14.911163895135003 169.03926524193361  6.8519742408508213 -14.939051506424107 168.98345434151665  6.7926289990378343 -14.964262980220045 168.92385750985105  6.7343406638107952 -14.98663544758289 168.86080707464069  6.648582868525204 -15.015851031930273 168.76136912471486  6.6202770422899482 -15.024863613881285 168.72741260483281  6.5922725916402998 -15.033121810966406 168.69270976162855  6.5645788255615702 -15.040615184729116 168.65728981158281  6.5372020183408184 -15.047338116775816 168.6211746539137  6.510154335947762 -15.053276628590837 168.58440655012765  6.4567711888714063 -15.063513774117903 168.50974505693503  6.4304367567616776 -15.067811437991429 168.47186137964314  6.4044405620921108 -15.071319091842447 168.43335073557245  6.3788327032945809 -15.073969747114738 168.39440596339776  6.353628598319836 -15.075746590519143 168.3550905501348  6.3288056333726139 -15.07668786951646 168.31532708589918  6.2555891631057596 -15.07687006279288 168.1951570285029  6.2084444048472909 -15.073475611175484 168.11388130490752  6.1630035523831088 -15.066563565242184 168.03164925327843  6.1194344661433906 -15.055966404304494 167.94944498577703  6.0777079750270051 -15.041804734538642 167.86735212865815  6.0379048197160738 -15.024058337409482 167.78629994815114  5.9999999992531858 -15.00286760112119 167.70670954547401  
7.9999999999999973 -14.482411545897174 169.39195996266903  7.9787149388691114 -14.495318426043506 169.38785322807701  7.9574512021591737 -14.508166820860568 169.38344528422155  7.9362109355012587 -14.520951362861936 169.37873692096321  7.914996273728609 -14.533666737900949 169.37372907117199  7.893809340878871 -14.546307685405335 169.36842281260505  7.8726522501912832 -14.558868998325016 169.36281936746514  7.8304019580269344 -14.583822047949466 169.35102083746443  7.8093087485867896 -14.596213790367459 169.34482574810954  7.7882495995376262 -14.608515586682294 169.33833620218414  7.7672266221097432 -14.620722330933857 169.33155370592902  7.7462419200624026 -14.632828973874775 169.32447990329658  7.7252975947274241 -14.644830521936251 169.3171165751975  7.662592060713898 -14.680505064700897 169.29416376584152  7.620958269881223 -14.703847971942324 169.27771145164002  7.5795111234015922 -14.726711294040138 169.26012400005757  7.5382673255335932 -14.749056492460095 169.2414188826337  7.4972432479723903 -14.77084616181398 169.22161552555517  7.4564552400366342 -14.792043916979059 169.20073541552932  7.3348471026007012 -14.853756150696544 169.13493464474547  7.2547829701836353 -14.892389539747048 169.08685359765713  7.1758543817374285 -14.928233835076661 169.0347451243239  7.0981844432904513 -14.961027183045518 168.97882562014553  7.0218895570605033 -14.990529463950526 168.91933892131317  6.9470770581790049 -15.016524607852743 168.85655326428733  6.8372255407401141 -15.049971644521545 168.75785994627802  6.8010029068945794 -15.06019637716245 168.72420970167173  6.7651867825019973 -15.069473079220311 168.68984311303197  6.7297884133016561 -15.07777963420847 168.65479761158304  6.6948182483922301 -15.085095611156122 168.61911180887228  6.6602858686762785 -15.091402315606471 168.58282537381447  6.592113961920834 -15.101963365629166 168.50913244558072  6.5584744322629307 -15.10621771075934 168.47172594843661  6.5252899755347409 -15.109428965543414 168.43380002697864  6.4925682908957523 -15.111582001469976 168.39539620355157  6.4603160862552249 -15.112663511060994 168.35655681365222  6.4285390212188283 -15.112662040549914 168.31732487546574  6.3346468601092809 -15.109379967423074 168.19858203809852  6.2739708196530257 -15.102821700483039 168.11802414135673  6.2152499197395716 -15.091816649555454 168.03641870169949  6.158502819650991 -15.07631825376825 167.95412273592339  6.1037293427018007 -15.056311085059001 167.87149835694325  6.050908767754505 -15.031811198179597 167.78890773878294  6.0000000000000018 -15.00286760134334 167.70670955703162  

0 8
1 8

0 8
0.0625 6
0.125 6
0.25 6
0.5 6
0.625 6
0.75 6
1 8

1 6 -44 160 0 -0.30320365727694704 0.952925780013262 0 0.952925780013262 0.30320365727694704 -1 0 0 
1 6 -30 190 0 0.90618313999526545 -0.42288546533112387 0 -0.42288546533112387 -0.90618313999526545 -1 0 -0 
1 -20 -36 188 0 0 1 1 0 -0 -0 1 0 
1 6 44 160 0 -0.90618313999526545 -0.42288546533112387 0 -0.42288546533112387 0.90618313999526545 -1 -0 0 
9 1 1 0 0 2 7 3 20 2 4 4.6236386583451532 34.123374188086693 183.28023306366271  1 4.6786044335184398 34.139074000304596 183.24154316350911  1 4.7333198876340967 34.154702313601838 183.20302946202997  1 4.7877850206921213 34.17025912797839 183.16469195922528  1 4.8419998326925162 34.185744443434281 183.12653065509508  1 4.8959643236352806 34.201158259969496 183.08854554963935  1 4.9496784935204134 34.216500577584029 183.05073664285808  1 6.09613943139707 34.543962919070005 182.24375340507839  1 7.0985587827105734 34.836346751222194 181.5162936049521  1 8.0185615809200375 35.111471646619691 180.82574888937833  1 8.8648228248198251 35.372283458044848 180.16613024660845  1 9.6398901068505456 35.620113417837153 179.5356084675698  1 10.350424926182358 35.857686842505352 178.92883092539242  1 11.036580320234654 36.100391047169452 178.30823624613595  1 11.077247630427648 36.114775729213449 178.27145461249407  1 11.12200193057898 36.130606045374599 178.23097649224823  1 11.170843220688656 36.147881995652916 178.18680188539855  1 11.223771500756669 36.166603580048374 178.13893079194492  1 11.280786770783022 36.186770798560971 178.08736321188732  1 11.341889030767714 36.208383651190729 178.03209914522583  1 
4.9804110435412783 33.111985726935131 183.33145915656755  0.88316149459649496 5.0351729010209745 33.129444029321654 183.2940485085964  0.88286764023664255 5.089832856791829 33.14686984502989 183.25670747493587  0.8826717373300742 5.1443726438770785 33.16425735047352 183.21944853469955  0.88257378587678981 5.1987740631566375 33.181600743699207 183.18228412064451  0.88257378587678992 5.2530190036005955 33.198894250837107 183.14522660534905  0.88267173733007398 5.3070894623628417 33.216132132506829 183.10828828748535  0.88286764023664244 6.4546277042325073 33.581971980691172 182.32434575566177  0.88916895509488703 7.4614223676341647 33.913028703374302 181.61493849276951  0.8951618989441682 8.3882610471740815 34.228618381700421 180.93867489635585  0.90111180628266696 9.2433956579517762 34.53158016463118 180.28947107579077  0.90700051119874048 10.028706674463695 34.822835071461483 179.6653534182966  0.91277058626101792 10.749798243138843 35.104707705667799 179.0613406307119  0.91839779049332482 11.446429552136451 35.394576558269527 178.44019308942248  0.92414904335179193 11.487196904924485 35.41153988682462 178.40384309966154  0.92435345056832718 11.531822643922247 35.430108693010489 178.36405280069181  0.92445565417659459 11.580320290288496 35.450288602992266 178.32081013644515  0.9244556541765947 11.632705930838656 35.472086310506924 178.27410076319944  0.92435345056832718 11.688998235835598 35.495509584265967 178.22390803371576  0.92414904335179193 11.749218481073312 35.520567277144529 178.17021297754744  0.92384243252698917 
5.6263171083532502 32.74938991107296 184.1084501905579  1 5.6797003785885005 32.767259273684466 184.07015869924751  1 5.7330836488237509 32.78512863629598 184.03186720793715  1 5.7864669190590012 32.802997998907479 183.99357571662676  1 5.8398501892942534 32.820867361518999 183.95528422531638  1 5.8932334595295055 32.838736724130499 183.91699273400599  1 5.9466167297647559 32.856606086742012 183.87870124269563  1 7.0913497671914785 33.23979073708302 183.05759127767951  1 8.0925492277563347 33.586851368264441 182.31388992514755  1 9.0109293441734089 33.917841089094836 181.60462623765352  1 9.8561520232745075 34.235980544257153 180.92289883373527  1 10.630766520709026 34.542312183914348 180.26647389161158  1 11.340579475168555 34.839185069481786 179.63031770825341  1 12.025257541085205 35.144923601861819 178.97516371029613  1 12.065196844777587 35.162758237879906 178.93694663311447  1 12.108573891253593 35.182127975554785 178.89544005238258  1 12.155388680513216 35.203032814886477 178.8506439681004  1 12.20564121255646 35.225472755874968 178.80255838026793  1 12.259331487383324 35.249447798520251 178.75118328888513  1 12.316459504993812 35.274957942822347 178.6965186939521  1 

0 3
8.4629159639342699 3

-1.1517078419870628 8
-0.7377451111903629 6
7.7251708527439078 6
8.2017534504415934 8

2 8 -15.655426022459267 171.11752742569297 0 0.95292578001326189 0.30320365727694698 -0 0.30320365727694704 -0.952925780013262 -1 0 0 2
3 6 30 168 1 0 0 -0 0 1 0 -1 0 15
-0.54041950027058416
5 8 4.7449251194648517e-14 171.90120065806997 -1 -0 -0 -0 0.30320365727694787 0.95292578001326167 -0 -0.95292578001326167 0.30320365727694787 4 2
1 6 44 160 0 -0.90618313999526545 -0.42288546533112387 0 -0.42288546533112387 0.90618313999526545 -1 -0 0 
2 8 0.60640731455389019 175.90585156002652 0 0.95292578001326189 -0.30320365727694698 0 -0.30320365727694704 -0.952925780013262 -1 0 -0 2
1 6 0 174 -0 0.30320365727694704 0.952925780013262 0 0.952925780013262 -0.30320365727694704 -1 0 -0 
9 0 0 0 0 7 7 8 44 2 8 6 15.08881886042724 171.29781152270317  6 15.121791872229789 171.28732011022529  5.9999999999999138 15.151764600405805 171.27272138302951  6.0000000000000933 15.178493137225114 171.25388674115413  5.9999999999998446 15.201854598028389 171.23102307403943  6.0000000000000133 15.221847121008613 171.20467275884866  5.9999999999999281 15.238589867249372 171.17571366071957  5.9999999999999387 15.266056174211009 171.11500460496924  5.9999999999998828 15.276710971479185 171.08339993166211  5.9999999999999574 15.284926050685451 171.05146994966577  5.999999999999865 15.291247329224456 171.01936035460741  5.9999999999999245 15.296100649651828 170.98688018215816  5.9999999999998845 15.299764425592466 170.95394428912621  5.9999999999998881 15.307498011786237 170.85515892559738  5.9999999999998144 15.308407588295324 170.78870622795301  5.9999999999999369 15.306806304238602 170.72432690080612  5.9999999999997762 15.303104703306044 170.65603332351154  5.9999999999998765 15.298037788766635 170.59125875475496  5.9999999999998286 15.29188007859158 170.52566778421979  5.9999999999998455 15.270697268598395 170.32897867326008  5.9999999999997478 15.253043581399146 170.19790005547705  5.999999999999944 15.233865547897201 170.06767935527051  5.9999999999997167 15.213828549782505 169.93713266433844  5.9999999999998881 15.193471010879154 169.80630329125773  5.9999999999998304 15.173467751791428 169.67629714621998  5.9999999999998632 15.14417848088314 169.48044931276618  5.9999999999998419 15.134542988876731 169.41506226599819  5.9999999999998979 15.125115253873973 169.34983346836248  5.9999999999998499 15.115918988257633 169.28464259164858  5.9999999999998934 15.10696036334965 169.21926708943914  5.9999999999998836 15.098266914673243 169.15366299198573  5.9999999999999059 15.081585979758842 169.02282840991217  5.9999999999998872 15.073600172971743 168.95765479989245  5.9999999999999529 15.065876715193054 168.89163207965623  5.999999999999881 15.058586328368349 168.82600376519628  5.9999999999999627 15.051767275619889 168.7608479144715  5.9999999999999307 15.045313752188225 168.69497386830588  5.999999999999968 15.02741697492603 168.49770475555434  5.9999999999999316 15.017417564676739 168.36666966453421  6.0000000000000515 15.009376450832001 168.23390437018421  5.9999999999999156 15.003818910415742 168.10308461490874  6.0000000000000391 15.000657418250352 167.97045507772123  5.9999999999999876 15.00028553196222 167.83874059321892  6 15.00286759089883 167.70670947839278  
6 14.952741377249637 170.87013943271643  5.999999999960612 14.983289297664278 170.86194768470588  5.9999999999227791 15.011257191374568 170.8501923515305  5.999999999886823 15.036435227789255 170.83476331718276  5.999999999852017 15.058717318049599 170.81583804883726  5.9999999998191784 15.078101114810785 170.79388159517154  5.9999999997876037 15.094688012280274 170.76964658661799  5.999999999727609 15.122678280165912 170.71869988426877  5.999999999699039 15.134022711295898 170.69211271924311  5.9999999996720543 15.143263106069737 170.66520465297259  5.9999999996463291 15.150866664259897 170.63810078259991  5.9999999996221511 15.157197672450485 170.61063765926627  5.999999999599237 15.162494057524349 170.58274255750754  5.9999999995346203 15.175543705426502 170.4989531191348  5.9999999994967999 15.180541041115653 170.44241846882693  5.9999999994642632 15.183317698433793 170.38749883074436  5.9999999994362856 15.184220066468383 170.32906445455365  5.9999999994131636 15.183872804395063 170.27348948001338  5.9999999993942419 15.182506015458253 170.21706091066716  5.9999999993499475 15.175814347405154 170.0473955402162  5.9999999993367208 15.167967666303086 169.93372398903455  5.9999999993382298 15.158415960679879 169.82021244916103  5.9999999993517878 15.147692150040715 169.70587705568079  5.9999999993762483 15.136223437710218 169.59078976397478  5.9999999994090141 15.124557374219252 169.47593681655871  5.9999999994681286 15.106879425721418 169.30229360573486  5.9999999994894431 15.100964106250521 169.24421552322539  5.9999999995122284 15.095091431271687 169.18617074796597  5.9999999995360591 15.089278566186774 169.12806148880944  5.9999999995608846 15.083527881990527 169.06970250761722  5.9999999995863122 15.077860309923686 169.01106178302319  5.9999999996380309 15.06683708233057 168.89394056510093  5.9999999996642703 15.061482866270472 168.83550882086408  5.9999999996907594 15.056204507885001 168.77627506439467  5.9999999997170272 15.051146179054699 168.71731109830961  5.9999999997431219 15.046338775673508 168.65868987735561  5.9999999997685274 15.0416899716954 168.59939698198255  5.9999999998424167 15.02853000214342 168.42167131466633  5.9999999998883329 15.020788179031792 168.30339752212365  5.9999999999291536 15.014089640855527 168.18349104916081  5.9999999999624967 15.008877973510961 168.06515353452085  5.99999999998691 15.005075951409042 167.94521786206158  5.9999999999999876 15.003023203244764 167.82607134384645  6 15.002867592332983 167.706709489725  
6.1174977731031941 14.816664552344953 170.44246941158693  6.1167327396760394 14.84448620621059 170.4356307775374  6.1212741393137415 14.868989556677443 170.42190187988521  6.1229668112532663 14.89226096045611 170.40816833370332  6.1245257839696965 14.913501052799107 170.39222702186646  6.1259500632071626 14.932709638878965 170.37436718185054  6.1272398743706162 14.949948715506626 170.35505418829231  6.1295534506850506 14.980736226768155 170.31480491783924  6.1305778714354409 14.994242821860581 170.29394705833545  6.1314733253402407 15.006213385692705 170.27284040106261  6.132242267232674 15.016957774128967 170.2515560440275  6.1328869033595383 15.026722357730341 170.22998752937104  6.1334098885206485 15.035667809855529 170.20808661594523  6.1346252925892575 15.060205064600366 170.1421239239547  6.134962137475922 15.07356397400075 170.09746722658164  6.1348620788235682 15.084865207525301 170.05353973241614  6.1343191945140481 15.094469122910917 170.00713750154253  6.1333944586704163 15.102653605330714 169.96223041180107  6.1320940126995076 15.109664515965232 169.91650491275354  6.1271470258815723 15.127474673094016 169.77822515545836  6.1224561444595462 15.135096514593256 169.68453398860714  6.1165822967979517 15.139642214317321 169.5897937488088  6.1097217690789867 15.141568879327089 169.49339467314178  6.1020879763629985 15.141230094450114 169.39541055322462  6.0939087780714667 15.139032058367176 169.29650703255132  6.0811311244051911 15.133180516226545 169.14576042571235  6.0767874263378232 15.13080791906307 169.09513145936856  6.0723896272431297 15.128059588859944 169.04427871567418  6.0679641537749278 15.124958542155957 168.99314640943641  6.0635364589569587 15.12152045478968 168.94162294212296  6.0591340010491264 15.117769654738852 168.8896971938446  6.0504444437803997 15.109740575176547 168.78553243664408  6.0461576887352804 15.105462852034847 168.73332645598461  6.0419461032535029 15.100898710396615 168.68039773908535  6.0378498793558943 15.09613032005775 168.62746002051693  6.0338976961060622 15.091187452857831 168.57457355576946  6.0301056052374893 15.086043034906652 168.52108716611824  6.0193168737764067 15.070200092028053 168.36029169640588  6.0129065474609291 15.059083520578776 168.25265347099679  6.0074800834647331 15.047552611829616 168.14347322174447  6.0032834200916838 15.035957897097703 168.03499263911101  6.0004977154234016 15.0244294059036 167.92526151784963  6.0102107126842066 15.0103588063876 167.80674103920146  5.9999999997565512 15.002867595606958 167.7067095123974  
6.3524745555957631 14.691775526330662 170.04996104411592  6.3499552791246252 14.716767769308088 170.04415135610421  6.3499802362095528 14.739704723374441 170.03505015176299  6.3486350441936148 14.76119512027288 170.02481806069554  6.3472092911392419 14.780959671072985 170.0128168896909  6.3456952348865467 14.798997963234756 169.99927701340852  6.3440880632397931 14.815355081189667 169.98456389616373  6.3406837246986347 14.844888131504016 169.95379228783904  6.3388881332906788 14.858022585964964 169.93779747152547  6.3370019252213972 14.869818682496032 169.92156449145932  6.3350256394391371 14.880550521256435 169.90513996771872  6.3329592202054092 14.890442728179158 169.88843287721673  6.3308036889336678 14.899640593342738 169.87140113880051  6.3240810702222756 14.925259441369262 169.81991231761367  6.3192531098409024 14.93978099119224 169.78479389163107  6.3141238009887521 14.952503523871266 169.74998609214305  6.308636157091235 14.963925752080678 169.71293570106587  6.3028938280678339 14.974069730995732 169.67680199097893  6.2968688710741709 14.983274806034032 169.63975031859991  6.2780139774662018 15.008258176590504 169.52691751595449  6.2644071297490118 15.021443548854176 169.44943290981118  6.2499265485189044 15.032130279703049 169.37009089597143  6.2347038398925534 15.040705870275364 169.28843315815348  6.2189134431297024 15.047406390956898 169.20457511435492  6.2027667954946404 15.052464218270288 169.11912857984083  6.1782559769914247 15.057724201652386 168.98785027889744  6.1700380196721101 15.059091393223563 168.94358677252734  6.1618037315094698 15.06009270247421 168.89896306689718  6.1535751666007954 15.060739878070626 168.8539415722  6.1453722471807373 15.061041171200394 168.80843772147517  6.137219931302023 15.061006343332576 168.76245445678498  6.12109082973193 15.06029700461634 168.66997897385724  6.1131148710718266 15.059622389766009 168.62351727594549  6.1052279526809263 15.058625197125952 168.5763218090222  6.0974860775149207 15.057329341511641 168.52903060049738  6.0899178723241274 15.055745530216422 168.48171185060284  6.0825219278312277 15.053870521238027 168.43381341866859  6.0609893746665042 15.047435140687973 168.28971155135369  6.0475050962681296 15.0420614585219 168.19311274674627  6.0350584706307471 15.035678454801131 168.09515227045989  6.0239271266955035 15.028421065393566 167.99797354212978  6.0142380643999749 15.020403380216568 167.90002614811115  6.0114148846566247 15.01087944836369 167.80009432454435  5.9999999994157225 15.00286759674856 167.70670951694134  
6.6905061183539276 14.589283120226739 169.72784205350021  6.6846674257085921 14.611522524820646 169.72330196796966  6.677352528633592 14.63314657971938 169.71967102294877  6.670847209002317 14.652904234828826 169.71321024658718  6.6643627974025446 14.671155070628586 169.70524362248688  6.6578847318931782 14.687898079987175 169.69596283276337  6.6514028462512433 14.703165911792672 169.68566630935777  6.638419893695743 14.730883830125492 169.6638521588589  6.6319211905807283 14.743291345281643 169.65238853507421  6.6254165201621227 14.754504576511167 169.64066141916484  6.6189037430764479 14.764777744257229 169.62870010714016  6.6123798284633821 14.774325152567153 169.61642358930806  6.605843361364097 14.783284212327798 169.60379400492258  6.586204427635673 14.808466968872791 169.5653222807976  6.573065158232386 14.823081352170236 169.53867429235962  6.5599229690625167 14.836155891967481 169.5119255206242  6.5466688112314175 14.84831323708204 169.48296367115253  6.5334346143396571 14.859368104529409 169.45441022969405  6.5201549204407554 14.869742495287824 169.42475784352524  6.4802106064979119 14.898914170762573 169.33341090940979  6.4534454135861026 14.915795198835921 169.26930640379416  6.426601227919007 14.9309224300984 169.20241605442482  6.3996876584113718 14.944612076667012 169.13242849860737  6.3727790425355701 14.956984820934929 169.05953646150115  6.3460058624203421 14.968111680471528 168.98436843507955  6.3061357686110542 14.982950941122793 168.86773960205281  6.2928952017595705 14.987588961944851 168.82822811248147  6.2797278988585674 14.991914770984383 168.78822495456066  6.2666437619154065 14.995927575267896 168.74771062992403  6.2536495520460891 14.99962598615387 168.70662412675165  6.2407596461080255 15.003004404255087 168.6649844482713  6.2152539405587186 15.009094404456981 168.58103983414972  6.202639381681454 15.01180535080638 168.53876442996116  6.1901407952455534 15.014191913136214 168.49573526183198  6.1778192598730781 15.016228047541622 168.45255571077834  6.1656948606813122 15.017905353991164 168.40930723081775  6.1537427036251904 15.019235273538168 168.36550310892775  6.1185426060655761 15.022129828687952 168.23370966185161  6.0959466125660748 15.022600525758703 168.14535406761289  6.0742900933794362 15.021601164105384 168.05589937690999  6.0538091521383013 15.019063003686616 167.96751822614354  6.0345152943948239 15.015054450561841 167.87896457073009  6.0134859864889698 15.011186902044566 167.7969999290859  5.9999999991235837 15.002867597522192 167.70670951921738  
7.1024042700332268 14.518037300400422 169.50392661976372  7.0912738202467445 14.537339010643095 169.50007516081575  7.0754771023249141 14.557124513936342 169.50008217920359  7.0622779443891472 14.574872195773299 169.49617035496871  7.0492225063304508 14.591379901487413 169.49100102334432  7.0362924691924738 14.606645547196988 169.48472752395341  7.0234743972934233 14.620690997609644 169.47758453089514  6.9980450791615469 14.64643313444838 169.46219157473428  6.9854364587395734 14.658090159734563 169.45398547260643  6.9729331373988428 14.668746743805054 169.4454932286512  6.9605305980308287 14.67862352461642 169.43673182921103  6.9482233323818425 14.687910130223033 169.42763310540002  6.9360076274518105 14.696727132826618 169.41816507370152  6.899637800780134 14.721809742849739 169.38902968243789  6.8757528870811253 14.736790684105651 169.36845288952892  6.8522610647878155 14.750533396066285 169.34743063481827  6.8290240334282482 14.763674721071617 169.32428620466172  6.8061712200199613 14.77591774839521 169.30111143236402  6.7836127303080032 14.787691492302134 169.27671818281678  6.7168033658566211 14.821614155434203 169.20062436709833  6.6734237816753854 14.842394651569252 169.14599445134007  6.6311295820506597 14.861945780939188 169.08788114185552  6.5897935277273225 14.880469969330793 169.02610993740799  6.5493597680210032 14.897966493711881 168.96093007694512  6.509834115589193 14.914364292714763 168.89295691791742  6.451793805774007 14.937199728189221 168.78658325097501  6.4326563806802861 14.944517187856839 168.75039791500137  6.4137372336525358 14.951517779144206 168.71362042666362  6.3950297986717883 14.958188612546699 168.6762474799032  6.3765239566143785 14.96451808571288 168.63824100018411  6.3582179813870594 14.970487543885055 168.59963197672266  6.3220429907376925 14.981638336781824 168.5216166126628  6.3041753537011429 14.986818778510482 168.4822367653889  6.2864849990118215 14.991615892803468 168.44211042221022  6.2690219420814417 14.995972399169824 168.40177482702595  6.2517905713124167 14.999865339069366 168.36131680018869  6.2347452150614675 15.003309807154102 168.32033283390683  6.1842680516859083 15.012169937831313 168.19696817612686  6.1514902332045391 15.016115948962808 168.11419041166153  6.1195176152356625 15.018011000460156 168.03049010557297  6.0884663298980728 15.017645360675024 167.94791279442853  6.058201460970646 15.015029771648878 167.86553115408091  6.0190248077610464 15.013379273827095 167.79544556104881  5.9999999990262038 15.002867598258124 167.7067095237534  
7.551201049487152 14.482411545873342 169.39195996267662  7.5344128247094559 14.498491579816889 169.38790461561788  7.5177206745012537 14.514123064762225 169.38350237782723  7.5011056574509194 14.529311387249852 169.37876882629214  7.4845524895900528 14.54405830679149 169.37372069078771  7.4680495443945878 14.558361956101336 169.36837585572385  7.4515888527834848 14.572216841042604 169.36275335970498  7.4187433534560325 14.599010840227177 169.35099343148855  7.4023605114006132 14.611932490251901 169.34486294946845  7.3860191348408559 14.624424354293108 169.33848426883768  7.3697179426928052 14.63655385499054 169.33184402866772  7.3534549070445703 14.648386623799651 169.32492517848166  7.3372293452977431 14.659962850742073 169.31771896888887  7.2886733463358579 14.69389520101034 169.29527288900971  7.2564575241321592 14.715500386354705 169.27918366541533  7.2244369233132799 14.736152273043157 169.2620241643275  7.1925245863392933 14.756251606467496 169.2436077231753  7.1608341968828055 14.77544136364299 169.2241783417077  7.1293149372729649 14.793991632102674 169.20362247448267  7.0353070709554677 14.84762414973442 169.13869153925557  6.9733723175670788 14.880696214814433 169.09105317733827  6.9122500999011596 14.91116389761476 169.03926524015216  6.8519742430084039 14.939051508521736 168.98345433993134  6.7926290008831325 14.964262981897607 168.92385750852151  6.7343406653083742 14.986635448825583 168.86080707360566  6.6485828694733433 15.01585103252989 168.76136912416587  6.6202770430502369 15.024863614268314 168.72741260445102  6.5922725922105077 15.033121811144442 168.69270976142303  6.5645788259410258 15.040615184705667 168.65728981155189  6.5372020185319819 15.047338116558853 168.62117465406263  6.5101543359546401 15.053276628192014 168.58440655045263  6.4567711885234482 15.063513773380889 168.50974505760712  6.4304367562429299 15.067811437098305 168.47186138048457  6.4044405614119553 15.071319090808204 168.43335073657863  6.3788327024642992 15.073969745955914 168.39440596455972  6.3536285973539659 15.075746589254253 168.35509055144024  6.3288056322880131 15.076687868164928 168.31532708733667  6.2555891617247461 15.076870061244023 168.19515703028395  6.2084444033478787 15.073475609578129 168.11388130684927  6.1630035508691545 15.06656356368911 168.03164925530021  6.1194344647409249 15.055966402892741 167.94944498775229  6.0777079738962057 15.041804733369386 167.86735213046319  6.0379048190445808 15.024058336582822 167.78629994964393  5.9999999992696527 15.002867600720757 167.70670954640991  
8 14.482411545873347 169.39195996267665  7.9787149391217502 14.495318426391187 169.38785322796642  7.9574512026497395 14.508166821557735 169.38344528400967  7.9362109362155007 14.520951363884441 169.37873692064579  7.9149962746530642 14.533666739225952 169.37372907075053  7.8938093420001607 14.546307687011362 169.3684228120832  7.8726522514967936 14.558869000190763 169.36281936684628  7.8304019596759575 14.583822050294446 169.35102083665805  7.8093087503951857 14.596213792931604 169.34482574721255  7.7882496014933027 14.60851558944667 169.33833620120174  7.7672266242012276 14.620722333878883 169.33155370486256  7.7462419222783527 14.632828976983312 169.32447990215363  7.7252975970570228 14.644830525190471 169.31711657397958  7.6625920633529496 14.680505068343123 169.29416376441557  7.6209582726845548 14.703847975777046 169.27771145009334  7.5795111263301003 14.726711298006933 169.26012399840815  7.5382673285507389 14.749056496504323 169.24141888090296  7.4972432510444449 14.770846165886155 169.22161552376215  7.4564552431322086 14.792043921035123 169.20073541369501  7.3348471056801143 14.853756154586721 169.13493464284693  7.2547829731366704 14.892389543370012 169.08685359579565  7.1758543844677591 14.928233838315716 169.03474512258035  7.098184445720646 14.961027185820447 168.97882561858816  7.0218895591307229 14.990529466213662 168.91933892000904  6.9470770598484339 15.016524609586021 168.85655326328066  6.8372255417762275 15.049971645470912 168.75785994576805  6.8010029077141976 15.060196377852522 168.72420970133368  6.7651867831024077 15.069473079655603 168.68984311287556  6.7297884136820176 15.077779634397938 168.65479761160711  6.694818248555209 15.085095611109594 168.61911180908228  6.6602858686264632 15.091402315337845 168.58282537420658  6.5921139614610018 15.101963364947173 168.50913244633088  6.5584744316056396 15.106217709886295 168.47172594936109  6.52528997469072 15.10942896449729 168.43380002807189  6.4925682898780561 15.111582000270548 168.39539620480355  6.4603160850806169 15.11266350973027 168.35655681504912  6.4285390199068724 15.11266203911107 168.31732487699404  6.3346468584547795 15.109379965734064 168.19858203996159  6.2739708178623133 15.102821698725759 168.11802414336546  6.2152499179338649 15.09181664783954 168.03641870376109  6.1585028179779515 15.076318252207916 167.95412273789594  6.1037293413494496 15.056311083773108 167.87149835868553  6.0509087669435573 15.031811197284703 167.78890774013155  6 15.002867600937897 167.70670955771834  

0 8
1 8

0 8
0.0625 6
0.125 6
0.25 6
0.5 6
0.625 6
0.75 6
1 8

2 0 6.5 3 0 0 1 1 0 -0 -0 1 0 1.1499999999999999
2 6.5 0 3 0 0 1 1 0 -0 -0 1 0 1.1499999999999999
2 0 0 3 0 0 1 1 0 -0 -0 1 0 3.2000000000000002
2 -6.5 0 3 0 0 1 1 0 -0 -0 1 0 1.1499999999999999
2 0 -6.5 3 0 0 1 1 0 -0 -0 1 0 1.1499999999999999
2 0 -6.5 3 0 0 1 1 0 -0 -0 1 0 1.1499999999999999
2 -6.5 0 3 0 0 1 1 0 -0 -0 1 0 1.1499999999999999
2 0 0 3 0 0 1 1 0 -0 -0 1 0 3.2000000000000002
2 6.5 0 3 0 0 1 1 0 -0 -0 1 0 1.1499999999999999
2 0 6.5 3 0 0 1 1 0 -0 -0 1 0 1.1499999999999999
5 11 30 168 1 0 0 -0 0.33869244604219095 0.94089713943340147 0 -0.94089713943340147 0.33869244604219095 14.332380757938115 2
5 11 30 168 1 0 0 0 0 1 0 -1 0 14.332380757938109 2
2 6 4.7449251194648517e-14 171.90120065806997 1 0 0 0 -0.30320365727694704 0.952925780013262 -0 0.952925780013262 0.30320365727694704 2
9 1 1 0 0 2 6 3 17 2 4 12.430562850036571 17.203112137535555 168.52628250169323  1 12.347485669505977 17.151482737103255 168.54271003819431  1 12.268882724177862 17.102633908657413 168.55825284724526  1 12.19475401405222 17.056565652198021 168.572910928846  1 12.125099539129055 17.013277967725092 168.58668428299646  1 12.059919299408369 16.972770855238611 168.59957290969672  1 11.131313163481641 16.395676426546615 168.78319386428132  1 10.217485172568749 15.832225915694936 168.96247357227679  1 9.2525580672322167 15.241468015206202 169.15044199516441  1 8.2323546868412958 14.620880821868562 169.34790155667636  1 7.1504414340615083 13.966615630062989 169.55607684498059  1 5.9274195037567416 13.231007479304468 169.79013398385766  1 5.8548390075134797 13.187352657342828 169.80402415448179  1 5.7822585112702178 13.143697835381181 169.81791432510587  1 5.7096780150269559 13.100043013419539 169.83180449572998  1 5.6370975187836931 13.056388191457891 169.84569466635409  1 5.5645170225404312 13.012733369496246 169.85958483697823  1 
11.68827426405371 18.333506829972684 168.16661146319052  0.81741228499630203 11.603876403837713 18.283280611676194 168.1825925326485  0.81768626541735256 11.524160916093436 18.235840931584676 168.19768697631397  0.817850653669983 11.44909293400276 18.191167040020197 168.21190139635721  0.81790544975419321 11.378641346036909 18.149240422124308 168.22524168386954  0.817850653669983 11.312778753000293 18.110044772294277 168.23771302699728  0.81768626541735268 10.370612532704877 17.549349914260802 168.41611593637154  0.81349524836507514 9.4455535140005775 17.001343440973187 168.59048163241781  0.80970806489394831 8.4711702418063233 16.426401943476719 168.77341756343898  0.80603943946075429 7.4434186980210884 15.822090871473289 168.96569835907675  0.80248694925935149 6.3561144262065419 15.184745120821411 169.16849018882957  0.79904311307727216 5.1295881623335289 14.46778656008393 169.39661336724606  0.79549335352098949 5.0564364236828734 14.425026150622489 169.41021895207464  0.79536695678005398 4.9832500817561476 14.382245514023865 169.42383097281069  0.79532482453307518 4.9100523920535917 14.339458244151029 169.43744510413381  0.79536695678005376 4.8368666172876917 14.296677939082855 169.4510570193828  0.79549335352098949 4.7637160027462135 14.253918186712681 169.46466239513691  0.79570401475588259 
11.433674267008072 18.322254524733953 166.79067137827801  1 11.349969995840929 18.270482681053874 166.80455810145682  1 11.270835815340098 18.22153747950664 166.81768663651573  1 11.196271725505575 18.175418920092255 166.8300569834548  1 11.126277726337365 18.132127002810716 166.84166914227387  1 11.060853817835465 18.091661727662014 166.85252311297307  1 10.129986614744457 17.51591200003941 167.00695603479903  1 9.2142579764733679 16.953209962694057 167.16016319976455  1 8.247573415539355 16.362750297070143 167.3231514628024  1 7.2256905319441644 15.742046086068378 167.4966795572949  1 6.1422487822486564 15.087355083641349 167.6818728400892  1 4.9176929503795188 14.350980002394763 167.89246128100157  1 4.8449827687546874 14.307256421559975 167.90496534442468  1 4.7722339314624458 14.263509595504766 167.91747605551259  1 4.6994464385027976 14.219739524229139 167.92999341426537  1 4.6266202898757411 14.175946207733091 167.94251742068295  1 4.5537554855812781 14.132129646016624 167.95504807476539  1 

0 3
7.3624635388270931 3

-3.4543247677784845 7
-2.939351064378029 5
4.4231124744490637 5
4.8876048348593244 7

1 6 0 174 -0 0.30320365727694704 0.952925780013262 0 0.952925780013262 -0.30320365727694704 -1 0 -0 
1 -20 -36 188 1 0 -0 0 0 1 0 -1 0 
1 -20 36 188 -0 1 0 0 0 1 1 0 -0 
1 -20 -36 188 -0 1 0 0 0 1 1 0 -0 
1 20 -36 188 1 0 -0 0 0 1 0 -1 0 
1 11 30 168 1 0 0 -0 0 1 0 -1 0 
1 6.0000000000000009 -1.0403311000055026e-15 175.73766198920575 1 0 0 -0 0 1 0 -1 0 
1 -20 -36 250 0 0 1 1 0 -0 -0 1 0 
1 -21 -25 201 0 0 1 1 0 -0 -0 1 0 
1 -21 25 201 -0 1 0 0 0 1 1 0 -0 
1 -21 -25 237 0 0 1 1 0 -0 -0 1 0 
1 -21 -25 201 -0 1 0 0 0 1 1 0 -0 
1 -15 -18 248 -0 1 0 0 0 1 1 0 -0 
1 15 -18 248 1 0 -0 0 0 1 0 -1 0 
1 -15 18 248 -0 1 0 0 0 1 1 0 -0 
1 -15 -18 248 1 0 -0 0 0 1 0 -1 0 
1 -17.5 -33.5 190.5 1 0 -0 0 0 1 0 -1 0 
1 -15 -18 268 0 0 1 1 0 -0 -0 1 0 
2 8 9 260 1 0 0 -0 0 1 0 -1 0 4
2 8 -9 260 1 0 0 -0 0 1 0 -1 0 4
1 -17.5 -33.5 190.5 -0 1 0 0 0 1 1 0 -0 
1 -17.5 -33.5 247.5 0 0 1 1 0 -0 -0 1 0 
1 -17.5 -33.5 190.5 0 0 1 1 0 -0 -0 1 0 
1 -17.5 33.5 190.5 -0 1 0 0 0 1 1 0 -0 
1 8 9 260 1 0 0 -0 0 1 0 -1 0 
1 8 -9 260 1 0 0 -0 0 1 0 -1 0 
1 17.5 -33.5 190.5 1 0 -0 0 0 1 0 -1 0 
1 -12.699999999999999 -31.25 193 1 0 -0 0 0 1 0 -1 0 
1 -12.699999999999999 -31.25 193 -0 1 0 0 0 1 1 0 -0 
1 -12.699999999999999 -31.25 196 0 0 1 1 0 -0 -0 1 0 
1 -12.699999999999999 31.25 193 -0 1 0 0 0 1 1 0 -0 
1 -12.699999999999999 -31.25 193 0 0 1 1 0 -0 -0 1 0 
1 12.699999999999999 -31.25 193 1 0 -0 0 0 1 0 -1 0 
1 -12.699999999999999 -31.5 201 1 0 -0 0 0 1 0 -1 0 
1 -12.699999999999999 -31.5 201 -0 1 0 0 0 1 1 0 -0 
1 -12.699999999999999 -31.5 206 0 0 1 1 0 -0 -0 1 0 
1 -12.699999999999999 31.5 201 -0 1 0 0 0 1 1 0 -0 
1 -12.699999999999999 -31.5 201 0 0 1 1 0 -0 -0 1 0 
1 12.699999999999999 -31.5 201 1 0 -0 0 0 1 0 -1 0 
1 -15 -27.5 215 1 0 -0 0 0 1 0 -1 0 
1 -15 -27.5 215 -0 1 0 0 0 1 1 0 -0 
1 -15 -27.5 230 0 0 1 1 0 -0 -0 1 0 
1 -15 27.5 215 -0 1 0 0 0 1 1 0 -0 
1 -15 -27.5 215 0 0 1 1 0 -0 -0 1 0 
1 15 -27.5 215 1 0 -0 0 0 1 0 -1 0 
Triangulations 0

TShapes 564
Ve
7.7879410941046e-06
6.28257361585323 -42.7363260932152 160.40207806125
0 0

0101101
*
Ve
1.00000007105427e-07
9 -41.1352326853174 160.911516872854
0 0

0101101
*
Ed
 1e-07 1 1 0
1  1 0 2.03912049907816 2.15914734043885
2  1 1 0 2.03912049907816 2.15914734043885
2  2 2 0 2.03912049907816 2.15914734043885
0

0101000
-564 0 +563 0 *
Ve
7.7879410941046e-06
8 -44 160
0 0

0101101
*
Ed
 5.24403050368855e-06 1 1 0
1  2 0 0 1.0327533066234
2  3 1 0 0 1.0327533066234
2  4 3 0 0 1.0327533066234
0

0101000
+561 0 -564 0 *
Ve
1e-07
9.97100848914495 -40.5599902700932 161.094548550425
0 0

0101101
*
Ed
 1e-07 1 1 0
1  3 0 0 1
2  5 1 0 0 1
2  6 2 0 0 1
0

0101000
+563 0 -559 0 *
Ve
1.5e-07
9 -44 160
0 0

0101101
*
Ed
 1e-07 1 1 0
1  4 0 2 3
2  7 1 0 2 3
2  8 4 0 2 3
0

0101000
+561 0 -557 0 *
Ve
1e-07
9 -42.2484156776325 160.55732228439
0 0

0101101
*
Ed
 1e-07 1 1 0
1  5 0 0 1
2  9 1 0 0 1
2  10 5 0 0 1
0

0101000
+559 0 -555 0 *
Ed
 1e-07 1 1 0
1  6 0 0 1.83811201155999
2  11 1 3 0 1.83811201155999
2  12 6 0 0 1.83811201155999
0

0101000
-555 3 +557 3 *
Wi

0101100
+562 0 -560 0 -558 0 +556 0 -554 0 +553 2 *
Fa
0  1e-07 1 0

0101000
+552 0 *
Ve
1e-07
9.97100848914495 -30 180.617394906513
0 0

0101101
*
Ve
1e-07
10.0289915108551 -30 180.582605093487
0 0

0101101
*
Ed
 1e-07 1 1 0
1  7 0 4.6309518948453 4.69857113690718
3  13 14CN 2 0 4.6309518948453 4.69857113690718
0

0101000
+550 0 -549 0 *
Ve
0.000614912985197415
9.97100848914495 -17.4196346281408 167.034048998434
0 0

0101101
*
Ed
 1e-07 1 1 0
1  8 0 -0.125853360526506 1.52157503471065
2  15 2 0 -0.125853360526506 1.52157503471065
2  16 7 0 -0.125853360526506 1.52157503471065
4 G1 2 0 7 0
0

0101000
+547 0 -550 0 *
Ed
 1e-07 1 1 0
1  9 0 0 6.28318530717959
2  17 2 0 0 6.28318530717959
2  18 8 0 0 6.28318530717959
4 G1 2 0 8 0
0

0101000
+549 0 -549 0 *
Ve
0.0001
6 -15.0028675829178 167.706709590161
0 0

0101101
*
Ed
 5.99468052451827e-06 1 1 0
1  10 0 0.203129257028616 5.05157151868115
2  19 2 0 0.203129257028616 5.05157151868115
2  20 9 0 0.203129257028616 5.05157151868115
4 G1 2 0 9 0
0

0101000
+544 0 -547 0 *
Ve
1.5e-07
6 -42.1588839335571 159.215835754593
0 0

0101101
*
Ed
 1.5e-07 1 1 0
1  11 0 2.19642988731579 4.69283503000505
2  21 2 0 2.19642988731579 4.69283503000505
2  22 10 0 2.19642988731579 4.69283503000505
0

0101000
+542 0 -544 0 *
Ve
0.000866211343783141
9.97100851194764 -35.7362600214188 179.238059269848
0 0

0101101
*
Ed
 1e-07 1 1 0
1  12 0 0 0.471957981520134
2  23 2 0 0 0.471957981520134
2  24 11 0 0 0.471957981520134
4 G1 2 0 11 0
0

0101000
+550 0 -540 0 *
Ed
 1e-07 1 1 0
1  13 0 0.636383428550576 1
2  25 2 0 0.636383428550576 1
2  26 3 0 0.636383428550576 1
0

0101000
+564 0 -542 0 *
Ve
1.58247666456445e-05
6 -34.5188349789343 182.303151066571
0 0

0101101
*
Ed
 8.90018520101573e-06 1 1 0
1  14 0 -2.07722700018236 3.4413441209701
2  27 2 0 -2.07722700018236 3.4413441209701
2  28 12 0 -2.07722700018236 3.4413441209701
4 G1 2 0 12 0
0

0101000
+540 0 -537 0 *
Ve
0.0001
6 -43.8648783951667 162.275915174699
0 0

0101101
*
Ed
 1.5e-07 1 1 0
1  15 0 0.306009228835318 1.96232906425518
2  29 2 0 0.306009228835318 1.96232906425518
2  30 10 0 0.306009228835318 1.96232906425518
0

0101000
+537 0 -535 0 *
Ve
0.000672244972795731
9.97100847281538 -42.2977158865719 165.17779562872
0 0

0101101
*
Ed
 5.81015076072311e-06 1 1 0
1  16 0 0.402308876451087 5.92087644753809
2  31 2 0 0.402308876451087 5.92087644753809
2  32 13 0 0.402308876451087 5.92087644753809
4 G1 2 0 13 0
0

0101000
+535 0 -533 0 *
Ed
 1e-07 1 1 0
1  17 0 -0.126431068874556 0.227115005020444
2  33 2 0 -0.126431068874556 0.227115005020444
2  34 5 0 -0.126431068874556 0.227115005020444
4 G1 2 0 5 0
0

0101000
+533 0 -559 0 *
Wi

0101100
+548 0 +546 0 -545 0 +543 0 -548 0 +541 0 +539 0 +538 0 +536 0 +562 0 
+534 0 -558 0 +532 0 +531 0 *
Fa
0  1e-07 2 0

0101000
+530 0 *
Ve
0.0001
8 -43.2978161177745 161.504679747626
0 0

0101101
*
Ed
 1e-07 1 1 0
1  18 0 -0.256873335616596 1.40358544055739
2  35 3 0 -0.256873335616596 1.40358544055739
2  36 4 0 -0.256873335616596 1.40358544055739
4 G1 3 0 4 0
0

0101000
+528 0 -561 0 *
Ve
0.0001
6 -41.485449837784 160.658908816964
0 0

0101101
*
Ed
 0.0001 1 1 0
1  19 0 0 1
2  37 3 0 0 1
2  38 14 0 0 1
4 G1 3 0 14 0
0

0101000
+526 0 -528 0 *
Ed
 1e-07 1 1 0
1  20 0 -0.256873335616596 1.33560063424605
2  39 3 0 -0.256873335616596 1.33560063424605
2  40 10 0 -0.256873335616596 1.33560063424605
4 G1 3 0 10 0
0

0101000
+526 0 -542 0 *
Wi

0101100
-560 0 -527 0 -538 0 -525 0 +524 0 *
Fa
0  1e-07 3 0

0101000
+523 0 *
Ve
1e-07
9 -43.0411247484913 162.054732681804
0 0

0101101
*
Ed
 1e-07 1 1 0
1  21 0 30.8384321941165 33.1058907144937
2  41 4 3 30.8384321941165 33.1058907144937
2  42 6 0 30.8384321941165 33.1058907144937
0

0101000
+521 3 -557 3 *
Ve
0.000818034997371154
9.00961110789615 -42.9316987341685 162.28921699821
0 0

0101101
*
Ed
 5.81015076072311e-06 1 1 0
1  22 0 1.6363626629245 2.97520951783604
2  43 4 0 1.6363626629245 2.97520951783604
2  44 13 0 1.6363626629245 2.97520951783604
4 G1 4 0 13 0
0

0101000
+528 0 -519 0 *
Ed
 1e-07 1 1 0
1  23 0 0 1
2  45 4 0 0 1
2  46 5 0 0 1
0

0101000
+519 0 -521 0 *
Wi

0101100
-556 0 -527 0 +520 2 +518 0 +517 0 *
Fa
0  1e-07 4 0

0101000
+516 0 *
Ed
 0.000468688443298328 1 1 0
1  24 0 0 1
2  47 5 0 0 1
2  48 13 0 0 1
0

0101000
+533 0 -519 0 *
Ed
 1e-07 1 1 0
1  25 0 0.0757228566949735 0.194006077282395
2  49 5 0 0.0757228566949735 0.194006077282395
2  50 6 2 0.0757228566949735 0.194006077282395
4 G1 5 0 6 2
0

0101000
+521 0 -555 0 *
Wi

0101100
-514 0 +531 0 -517 0 +554 0 -513 0 *
Fa
0  1e-07 5 0

0101000
+512 0 *
Wi

0101100
+520 2 -513 0 +553 2 *
Fa
0  1e-07 6 2

0101000
+510 0 *
Ve
0.000771118804803106
9 -15.6973144847044 168.922130815595
0 0

0101101
*
Ed
 0.000430439089643005 1 1 0
1  26 0 0 1
2  51 7 0 0 1
2  52 9 0 0 1
0

0101000
+547 0 -508 0 *
Ve
1e-07
9 -30 182.332380757938
0 0

0101101
*
Ed
 1e-07 1 1 0
1  27 0 0.0151621633486354 1.52157503471065
2  53 7 0 0.0151621633486354 1.52157503471065
2  54 15 2 0.0151621633486354 1.52157503471065
4 G1 7 0 15 2
0

0101000
+508 0 -506 0 *
Ed
 1e-07 1 1 0
1  28 0 3.68201215386038 4.71238898038469
2  55 7 0 3.68201215386038 4.71238898038469
2  56 11 0 3.68201215386038 4.71238898038469
4 G1 7 0 11 0
0

0101000
+550 0 -506 0 *
Wi

0101100
-507 0 +546 0 -505 0 +504 0 *
Fa
0  1e-07 7 0

0101000
+503 0 *
Ve
1e-07
11 -30 178.867619242062
0 0

0101101
*
Ed
 1e-07 1 1 0
1  29 0 0.540419500270585 1.57079632679489
3  57 58CN 8 0 0.540419500270585 1.57079632679489
0

0101000
+549 0 -501 0 *
Ed
 1e-07 1 1 0
1  30 0 0 6.28318530717959
2  59 8 0 0 6.28318530717959
2  60 16 0 0 6.28318530717959
4 G1 8 0 16 0
0

0101000
+501 0 -501 0 *
Wi

0101100
-500 0 +545 0 -499 0 +500 0 *
Fa
0  1e-07 8 0

0101000
+498 0 *
Ve
5.99468052308894e-05
9 -15.0903689051437 169.198518984727
0 0

0101101
*
Ed
 5.99468052451827e-06 1 1 0
1  31 0 0 1
2  61 9 0 0 1
2  62 15 2 0 1
0

0101000
+508 0 -496 0 *
Ve
0.0001
8 -14.4824115458972 169.391959962669
0 0

0101101
*
Ed
 0.0001 1 1 0
1  32 0 0 1
2  63 9 0 0 1
2  64 17 0 0 1
4 G1 9 0 17 0
0

0101000
+494 0 -544 0 *
Ed
 5.99468052451827e-06 1 1 0
1  33 0 1.33351753612723 2.52635129811623
2  65 9 0 1.33351753612723 2.52635129811623
2  66 18 0 1.33351753612723 2.52635129811623
4 G1 9 0 18 0
0

0101000
+494 0 -496 0 *
Wi

0101100
-507 0 -543 0 -495 0 -493 0 +492 0 *
Fa
0  5.99468052451827e-06 9 0

0101000
+491 0 *
Ve
8.90018520159642e-05
6 -32.8744754493582 183.840409751375
0 0

0101101
*
Ed
 8.90018520101573e-06 1 1 0
1  34 0 0 1
2  67 10 0 0 1
2  68 12 0 0 1
0

0101000
+537 0 -489 0 *
Ed
 0.0001 1 1 0
1  35 0 0 1
2  69 10 0 0 1
2  70 14 0 0 1
4 G1 10 0 14 0
0

0101000
+526 0 -535 0 *
Ve
1.50000003552714e-07
6 -30.9333333333333 188
0 0

0101101
*
Ed
 1.5e-07 1 1 0
1  36 0 2.20705938096625 6.79729072056759
2  71 10 0 2.20705938096625 6.79729072056759
2  72 19 0 2.20705938096625 6.79729072056759
0

0101000
-489 0 +486 0 *
Ve
1.50000003552714e-07
6 30.9333333333333 188
0 0

0101101
*
Ed
 1.5e-07 1 1 0
1  37 0 -12.9333333333333 48.9333333333333
2  73 10 0 -12.9333333333333 48.9333333333333
2  74 20 0 -12.9333333333333 48.9333333333333
0

0101000
+486 0 -484 0 *
Ve
8.91071851952378e-05
6 32.8744754493535 183.840409751385
0 0

0101101
*
Ed
 1.5e-07 1 1 0
1  38 0 26.308599993937 30.8988313335275
2  75 10 0 26.308599993937 30.8988313335275
2  76 21 0 26.308599993937 30.8988313335275
0

0101000
+482 0 -484 0 *
Ve
0.0001
6 -15.0888188604511 171.297811522696
0 0

0101101
*
Ed
 0.0001 1 1 0
1  39 0 0 1
2  77 10 0 0 1
2  78 17 0 0 1
4 G1 10 0 17 0
0

0101000
+480 0 -544 0 *
Ve
1.58543656575623e-05
6 34.5188349789681 182.303151066561
0 0

0101101
*
Ed
 8.91071852013681e-06 1 1 0
1  40 0 0 1
2  79 10 0 0 1
2  80 22 0 0 1
0

0101000
+478 0 -482 0 *
Ve
1e-07
6 -1.21281462910774 175.712903778123
0 0

0101101
*
Ed
 1e-07 1 1 0
1  41 0 0.594597369377819 15.1560716440587
2  81 10 0 0.594597369377819 15.1560716440587
2  82 23 0 0.594597369377819 15.1560716440587
4 G1 10 0 23 0
0

0101000
+480 0 -476 0 *
Ve
1.5e-07
6 43.406444117838 161.271905461775
0 0

0101101
*
Ed
 1.5e-07 1 1 0
1  42 0 4.24725826272026 5.97717607835603
2  83 10 0 4.24725826272026 5.97717607835603
2  84 24 0 4.24725826272026 5.97717607835603
0

0101000
-478 0 +474 0 *
Ve
1e-07
6 1.21281462910784 175.712903778123
0 0

0101101
*
Ed
 1e-07 1 1 0
1  43 0 0 0.616105562047554
2  85 10 0 0 0.616105562047554
2  86 25 0 0 0.616105562047554
4 G1 10 0 25 0
0

0101000
+472 0 -476 0 *
Ve
1.5e-07
6 44 160
0 0

0101101
*
Ed
 1.5e-07 1 1 0
1  44 0 0 1.40358544055667
2  87 10 0 0 1.40358544055667
2  88 26 0 0 1.40358544055667
0

0101000
+470 0 -474 0 *
Ve
0.0001
6 15.0888188604272 171.297811522703
0 0

0101101
*
Ed
 1e-07 1 1 0
1  45 0 0.63636363636369 15.1978379110195
2  89 10 0 0.63636363636369 15.1978379110195
2  90 27 0 0.63636363636369 15.1978379110195
4 G1 10 0 27 0
0

0101000
+472 0 -468 0 *
Ve
1.5e-07
6 42.9022008042896 160.34929974409
0 0

0101101
*
Ed
 1.5e-07 1 1 0
1  46 0 45.0215554076967 46.1735855224608
2  91 10 0 45.0215554076967 46.1735855224608
2  92 28 0 45.0215554076967 46.1735855224608
0

0101000
+466 0 -470 0 *
Ve
0.0001
6 15.0028675829178 167.706709590162
0 0

0101101
*
Ed
 0.0001 1 1 0
1  47 0 0 1
2  93 10 0 0 1
2  94 29 0 0 1
4 G1 10 0 29 0
0

0101000
+468 0 -464 0 *
Ed
 1.5e-07 1 1 0
1  48 0 1.59035027695392 4.17714991683792
2  95 10 0 1.59035027695392 4.17714991683792
2  96 24 0 1.59035027695392 4.17714991683792
0

0101000
+464 0 -466 0 *
Wi

0101100
-534 0 +488 0 +487 0 -485 0 -524 0 +483 0 -541 0 -481 0 +479 0 -477 0 
-475 0 -473 0 +471 0 -469 0 -467 0 -465 0 -463 0 -462 0 *
Ve
1.5e-07
6 31.15 174.5
0 0

0101101
*
Ed
 1.5e-07 1 1 0
1  49 0 0 6.28318530717959
2  97 10 0 0 6.28318530717959
2  98 30 9 0 6.28318530717959
0

0101100
+460 0 -460 0 *
Wi

0101100
+459 0 *
Ve
1.5e-07
6 37.65 168
0 0

0101101
*
Ed
 1.5e-07 1 1 0
1  50 0 0 6.28318530717959
2  99 10 0 0 6.28318530717959
2  100 31 15 0 6.28318530717959
0

0101100
+457 0 -457 0 *
Wi

0101100
+456 0 *
Ve
1.5e-07
6 33.2 168
0 0

0101101
*
Ed
 1.5e-07 1 1 0
1  51 0 0 6.28318530717959
2  101 10 0 0 6.28318530717959
2  102 32 21 0 6.28318530717959
0

0101100
+454 0 -454 0 *
Wi

0101100
+453 0 *
Ve
1.5e-07
6 24.65 168
0 0

0101101
*
Ed
 1.5e-07 1 1 0
1  52 0 0 6.28318530717959
2  103 10 0 0 6.28318530717959
2  104 33 27 0 6.28318530717959
0

0101100
+451 0 -451 0 *
Wi

0101100
+450 0 *
Ve
1.5e-07
6 31.15 161.5
0 0

0101101
*
Ed
 1.5e-07 1 1 0
1  53 0 0 6.28318530717959
2  105 10 0 0 6.28318530717959
2  106 34 33 0 6.28318530717959
0

0101100
+448 0 -448 0 *
Wi

0101100
+447 0 *
Ve
1.5e-07
6 -31.15 174.5
0 0

0101101
*
Ed
 1.5e-07 1 1 0
1  54 0 0 6.28318530717959
2  107 10 0 0 6.28318530717959
2  108 35 39 0 6.28318530717959
0

0101100
+445 0 -445 0 *
Wi

0101100
+444 0 *
Ve
1.5e-07
6 -24.65 168
0 0

0101101
*
Ed
 1.5e-07 1 1 0
1  55 0 0 6.28318530717959
2  109 10 0 0 6.28318530717959
2  110 36 45 0 6.28318530717959
0

0101100
+442 0 -442 0 *
Wi

0101100
+441 0 *
Ve
1.5e-07
6 -33.2 168
0 0

0101101
*
Ed
 1.5e-07 1 1 0
1  56 0 0 6.28318530717959
2  111 10 0 0 6.28318530717959
2  112 37 49 0 6.28318530717959
0

0101100
+439 0 -439 0 *
Wi

0101100
+438 0 *
Ve
1.5e-07
6 -37.65 168
0 0

0101101
*
Ed
 1.5e-07 1 1 0
1  57 0 0 6.28318530717959
2  113 10 0 0 6.28318530717959
2  114 38 53 0 6.28318530717959
0

0101100
+436 0 -436 0 *
Wi

0101100
+435 0 *
Ve
1.5e-07
6 -31.15 161.5
0 0

0101101
*
Ed
 1.5e-07 1 1 0
1  58 0 0 6.28318530717959
2  115 10 0 0 6.28318530717959
2  116 39 59 0 6.28318530717959
0

0101100
+433 0 -433 0 *
Wi

0101100
+432 0 *
Fa
0  1.5e-07 10 0

0101000
+461 0 +458 0 +455 0 +452 0 +449 0 +446 0 +443 0 +440 0 +437 0 +434 0 
+431 0 *
Ve
0.00100136046797077
9.00961111697328 -33.929615186261 181.579396029441
0 0

0101101
*
Ed
 0.000606347940648199 1 1 0
1  59 0 0 1
2  117 11 0 0 1
2  118 12 0 0 1
0

0101000
+540 0 -429 0 *
Ve
1e-07
9 -33.8201891201219 181.813880456882
0 0

0101101
*
Ed
 1e-07 1 1 0
1  60 0 0 1
2  119 11 0 0 1
2  120 19 0 0 1
0

0101000
+429 0 -427 0 *
Ed
 1e-07 1 1 0
1  61 0 0 0.269804004094635
2  121 11 0 0 0.269804004094635
2  122 15 2 0 0.269804004094635
4 G1 11 0 15 2
0

0101000
+506 0 -427 0 *
Wi

0101100
+428 0 +539 0 +426 0 -504 0 -425 0 *
Fa
0  1e-07 11 0

0101000
+424 0 *
Ed
 8.90018520101573e-06 1 1 0
1  62 0 0.868443052817569 4.58139878246166
2  123 12 0 0.868443052817569 4.58139878246166
2  124 19 0 0.868443052817569 4.58139878246166
4 G1 12 0 19 0
0

0101000
+429 0 -489 0 *
Wi

0101100
+428 0 -536 0 +422 0 -488 0 *
Fa
0  8.90018520101573e-06 12 0

0101000
+421 0 *
Ed
 0.0001 1 1 0
1  63 0 0 1
2  125 13 0 0 1
2  126 14 0 0 1
4 G1 13 0 14 0
0

0101000
+528 0 -535 0 *
Wi

0101100
-419 0 +518 0 -532 0 -514 0 *
Fa
0  5.81015076072311e-06 13 0

0101000
+418 0 *
Ed
 0.0001 1 1 1
2  127 14 0 0 1
0

0101000
+535 0 -535 0 *
Wi

0101100
-487 0 +525 0 -416 0 +419 0 *
Fa
0  0.0001 14 0

0101000
+415 0 *
Ve
1.50000011234667e-07
9 -30.9333333333333 188
0 0

0101101
*
Ed
 1e-07 1 1 0
1  64 0 2.20705938096625 9.03362596567523
2  128 15 0 2.20705938096625 9.03362596567523
2  129 19 3 2.20705938096625 9.03362596567523
0

0101000
-427 3 +413 3 *
Ve
1.50000011234667e-07
9 30.9333333333333 188
0 0

0101101
*
Ed
 1.5e-07 1 1 0
1  65 0 -48.9333333333333 12.9333333333333
2  130 15 2 -48.9333333333333 12.9333333333333
2  131 20 0 -48.9333333333333 12.9333333333333
0

0101000
+411 0 -413 0 *
Ve
1e-07
9 33.8201891201219 181.813880456882
0 0

0101101
*
Ed
 1e-07 1 1 0
1  66 0 24.0722647488185 30.8988313335275
2  132 15 0 24.0722647488185 30.8988313335275
2  133 21 3 24.0722647488185 30.8988313335275
0

0101000
+409 3 -411 3 *
Ve
1e-07
9 30 182.332380757938
0 0

0101101
*
Ed
 1e-07 1 1 0
1  67 0 0.0757228566949744 0.345526860789608
2  134 15 2 0.0757228566949744 0.345526860789608
2  135 40 0 0.0757228566949744 0.345526860789608
4 G1 15 2 40 0
0

0101000
+409 0 -407 0 *
Ve
1e-07
9 -0.606407314553847 173.807052218096
0 0

0101101
*
Ed
 1e-07 1 1 0
1  68 0 30.3377573610664 45.5372218860972
2  136 15 0 30.3377573610664 45.5372218860972
2  137 18 3 30.3377573610664 45.5372218860972
0

0101000
+496 3 -405 3 *
Ve
0.000772616647885204
9 15.6973144847093 168.922130815669
0 0

0101101
*
Ed
 1e-07 1 1 0
1  69 0 0 1.50641287135679
2  138 15 2 0 1.50641287135679
2  139 41 0 0 1.50641287135679
4 G1 15 2 41 0
0

0101000
+407 0 -403 0 *
Ve
1e-07
9 0.606407314553942 173.807052218096
0 0

0101101
*
Ed
 1e-07 1 1 0
1  70 0 5.97513252615581 6.59123808820336
2  140 15 2 5.97513252615581 6.59123808820336
2  141 42 0 5.97513252615581 6.59123808820336
0

0101000
+405 0 -401 0 *
Ve
5.98359753916138e-05
9 15.090368905143 169.198518984727
0 0

0101101
*
Ed
 5.98359754234569e-06 1 1 0
1  71 0 0 1
2  142 15 2 0 1
2  143 43 0 0 1
0

0101000
+403 0 -399 0 *
Ed
 1e-07 1 1 0
1  72 0 0.636363636363686 15.8358281618062
2  144 15 0 0.636363636363686 15.8358281618062
2  145 44 3 0.636363636363686 15.8358281618062
0

0101000
+401 3 -399 3 *
Wi

0101100
+412 2 -425 0 +410 0 -505 0 +408 2 +495 0 -406 0 +404 2 -402 0 +400 0 
-398 0 +397 2 *
Fa
0  1e-07 15 2

0101000
+396 0 *
Wi

0101100
+499 0 *
Ve
1e-07
11 -24.65 168
0 0

0101101
*
Ed
 1e-07 1 1 0
1  73 0 0 6.28318530717959
2  146 16 0 0 6.28318530717959
2  147 36 45 0 6.28318530717959
0

0101100
+393 0 -393 0 *
Wi

0101100
-392 0 *
Ve
1e-07
11 -31.15 161.5
0 0

0101101
*
Ed
 1e-07 1 1 0
1  74 0 0 6.28318530717959
2  148 16 0 0 6.28318530717959
2  149 39 59 0 6.28318530717959
0

0101100
+390 0 -390 0 *
Wi

0101100
-389 0 *
Ve
1.00000007105427e-07
11 -33.2 168
0 0

0101101
*
Ed
 1e-07 1 1 0
1  75 0 0 6.28318530717959
2  150 16 0 0 6.28318530717959
2  151 37 49 0 6.28318530717959
0

0101100
+387 0 -387 0 *
Wi

0101100
-386 0 *
Ve
1e-07
11 -31.15 174.5
0 0

0101101
*
Ed
 1e-07 1 1 0
1  76 0 0 6.28318530717959
2  152 16 0 0 6.28318530717959
2  153 35 39 0 6.28318530717959
0

0101100
+384 0 -384 0 *
Wi

0101100
-383 0 *
Ve
1e-07
11 -37.65 168
0 0

0101101
*
Ed
 1e-07 1 1 0
1  77 0 0 6.28318530717959
2  154 16 0 0 6.28318530717959
2  155 38 53 0 6.28318530717959
0

0101100
+381 0 -381 0 *
Wi

0101100
-380 0 *
Fa
0  1e-07 16 0

0101000
+394 0 +391 0 +388 0 +385 0 +382 0 +379 0 *
Ed
 0.0001 1 1 0
1  78 0 0 1
2  156 17 0 0 1
2  157 23 0 0 1
4 G1 17 0 23 0
0

0101000
+480 0 -494 0 *
Ed
 0.0001 1 1 1
2  158 17 0 0 1
0

0101000
+544 0 -544 0 *
Wi

0101100
-479 0 +377 0 -376 0 +493 0 *
Fa
0  0.0001 17 0

0101000
+375 0 *
Ve
1e-07
8 -0.606407314553847 173.807052218096
0 0

0101101
*
Ed
 1e-07 1 1 0
1  79 0 2 3
2  159 18 0 2 3
2  160 42 0 2 3
4 G1 18 0 42 0
0

0101000
+373 0 -405 0 *
Ed
 1e-07 1 1 0
1  80 0 0.594597369377819 15.1560716440587
2  161 18 0 0.594597369377819 15.1560716440587
2  162 23 0 0.594597369377819 15.1560716440587
4 G1 18 0 23 0
0

0101000
+494 0 -373 0 *
Wi

0101100
+404 2 +492 0 -372 0 -371 0 *
Fa
0  1e-07 18 0

0101000
+370 0 *
Ed
 1.5e-07 1 1 0
1  81 0 13 16
2  163 19 0 13 16
2  164 20 0 13 16
0

0101000
+486 0 -413 0 *
Wi

0101100
-485 0 +422 0 +368 0 -426 0 +412 2 *
Fa
0  1e-07 19 0

0101000
+367 0 *
Ve
1e-07
-20 36 188
0 0

0101101
*
Ve
1e-07
-20 -36 188
0 0

0101101
*
Ed
 1e-07 1 1 0
1  82 0 0 72
2  165 20 0 0 72
2  166 45 0 0 72
0

0101000
-365 0 +364 0 *
Ve
1e-07
20 36 188
0 0

0101101
*
Ed
 1e-07 1 1 0
1  83 0 0 40
2  167 20 0 0 40
2  168 46 0 0 40
0

0101000
-362 0 +365 0 *
Ve
1e-07
20 -36 188
0 0

0101101
*
Ed
 1e-07 1 1 0
1  84 0 0 40
2  169 20 0 0 40
2  170 47 0 0 40
0

0101000
-360 0 +364 0 *
Ed
 1e-07 1 1 0
1  85 0 0 72
2  171 20 0 0 72
2  172 48 0 0 72
0

0101000
-362 0 +360 0 *
Wi

0101100
-363 0 -361 0 +359 0 +358 0 *
Ed
 1.5e-07 1 1 0
1  86 0 -16 -13
2  173 20 0 -16 -13
2  174 21 0 -16 -13
0

0101000
+411 0 -484 0 *
Wi

0101100
-356 0 +483 0 -368 0 +410 0 *
Fa
0  1e-07 20 0

0101000
+357 0 +355 0 *
Ve
8.91071851952378e-05
9.00961111689739 33.9296151858278 181.579396030369
0 0

0101101
*
Ed
 8.91071852013681e-06 1 1 0
1  87 0 -0.737745111190363 2.9752105983461
2  175 21 0 -0.737745111190363 2.9752105983461
2  176 22 0 -0.737745111190363 2.9752105983461
4 G1 21 0 22 0
0

0101000
+482 0 -353 0 *
Ed
 1e-07 1 1 0
1  88 0 0 1
2  177 21 0 0 1
2  178 40 0 0 1
0

0101000
+353 0 -409 0 *
Wi

0101100
-481 0 +352 0 +356 0 +351 0 +408 2 *
Fa
0  1e-07 21 0

0101000
+350 0 *
Ve
1.58543656575623e-05
9.97100851197202 35.7362600214022 179.238059269902
0 0

0101101
*
Ed
 8.91071852013681e-06 1 1 0
1  89 0 0.402309650638099 5.92088066873315
2  179 22 0 0.402309650638099 5.92088066873315
2  180 24 0 0.402309650638099 5.92088066873315
4 G1 22 0 24 0
0

0101000
+478 0 -348 0 *
Ed
 8.91071852013681e-06 1 1 0
1  90 0 0 1
2  181 22 0 0 1
2  182 40 0 0 1
0

0101000
+348 0 -353 0 *
Wi

0101100
+477 0 -347 0 +352 0 -346 0 *
Fa
0  8.91071852013681e-06 22 0

0101000
+345 0 *
Ed
 1e-07 1 1 0
1  91 0 1.5707963267949 3.14159265358979
2  183 23 0 1.5707963267949 3.14159265358979
2  184 25 0 1.5707963267949 3.14159265358979
4 G1 23 0 25 0
0

0101000
+476 0 -373 0 *
Wi

0101100
-371 0 -377 0 +343 0 +475 0 *
Fa
0  1e-07 23 0

0101000
+342 0 *
Ve
1e-07
9.97100848914495 30 180.617394906513
0 0

0101101
*
Ve
1e-07
11 30 180
0 0

0101101
*
Ed
 1e-07 1 1 0
1  92 0 4.6309518948453 5.8309518948453
3  185 186CN 24 0 4.6309518948453 5.8309518948453
0

0101000
+340 0 -339 0 *
Ed
 1e-07 1 1 0
1  93 0 -0.126431120727405 0.345526860789608
2  187 24 0 -0.126431120727405 0.345526860789608
2  188 40 0 -0.126431120727405 0.345526860789608
4 G1 24 0 40 0
0

0101000
+348 0 -340 0 *
Ed
 1e-07 1 1 0
1  94 0 0 6.28318530717959
2  189 24 0 0 6.28318530717959
2  190 49 0 0 6.28318530717959
0

0101000
+339 0 -339 0 *
Ve
0.000616106014868118
9.97100848914494 17.4196346281464 167.034048998361
0 0

0101101
*
Ed
 1e-07 1 1 0
1  95 0 0 1.64742839524292
2  191 24 0 0 1.64742839524292
2  192 41 0 0 1.64742839524292
4 G1 24 0 41 0
0

0101000
+340 0 -335 0 *
Ve
1.00000010048592e-07
9 42.3905735808562 163.448770898165
0 0

0101101
*
Ed
 1e-07 1 1 0
1  96 0 0.885968963890981 1.05675419494021
2  193 24 0 0.885968963890981 1.05675419494021
2  194 26 0 0.885968963890981 1.05675419494021
0

0101000
+333 0 -474 0 *
Ed
 5.98359754234569e-06 1 1 0
1  97 0 -1.52477830916306 3.3236648820308
2  195 24 0 -1.52477830916306 3.3236648820308
2  196 43 0 -1.52477830916306 3.3236648820308
4 G1 24 0 43 0
0

0101000
+335 0 -464 0 *
Ve
1.00000073241069e-07
9 41.1352326853173 160.911516872854
0 0

0101101
*
Ed
 1e-07 1 1 0
1  98 0 4.14550471042138 4.36037383400648
2  197 24 0 4.14550471042138 4.36037383400648
2  198 50 2 4.14550471042138 4.36037383400648
0

0101000
+330 0 -333 0 *
Ed
 1e-07 1 1 0
1  99 0 -2.17081801982493 -2.03912049907816
2  199 24 0 -2.17081801982493 -2.03912049907816
2  200 28 0 -2.17081801982493 -2.03912049907816
0

0101000
+466 0 -330 0 *
Wi

0101100
+338 0 +337 0 -336 0 +347 0 -338 0 +473 0 +334 0 +332 0 +331 0 +329 0 
+462 0 +328 0 *
Fa
0  1e-07 24 0

0101000
+327 0 *
Ve
1e-07
8 0.606407314553942 173.807052218096
0 0

0101101
*
Ed
 1e-07 1 1 0
1  100 0 1.5707963267949 3.14159265358979
2  201 25 0 1.5707963267949 3.14159265358979
2  202 27 0 1.5707963267949 3.14159265358979
4 G1 25 0 27 0
0

0101000
+472 0 -325 0 *
Ed
 1e-07 1 1 0
1  101 0 0 0.616105562047554
2  203 25 0 0 0.616105562047554
2  204 42 0 0 0.616105562047554
4 G1 25 0 42 0
0

0101000
+325 0 -373 0 *
Wi

0101100
-324 0 +471 0 -323 0 +343 0 *
Fa
0  1e-07 25 0

0101000
+322 0 *
Ve
1.5e-07
9 44 160
0 0

0101101
*
Ed
 1e-07 1 1 0
1  102 0 0 3.80582108179948
2  205 26 3 0 3.80582108179948
2  206 50 0 0 3.80582108179948
0

0101000
+320 3 -333 3 *
Ed
 1e-07 1 1 0
1  103 0 0 3
2  207 26 0 0 3
2  208 28 0 0 3
0

0101000
+470 0 -320 0 *
Wi

0101100
-469 0 +332 0 +319 2 +318 0 *
Fa
0  1e-07 26 0

0101000
+317 0 *
Ve
0.0001
8 14.4824115458733 169.391959962677
0 0

0101101
*
Ed
 1e-07 1 1 0
1  104 0 0.63636363636369 15.1978379110195
2  209 27 0 0.63636363636369 15.1978379110195
2  210 44 0 0.63636363636369 15.1978379110195
4 G1 27 0 44 0
0

0101000
+325 0 -315 0 *
Ed
 0.0001 1 1 0
1  105 0 0 1
2  211 27 0 0 1
2  212 29 0 0 1
4 G1 27 0 29 0
0

0101000
+468 0 -315 0 *
Wi

0101100
-324 0 +467 0 -314 0 +313 0 *
Fa
0  1e-07 27 0

0101000
+312 0 *
Ed
 1e-07 1 1 0
1  106 0 43.1672996450414 46.1735855224608
2  213 28 3 43.1672996450414 46.1735855224608
2  214 50 0 43.1672996450414 46.1735855224608
0

0101000
+330 3 -320 3 *
Wi

0101100
-465 0 -318 0 +310 2 +328 0 *
Fa
0  1e-07 28 0

0101000
+309 0 *
Ed
 0.0001 1 1 1
2  215 29 0 0 1
0

0101000
+464 0 -464 0 *
Ed
 0.0001 1 1 0
1  107 0 0 1
2  216 29 0 0 1
2  217 43 0 0 1
4 G1 29 0 43 0
0

0101000
+315 0 -464 0 *
Wi

0101100
-463 0 +313 0 -307 0 +306 0 *
Fa
0  0.0001 29 0

0101000
+305 0 *
Ve
1e-07
11 31.15 174.5
0 0

0101101
*
Ed
 1e-07 1 1 0
1  108 0 0 6.28318530717959
2  218 30 9 0 6.28318530717959
2  219 49 0 0 6.28318530717959
0

0101100
+303 0 -303 0 *
Ed
 1e-07 1 1 0
1  109 0 3 8
3  220 221CN 30 0 3 8
0

0101000
+460 60 -303 60 *
Wi

0101100
-302 0 +301 9 +459 0 -301 9 *
Fa
0  1e-07 30 9

0101000
+300 0 *
Ve
1e-07
11 37.65 168
0 0

0101101
*
Ed
 1e-07 1 1 0
1  110 0 0 6.28318530717959
2  222 31 15 0 6.28318530717959
2  223 49 0 0 6.28318530717959
0

0101100
+298 0 -298 0 *
Ed
 1e-07 1 1 0
1  111 0 3 8
3  224 225CN 31 0 3 8
0

0101000
+457 61 -298 61 *
Wi

0101100
-297 0 +296 15 +456 0 -296 15 *
Fa
0  1e-07 31 15

0101000
+295 0 *
Ve
1.00000007105427e-07
11 33.2 168
0 0

0101101
*
Ed
 1e-07 1 1 0
1  112 0 0 6.28318530717959
2  226 32 21 0 6.28318530717959
2  227 49 0 0 6.28318530717959
0

0101100
+293 0 -293 0 *
Ed
 1e-07 1 1 0
1  113 0 3 8
3  228 229CN 32 0 3 8
0

0101000
+454 62 -293 62 *
Wi

0101100
-292 0 +291 21 +453 0 -291 21 *
Fa
0  1e-07 32 21

0101000
+290 0 *
Ve
1e-07
11 24.65 168
0 0

0101101
*
Ed
 1e-07 1 1 0
1  114 0 0 6.28318530717959
2  230 33 27 0 6.28318530717959
2  231 49 0 0 6.28318530717959
0

0101100
+288 0 -288 0 *
Ed
 1e-07 1 1 0
1  115 0 3 8
3  232 233CN 33 0 3 8
0

0101000
+451 63 -288 63 *
Wi

0101100
-287 0 +286 27 +450 0 -286 27 *
Fa
0  1e-07 33 27

0101000
+285 0 *
Ve
1e-07
11 31.15 161.5
0 0

0101101
*
Ed
 1e-07 1 1 0
1  116 0 0 6.28318530717959
2  234 34 33 0 6.28318530717959
2  235 49 0 0 6.28318530717959
0

0101100
+283 0 -283 0 *
Ed
 1e-07 1 1 0
1  117 0 3 8
3  236 237CN 34 0 3 8
0

0101000
+448 64 -283 64 *
Wi

0101100
-282 0 +281 33 +447 0 -281 33 *
Fa
0  1e-07 34 33

0101000
+280 0 *
Ed
 1e-07 1 1 0
1  118 0 3 8
3  238 239CN 35 0 3 8
0

0101000
+445 65 -384 65 *
Wi

0101100
-383 0 +278 39 +444 0 -278 39 *
Fa
0  1e-07 35 39

0101000
+277 0 *
Ed
 1e-07 1 1 0
1  119 0 3 8
3  240 241CN 36 0 3 8
0

0101000
+442 66 -393 66 *
Wi

0101100
-392 0 +275 45 +441 0 -275 45 *
Fa
0  1e-07 36 45

0101000
+274 0 *
Ed
 1e-07 1 1 0
1  120 0 3 8
3  242 243CN 37 0 3 8
0

0101000
+439 67 -387 67 *
Wi

0101100
-386 0 +272 49 +438 0 -272 49 *
Fa
0  1e-07 37 49

0101000
+271 0 *
Ed
 1e-07 1 1 0
1  121 0 3 8
3  244 245CN 38 0 3 8
0

0101000
+436 68 -381 68 *
Wi

0101100
-380 0 +269 53 +435 0 -269 53 *
Fa
0  1e-07 38 53

0101000
+268 0 *
Ed
 1e-07 1 1 0
1  122 0 3 8
3  246 247CN 39 0 3 8
0

0101000
+433 69 -390 69 *
Wi

0101100
-389 0 +266 59 +432 0 -266 59 *
Fa
0  1e-07 39 59

0101000
+265 0 *
Ed
 1e-07 1 1 0
1  123 0 3.68201215386038 4.71238898038468
2  248 40 0 3.68201215386038 4.71238898038468
2  249 41 0 3.68201215386038 4.71238898038468
4 G1 40 0 41 0
0

0101000
+340 0 -407 0 *
Wi

0101100
-346 0 +337 0 -351 0 +263 0 -406 0 *
Fa
0  1e-07 40 0

0101000
+262 0 *
Ed
 0.000431274210407683 1 1 0
1  124 0 0 1
2  250 41 0 0 1
2  251 43 0 0 1
0

0101000
+335 0 -403 0 *
Wi

0101100
-263 0 +334 0 -402 0 +260 0 *
Fa
0  1e-07 41 0

0101000
+259 0 *
Ed
 1e-07 1 1 0
1  125 0 2 3
2  252 42 0 2 3
2  253 44 0 2 3
4 G1 42 0 44 0
0

0101000
+325 0 -401 0 *
Wi

0101100
-372 0 -323 0 -400 0 +257 0 *
Fa
0  1e-07 42 0

0101000
+256 0 *
Ed
 5.98359754234569e-06 1 1 0
1  126 0 1.00044311870105 2.19327686973381
2  254 43 0 1.00044311870105 2.19327686973381
2  255 44 0 1.00044311870105 2.19327686973381
4 G1 43 0 44 0
0

0101000
+399 0 -315 0 *
Wi

0101100
-260 0 +331 0 -398 0 -306 0 -254 0 *
Fa
0  5.98359754234569e-06 43 0

0101000
+253 0 *
Wi

0101100
+397 2 +257 0 +254 0 -314 0 *
Fa
0  1e-07 44 0

0101000
+251 0 *
Ve
1e-07
-20 -36 250
0 0

0101101
*
Ed
 1e-07 1 1 0
1  127 0 0 62
2  256 45 0 0 62
2  257 47 0 0 62
0

0101000
-249 0 +364 0 *
Ve
1e-07
-20 36 250
0 0

0101101
*
Ed
 1e-07 1 1 0
1  128 0 0 72
2  258 45 0 0 72
2  259 51 0 0 72
0

0101000
-247 0 +249 0 *
Ed
 1e-07 1 1 0
1  129 0 0 62
2  260 45 0 0 62
2  261 46 0 0 62
0

0101000
-247 0 +365 0 *
Wi

0101100
-248 0 -246 0 +363 0 +245 0 *
Ve
1.5e-07
-20 25 201
0 0

0101101
*
Ve
1.5e-07
-20 -25 201
0 0

0101101
*
Ed
 1.5e-07 1 1 0
1  130 0 -55.5 -5.5
2  262 45 0 -55.5 -5.5
2  263 52 0 -55.5 -5.5
0

0101000
+243 0 -242 0 *
Ve
1.5e-07
-20 25 237
0 0

0101101
*
Ed
 1.5e-07 1 1 0
1  131 0 6.5 42.5
2  264 45 0 6.5 42.5
2  265 53 0 6.5 42.5
0

0101000
+243 0 -240 0 *
Ve
1.5e-07
-20 -25 237
0 0

0101101
*
Ed
 1.5e-07 1 1 0
1  132 0 -55.5 -5.5
2  266 45 0 -55.5 -5.5
2  267 54 0 -55.5 -5.5
0

0101000
+240 0 -238 0 *
Ed
 1.5e-07 1 1 0
1  133 0 6.5 42.5
2  268 45 0 6.5 42.5
2  269 55 0 6.5 42.5
0

0101000
+242 0 -238 0 *
Wi

0101100
+241 0 -239 0 -237 0 +236 0 *
Fa
0  1e-07 45 0

0101000
+244 0 +235 0 *
Ve
1e-07
20 36 250
0 0

0101101
*
Ed
 1e-07 1 1 0
1  134 0 0 62
2  270 46 0 0 62
2  271 48 0 0 62
0

0101000
-233 0 +362 0 *
Ed
 1e-07 1 1 0
1  135 0 0 40
2  272 46 0 0 40
2  273 51 0 0 40
0

0101000
-233 0 +247 0 *
Wi

0101100
-361 0 -232 0 +231 0 +245 0 *
Fa
0  1e-07 46 0

0111000
+230 0 *
Ve
1e-07
20 -36 250
0 0

0101101
*
Ed
 1e-07 1 1 0
1  136 0 0 62
2  274 47 0 0 62
2  275 48 0 0 62
0

0101000
-228 0 +360 0 *
Ed
 1e-07 1 1 0
1  137 0 0 40
2  276 47 0 0 40
2  277 51 0 0 40
0

0101000
-228 0 +249 0 *
Wi

0101100
-359 0 -227 0 +226 0 +248 0 *
Fa
0  1e-07 47 0

0111000
+225 0 *
Ed
 1e-07 1 1 0
1  138 0 0 72
2  278 48 0 0 72
2  279 51 0 0 72
0

0101000
-233 0 +228 0 *
Wi

0101100
-227 0 -223 0 +232 0 +358 0 *
Fa
0  1e-07 48 0

0111000
+222 0 *
Wi

0101100
+336 0 *
Wi

0101100
-297 0 *
Wi

0101100
-282 0 *
Wi

0101100
-292 0 *
Wi

0101100
-302 0 *
Wi

0101100
-287 0 *
Fa
0  1e-07 49 0

0101000
+220 0 +219 0 +218 0 +217 0 +216 0 +215 0 *
Wi

0101100
-329 0 +319 2 +310 2 *
Fa
0  1e-07 50 2

0101000
+213 0 *
Wi

0101100
-246 0 -231 0 +226 0 +223 0 *
Ve
1.5e-07
15 -18 250
0 0

0101101
*
Ve
1.5e-07
-15 -18 250
0 0

0101101
*
Ed
 1.5e-07 1 1 0
1  139 0 -32.5 -2.5
2  280 51 0 -32.5 -2.5
2  281 56 0 -32.5 -2.5
0

0101000
+210 0 -209 0 *
Ve
1.5e-07
15 18 250
0 0

0101101
*
Ed
 1.5e-07 1 1 0
1  140 0 9 45
2  282 51 0 9 45
2  283 57 0 9 45
0

0101000
+210 0 -207 0 *
Ve
1.5e-07
-15 18 250
0 0

0101101
*
Ed
 1.5e-07 1 1 0
1  141 0 -32.5 -2.5
2  284 51 0 -32.5 -2.5
2  285 58 0 -32.5 -2.5
0

0101000
+207 0 -205 0 *
Ed
 1.5e-07 1 1 0
1  142 0 9 45
2  286 51 0 9 45
2  287 59 0 9 45
0

0101000
+209 0 -205 0 *
Wi

0101100
+208 0 -206 0 -204 0 +203 0 *
Fa
0  1e-07 51 0

0101000
+211 0 +202 0 *
Ve
1.5e-07
-17.5 25 201
0 0

0101101
*
Ed
 1e-07 1 1 0
1  143 0 1 3.5
2  288 52 0 1 3.5
2  289 53 0 1 3.5
0

0101000
+243 0 -200 0 *
Ve
1.5e-07
-17.5 -25 201
0 0

0101101
*
Ed
 1.5e-07 1 1 0
1  144 0 -54.25 -4.25
2  290 52 0 -54.25 -4.25
2  291 60 0 -54.25 -4.25
0

0101000
+200 0 -198 0 *
Ed
 1e-07 1 1 0
1  145 0 1 3.5
2  292 52 0 1 3.5
2  293 55 0 1 3.5
0

0101000
+242 0 -198 0 *
Wi

0101100
-199 0 -197 0 +196 0 +241 0 *
Fa
0  1e-07 52 0

0101000
+195 0 *
Ve
1.5e-07
-17.5 25 237
0 0

0101101
*
Ed
 1.5e-07 1 1 0
1  146 0 5.25 41.25
2  294 53 0 5.25 41.25
2  295 60 0 5.25 41.25
0

0101000
+200 0 -193 0 *
Ed
 1e-07 1 1 0
1  147 0 1 3.5
2  296 53 0 1 3.5
2  297 54 0 1 3.5
0

0101000
+240 0 -193 0 *
Wi

0101100
-199 0 -192 0 +191 0 +239 0 *
Fa
0  1e-07 53 0

0101000
+190 0 *
Ve
1.5e-07
-17.5 -25 237
0 0

0101101
*
Ed
 1.5e-07 1 1 0
1  148 0 -54.25 -4.25
2  298 54 0 -54.25 -4.25
2  299 60 0 -54.25 -4.25
0

0101000
+193 0 -188 0 *
Ed
 1e-07 1 1 0
1  149 0 1 3.5
2  300 54 0 1 3.5
2  301 55 0 1 3.5
0

0101000
+238 0 -188 0 *
Wi

0101100
-191 0 -187 0 +186 0 +237 0 *
Fa
0  1e-07 54 0

0101000
+185 0 *
Ed
 1.5e-07 1 1 0
1  150 0 5.25 41.25
2  302 55 0 5.25 41.25
2  303 60 0 5.25 41.25
0

0101000
+198 0 -188 0 *
Wi

0101100
-196 0 -183 0 +186 0 +236 0 *
Fa
0  1e-07 55 0

0101000
+182 0 *
Ve
1e-07
15 -18 268
0 0

0101101
*
Ed
 1e-07 1 1 0
1  151 0 2 20
2  304 56 0 2 20
2  305 57 0 2 20
0

0101000
+210 0 -180 0 *
Ve
1e-07
-15 -18 268
0 0

0101101
*
Ed
 1e-07 1 1 0
1  152 0 0 30
2  306 56 0 0 30
2  307 61 0 0 30
0

0101000
-180 0 +178 0 *
Ed
 1e-07 1 1 0
1  153 0 2 20
2  308 56 0 2 20
2  309 59 0 2 20
0

0101000
+209 0 -178 0 *
Wi

0101100
-179 0 +177 0 +176 0 +208 0 *
Fa
0  1e-07 56 0

0101000
+175 0 *
Ve
1e-07
15 18 268
0 0

0101101
*
Ed
 1e-07 1 1 0
1  154 0 0 36
2  310 57 0 0 36
2  311 61 0 0 36
0

0101000
-173 0 +180 0 *
Ed
 1e-07 1 1 0
1  155 0 2 20
2  312 57 0 2 20
2  313 58 0 2 20
0

0101000
+207 0 -173 0 *
Wi

0101100
-179 0 +206 0 -172 0 +171 0 *
Ve
1.00000001776357e-07
15 9 264
0 0

0101101
*
Ed
 1e-07 1 1 0
1  156 0 0 6.28318530717959
2  314 57 0 0 6.28318530717959
2  315 62 0 0 6.28318530717959
0

0101100
+169 0 -169 0 *
Wi

0101100
-168 0 *
Ve
1.00000001776357e-07
15 -9 264
0 0

0101101
*
Ed
 1e-07 1 1 0
1  157 0 0 6.28318530717959
2  316 57 0 0 6.28318530717959
2  317 63 0 0 6.28318530717959
0

0101100
+166 0 -166 0 *
Wi

0101100
-165 0 *
Fa
0  1e-07 57 0

0101000
+170 0 +167 0 +164 0 *
Ve
1e-07
-15 18 268
0 0

0101101
*
Ed
 1e-07 1 1 0
1  158 0 0 30
2  318 58 0 0 30
2  319 61 0 0 30
0

0101000
-173 0 +162 0 *
Ed
 1e-07 1 1 0
1  159 0 2 20
2  320 58 0 2 20
2  321 59 0 2 20
0

0101000
+205 0 -162 0 *
Wi

0101100
-171 0 +161 0 +160 0 +204 0 *
Fa
0  1e-07 58 0

0101000
+159 0 *
Ed
 1e-07 1 1 0
1  160 0 0 36
2  322 59 0 0 36
2  323 61 0 0 36
0

0101000
-162 0 +178 0 *
Wi

0101100
-176 0 -157 0 +160 0 +203 0 *
Fa
0  1e-07 59 0

0101000
+156 0 *
Ve
1e-07
-17.5 -33.5 247.5
0 0

0101101
*
Ve
1e-07
-17.5 -33.5 190.5
0 0

0101101
*
Ed
 1e-07 1 1 0
1  161 0 0 57
2  324 60 0 0 57
2  325 64 0 0 57
0

0101000
-154 0 +153 0 *
Ve
1e-07
-17.5 33.5 247.5
0 0

0101101
*
Ed
 1e-07 1 1 0
1  162 0 0 67
2  326 60 0 0 67
2  327 65 0 0 67
0

0101000
-151 0 +154 0 *
Ve
1e-07
-17.5 33.5 190.5
0 0

0101101
*
Ed
 1e-07 1 1 0
1  163 0 0 67
2  328 60 0 0 67
2  329 66 0 0 67
0

0101000
-149 0 +153 0 *
Ed
 1e-07 1 1 0
1  164 0 0 57
2  330 60 0 0 57
2  331 67 0 0 57
0

0101000
-151 0 +149 0 *
Wi

0101100
-152 0 -150 0 +148 0 +147 0 *
Wi

0101100
+197 0 -192 0 -187 0 +183 0 *
Fa
0  1e-07 60 0

0101000
+146 0 +145 0 *
Wi

0101100
-157 0 -161 0 +172 0 +177 0 *
Fa
0  1e-07 61 0

0111000
+143 0 *
Ve
1e-07
8 9 264
0 0

0101101
*
Ed
 1e-07 1 1 0
1  165 0 0 7
3  332 333CN 62 0 0 7
0

0101000
+141 0 -169 0 *
Ed
 1e-07 1 1 0
1  166 0 0 6.28318530717959
2  334 62 0 0 6.28318530717959
2  335 68 0 0 6.28318530717959
0

0101000
+141 0 -141 0 *
Wi

0101100
-168 0 +140 0 +139 0 -140 0 *
Fa
0  1e-07 62 0

0101000
+138 0 *
Ve
1e-07
8 -9 264
0 0

0101101
*
Ed
 1e-07 1 1 0
1  167 0 0 7
3  336 337CN 63 0 0 7
0

0101000
+136 0 -166 0 *
Ed
 1e-07 1 1 0
1  168 0 0 6.28318530717959
2  338 63 0 0 6.28318530717959
2  339 69 0 0 6.28318530717959
0

0101000
+136 0 -136 0 *
Wi

0101100
-165 0 +135 0 +134 0 -135 0 *
Fa
0  1e-07 63 0

0101000
+133 0 *
Ve
1e-07
17.5 -33.5 190.5
0 0

0101101
*
Ed
 1e-07 1 1 0
1  169 0 0 35
2  340 64 0 0 35
2  341 66 0 0 35
0

0101000
-131 0 +153 0 *
Ve
1e-07
17.5 -33.5 247.5
0 0

0101101
*
Ed
 1e-07 1 1 0
1  170 0 0 57
2  342 64 0 0 57
2  343 70 0 0 57
0

0101000
-129 0 +131 0 *
Ed
 1e-07 1 1 0
1  171 0 0 35
2  344 64 0 0 35
2  345 65 0 0 35
0

0101000
-129 0 +154 0 *
Wi

0101100
-130 0 -128 0 +127 0 +152 0 *
Fa
0  1e-07 64 0

0111000
+126 0 *
Ve
1e-07
17.5 33.5 247.5
0 0

0101101
*
Ed
 1e-07 1 1 0
1  172 0 0 35
2  346 65 0 0 35
2  347 67 0 0 35
0

0101000
-124 0 +151 0 *
Ed
 1e-07 1 1 0
1  173 0 0 67
2  348 65 0 0 67
2  349 70 0 0 67
0

0101000
-124 0 +129 0 *
Wi

0101100
-150 0 -123 0 +122 0 +127 0 *
Fa
0  1e-07 65 0

0111000
+121 0 *
Ve
1e-07
17.5 33.5 190.5
0 0

0101101
*
Ed
 1e-07 1 1 0
1  174 0 0 35
2  350 66 0 0 35
2  351 67 0 0 35
0

0101000
-119 0 +149 0 *
Ed
 1e-07 1 1 0
1  175 0 0 67
2  352 66 0 0 67
2  353 70 0 0 67
0

0101000
-119 0 +131 0 *
Wi

0101100
-148 0 -118 0 +117 0 +130 0 *
Fa
0  1e-07 66 0

0111000
+116 0 *
Ed
 1e-07 1 1 0
1  176 0 0 57
2  354 67 0 0 57
2  355 70 0 0 57
0

0101000
-124 0 +119 0 *
Wi

0101100
-118 0 -114 0 +123 0 +147 0 *
Fa
0  1e-07 67 0

0111000
+113 0 *
Wi

0101100
-139 0 *
Fa
0  1e-07 68 0

0111000
-111 0 *
Wi

0101100
-134 0 *
Fa
0  1e-07 69 0

0111000
-109 0 *
Wi

0101100
-128 0 -122 0 +114 0 +117 0 *
Fa
0  1e-07 70 0

0111000
+107 0 *
Sh

0101100
-551 0 +529 0 +522 0 -515 0 -511 0 +509 0 -502 0 +497 0 +490 0 +430 0 
-423 0 +420 0 +417 0 +414 0 +395 0 +378 0 +374 0 -369 0 -366 0 -354 0 
-349 0 +344 0 +341 0 +326 0 -321 0 -316 0 +311 0 -308 0 -304 0 -299 0 
-294 0 -289 0 -284 0 -279 0 -276 0 -273 0 -270 0 -267 0 -264 0 -261 0 
-258 0 +255 0 -252 0 -250 0 -234 0 +229 0 -224 0 +221 0 +214 0 +212 0 
+201 0 +194 0 -189 0 -184 0 +181 0 -174 0 +163 0 +158 0 -155 0 +144 0 
+142 0 -137 0 -132 0 +125 0 -120 0 +115 0 -112 0 +110 0 +108 0 -106 0 
*
So

0100000
+105 0 *
Ve
1e-07
-12.7 -31.25 196
0 0

0101101
*
Ve
1e-07
-12.7 -31.25 193
0 0

0101101
*
Ed
 1e-07 1 1 0
1  177 0 0 3
2  356 71 0 0 3
2  357 72 0 0 3
0

0101000
-103 0 +102 0 *
Ve
1e-07
-12.7 31.25 196
0 0

0101101
*
Ed
 1e-07 1 1 0
1  178 0 0 62.5
2  358 71 0 0 62.5
2  359 73 0 0 62.5
0

0101000
-100 0 +103 0 *
Ve
1e-07
-12.7 31.25 193
0 0

0101101
*
Ed
 1e-07 1 1 0
1  179 0 0 3
2  360 71 0 0 3
2  361 74 0 0 3
0

0101000
-100 0 +98 0 *
Ed
 1e-07 1 1 0
1  180 0 0 62.5
2  362 71 0 0 62.5
2  363 75 0 0 62.5
0

0101000
-98 0 +102 0 *
Wi

0101100
-101 0 -99 0 +97 0 +96 0 *
Fa
0  1e-07 71 0

0111000
+95 0 *
Ve
1e-07
12.7 -31.25 196
0 0

0101101
*
Ve
1e-07
12.7 -31.25 193
0 0

0101101
*
Ed
 1e-07 1 1 0
1  181 0 0 3
2  364 76 0 0 3
2  365 72 0 0 3
0

0101000
-93 0 +92 0 *
Ve
1e-07
12.7 31.25 196
0 0

0101101
*
Ed
 1e-07 1 1 0
1  182 0 0 62.5
2  366 76 0 0 62.5
2  367 73 0 0 62.5
0

0101000
-90 0 +93 0 *
Ve
1e-07
12.7 31.25 193
0 0

0101101
*
Ed
 1e-07 1 1 0
1  183 0 0 3
2  368 76 0 0 3
2  369 74 0 0 3
0

0101000
-90 0 +88 0 *
Ed
 1e-07 1 1 0
1  184 0 0 62.5
2  370 76 0 0 62.5
2  371 75 0 0 62.5
0

0101000
-88 0 +92 0 *
Wi

0101100
-91 0 -89 0 +87 0 +86 0 *
Fa
0  1e-07 76 0

0111000
+85 0 *
Ed
 1e-07 1 1 0
1  185 0 0 25.4
2  372 72 0 0 25.4
2  373 75 0 0 25.4
0

0101000
-92 0 +102 0 *
Ed
 1e-07 1 1 0
1  186 0 0 25.4
2  374 72 0 0 25.4
2  375 73 0 0 25.4
0

0101000
-93 0 +103 0 *
Wi

0101100
-83 0 -91 0 +82 0 +101 0 *
Fa
0  1e-07 72 0

0111000
+81 0 *
Ed
 1e-07 1 1 0
1  187 0 0 25.4
2  376 74 0 0 25.4
2  377 75 0 0 25.4
0

0101000
-88 0 +98 0 *
Ed
 1e-07 1 1 0
1  188 0 0 25.4
2  378 74 0 0 25.4
2  379 73 0 0 25.4
0

0101000
-90 0 +100 0 *
Wi

0101100
-79 0 -87 0 +78 0 +97 0 *
Fa
0  1e-07 74 0

0111000
+77 0 *
Wi

0101100
-96 0 -79 0 +86 0 +83 0 *
Fa
0  1e-07 75 0

0111000
+75 0 *
Wi

0101100
-99 0 -78 0 +89 0 +82 0 *
Fa
0  1e-07 73 0

0111000
+73 0 *
Sh

0101100
-94 0 +84 0 -80 0 +76 0 -74 0 +72 0 *
So

0100000
+71 0 *
Ve
1e-07
-12.7 -31.5 206
0 0

0101101
*
Ve
1e-07
-12.7 -31.5 201
0 0

0101101
*
Ed
 1e-07 1 1 0
1  189 0 0 5
2  380 77 0 0 5
2  381 78 0 0 5
0

0101000
-69 0 +68 0 *
Ve
1e-07
-12.7 31.5 206
0 0

0101101
*
Ed
 1e-07 1 1 0
1  190 0 0 63
2  382 77 0 0 63
2  383 79 0 0 63
0

0101000
-66 0 +69 0 *
Ve
1e-07
-12.7 31.5 201
0 0

0101101
*
Ed
 1e-07 1 1 0
1  191 0 0 5
2  384 77 0 0 5
2  385 80 0 0 5
0

0101000
-66 0 +64 0 *
Ed
 1e-07 1 1 0
1  192 0 0 63
2  386 77 0 0 63
2  387 81 0 0 63
0

0101000
-64 0 +68 0 *
Wi

0101100
-67 0 -65 0 +63 0 +62 0 *
Fa
0  1e-07 77 0

0111000
+61 0 *
Ve
1e-07
12.7 -31.5 206
0 0

0101101
*
Ve
1e-07
12.7 -31.5 201
0 0

0101101
*
Ed
 1e-07 1 1 0
1  193 0 0 5
2  388 82 0 0 5
2  389 78 0 0 5
0

0101000
-59 0 +58 0 *
Ve
1e-07
12.7 31.5 206
0 0

0101101
*
Ed
 1e-07 1 1 0
1  194 0 0 63
2  390 82 0 0 63
2  391 79 0 0 63
0

0101000
-56 0 +59 0 *
Ve
1e-07
12.7 31.5 201
0 0

0101101
*
Ed
 1e-07 1 1 0
1  195 0 0 5
2  392 82 0 0 5
2  393 80 0 0 5
0

0101000
-56 0 +54 0 *
Ed
 1e-07 1 1 0
1  196 0 0 63
2  394 82 0 0 63
2  395 81 0 0 63
0

0101000
-54 0 +58 0 *
Wi

0101100
-57 0 -55 0 +53 0 +52 0 *
Fa
0  1e-07 82 0

0111000
+51 0 *
Ed
 1e-07 1 1 0
1  197 0 0 25.4
2  396 78 0 0 25.4
2  397 81 0 0 25.4
0

0101000
-58 0 +68 0 *
Ed
 1e-07 1 1 0
1  198 0 0 25.4
2  398 78 0 0 25.4
2  399 79 0 0 25.4
0

0101000
-59 0 +69 0 *
Wi

0101100
-49 0 -57 0 +48 0 +67 0 *
Fa
0  1e-07 78 0

0111000
+47 0 *
Ed
 1e-07 1 1 0
1  199 0 0 25.4
2  400 80 0 0 25.4
2  401 81 0 0 25.4
0

0101000
-54 0 +64 0 *
Ed
 1e-07 1 1 0
1  200 0 0 25.4
2  402 80 0 0 25.4
2  403 79 0 0 25.4
0

0101000
-56 0 +66 0 *
Wi

0101100
-45 0 -53 0 +44 0 +63 0 *
Fa
0  1e-07 80 0

0111000
+43 0 *
Wi

0101100
-62 0 -45 0 +52 0 +49 0 *
Fa
0  1e-07 81 0

0111000
+41 0 *
Wi

0101100
-65 0 -44 0 +55 0 +48 0 *
Fa
0  1e-07 79 0

0111000
+39 0 *
Sh

0101100
-60 0 +50 0 -46 0 +42 0 -40 0 +38 0 *
So

0100000
+37 0 *
Ve
1e-07
-15 -27.5 230
0 0

0101101
*
Ve
1e-07
-15 -27.5 215
0 0

0101101
*
Ed
 1e-07 1 1 0
1  201 0 0 15
2  404 83 0 0 15
2  405 84 0 0 15
0

0101000
-35 0 +34 0 *
Ve
1e-07
-15 27.5 230
0 0

0101101
*
Ed
 1e-07 1 1 0
1  202 0 0 55
2  406 83 0 0 55
2  407 85 0 0 55
0

0101000
-32 0 +35 0 *
Ve
1e-07
-15 27.5 215
0 0

0101101
*
Ed
 1e-07 1 1 0
1  203 0 0 15
2  408 83 0 0 15
2  409 86 0 0 15
0

0101000
-32 0 +30 0 *
Ed
 1e-07 1 1 0
1  204 0 0 55
2  410 83 0 0 55
2  411 87 0 0 55
0

0101000
-30 0 +34 0 *
Wi

0101100
-33 0 -31 0 +29 0 +28 0 *
Fa
0  1e-07 83 0

0111000
+27 0 *
Ve
1e-07
15 -27.5 230
0 0

0101101
*
Ve
1e-07
15 -27.5 215
0 0

0101101
*
Ed
 1e-07 1 1 0
1  205 0 0 15
2  412 88 0 0 15
2  413 84 0 0 15
0

0101000
-25 0 +24 0 *
Ve
1e-07
15 27.5 230
0 0

0101101
*
Ed
 1e-07 1 1 0
1  206 0 0 55
2  414 88 0 0 55
2  415 85 0 0 55
0

0101000
-22 0 +25 0 *
Ve
1e-07
15 27.5 215
0 0

0101101
*
Ed
 1e-07 1 1 0
1  207 0 0 15
2  416 88 0 0 15
2  417 86 0 0 15
0

0101000
-22 0 +20 0 *
Ed
 1e-07 1 1 0
1  208 0 0 55
2  418 88 0 0 55
2  419 87 0 0 55
0

0101000
-20 0 +24 0 *
Wi

0101100
-23 0 -21 0 +19 0 +18 0 *
Fa
0  1e-07 88 0

0111000
+17 0 *
Ed
 1e-07 1 1 0
1  209 0 0 30
2  420 84 0 0 30
2  421 87 0 0 30
0

0101000
-24 0 +34 0 *
Ed
 1e-07 1 1 0
1  210 0 0 30
2  422 84 0 0 30
2  423 85 0 0 30
0

0101000
-25 0 +35 0 *
Wi

0101100
-15 0 -23 0 +14 0 +33 0 *
Fa
0  1e-07 84 0

0111000
+13 0 *
Ed
 1e-07 1 1 0
1  211 0 0 30
2  424 86 0 0 30
2  425 87 0 0 30
0

0101000
-20 0 +30 0 *
Ed
 1e-07 1 1 0
1  212 0 0 30
2  426 86 0 0 30
2  427 85 0 0 30
0

0101000
-22 0 +32 0 *
Wi

0101100
-11 0 -19 0 +10 0 +29 0 *
Fa
0  1e-07 86 0

0111000
+9 0 *
Wi

0101100
-28 0 -11 0 +18 0 +15 0 *
Fa
0  1e-07 87 0

0111000
+7 0 *
Wi

0101100
-31 0 -10 0 +21 0 +14 0 *
Fa
0  1e-07 85 0

0111000
+5 0 *
Sh

0101100
-26 0 +16 0 -12 0 +8 0 -6 0 +4 0 *
So

0100000
+3 0 *
Co

1100000
+104 0 +70 0 +36 0 +2 0 *

+1 1 